{"type":"FeatureCollection","features":[{"type":"Feature","properties":{"cvegeo":"14002","nombre":"Acatlán de Juárez"},"geometry":{"type":"Polygon","coordinates":[[[-103.65416,20.50454],[-103.65599,20.50569],[-103.65684,20.50296],[-103.66002,20.50473],[-103.66068,20.50274],[-103.66191,20.50292],[-103.66222,20.50174],[-103.66439,20.5022],[-103.66478,20.50095],[-103.66572,20.50131],[-103.66579,20.5001],[-103.66934,20.50073],[-103.67091,20.49979],[-103.67941,20.49948],[-103.68107,20.49999],[-103.68397,20.49961],[-103.686,20.5012],[-103.68694,20.49704],[-103.68682,20.48016],[-103.68815,20.47768],[-103.68713,20.47667],[-103.68705,20.47596],[-103.68838,20.47434],[-103.68752,20.47279],[-103.68842,20.47236],[-103.68783,20.46994],[-103.68638,20.46804],[-103.68726,20.46683],[-103.68749,20.4655],[-103.68646,20.4639],[-103.68411,20.46428],[-103.68457,20.46373],[-103.68402,20.46205],[-103.68328,20.46201],[-103.68164,20.46006],[-103.68132,20.45848],[-103.68218,20.45645],[-103.68184,20.45516],[-103.6825,20.45324],[-103.68251,20.45234],[-103.68178,20.45114],[-103.68198,20.44957],[-103.6772,20.44329],[-103.6751,20.43564],[-103.67093,20.43264],[-103.66806,20.42907],[-103.66406,20.42707],[-103.65955,20.42273],[-103.65902,20.42332],[-103.65843,20.42317],[-103.65873,20.42435],[-103.65743,20.42605],[-103.65609,20.42519],[-103.65664,20.42406],[-103.65528,20.41987],[-103.65316,20.42238],[-103.65297,20.42327],[-103.65092,20.42363],[-103.6512,20.42515],[-103.65061,20.42485],[-103.65086,20.42447],[-103.64971,20.42489],[-103.65005,20.42298],[-103.64838,20.42212],[-103.64754,20.42026],[-103.64801,20.42036],[-103.64741,20.41993],[-103.64764,20.41557],[-103.64415,20.41504],[-103.64444,20.41116],[-103.64183,20.41123],[-103.62443,20.41739],[-103.62513,20.41814],[-103.62175,20.41828],[-103.62136,20.41785],[-103.62164,20.41681],[-103.62315,20.41645],[-103.62265,20.41606],[-103.62493,20.41054],[-103.62981,20.40921],[-103.62895,20.40332],[-103.62175,20.38248],[-103.62026,20.38304],[-103.62091,20.38486],[-103.61861,20.38557],[-103.61816,20.38344],[-103.61612,20.38427],[-103.61564,20.38343],[-103.6135,20.38349],[-103.61299,20.33433],[-103.59377,20.33761],[-103.59165,20.33247],[-103.59066,20.33234],[-103.59148,20.34927],[-103.58021,20.34968],[-103.58011,20.3479],[-103.57947,20.34692],[-103.56716,20.34073],[-103.55332,20.34613],[-103.55034,20.34825],[-103.54044,20.3517],[-103.54429,20.36311],[-103.5457,20.36536],[-103.54779,20.37152],[-103.54745,20.37269],[-103.54567,20.37442],[-103.54534,20.37558],[-103.54585,20.37832],[-103.54668,20.37955],[-103.54552,20.38129],[-103.54211,20.38312],[-103.54032,20.38643],[-103.541,20.3874],[-103.54097,20.38848],[-103.54342,20.39182],[-103.54352,20.39275],[-103.5464,20.39431],[-103.54572,20.39515],[-103.54402,20.39457],[-103.54253,20.39619],[-103.54692,20.40001],[-103.54795,20.40225],[-103.54831,20.40432],[-103.54784,20.40282],[-103.53626,20.40593],[-103.53662,20.40852],[-103.53989,20.40678],[-103.54132,20.40843],[-103.54335,20.40862],[-103.54204,20.41063],[-103.54285,20.41112],[-103.54859,20.40652],[-103.54857,20.40732],[-103.54612,20.41074],[-103.54745,20.41481],[-103.54852,20.41721],[-103.55219,20.42283],[-103.55452,20.43152],[-103.5563,20.43361],[-103.55663,20.43567],[-103.55872,20.44049],[-103.55943,20.44153],[-103.56019,20.44143],[-103.5616,20.44737],[-103.56306,20.44706],[-103.56489,20.44995],[-103.56578,20.45001],[-103.56616,20.45302],[-103.56724,20.45589],[-103.56879,20.45693],[-103.56845,20.45845],[-103.57034,20.45856],[-103.56915,20.46129],[-103.56943,20.46273],[-103.57769,20.47165],[-103.58039,20.47354],[-103.58175,20.47394],[-103.58736,20.48089],[-103.58896,20.48076],[-103.59104,20.48197],[-103.59232,20.48216],[-103.59372,20.48332],[-103.59516,20.4828],[-103.59643,20.48418],[-103.59697,20.48226],[-103.59787,20.48335],[-103.59879,20.48286],[-103.6055,20.48726],[-103.6083,20.48678],[-103.61445,20.48828],[-103.61507,20.4864],[-103.6197,20.48609],[-103.61989,20.48483],[-103.62114,20.48495],[-103.62139,20.48381],[-103.62454,20.48421],[-103.62725,20.48382],[-103.62959,20.48575],[-103.6304,20.4851],[-103.6307,20.48655],[-103.6341,20.4884],[-103.63519,20.4896],[-103.63706,20.48827],[-103.63845,20.49195],[-103.63826,20.4937],[-103.63742,20.49457],[-103.64391,20.49669],[-103.64644,20.49874],[-103.65448,20.50346],[-103.65416,20.50454]]]}},{"type":"Feature","properties":{"cvegeo":"14070","nombre":"El Salto"},"geometry":{"type":"Polygon","coordinates":[[[-103.31882,20.58502],[-103.33016,20.57811],[-103.33162,20.57826],[-103.33324,20.573],[-103.33198,20.55599],[-103.33001,20.54815],[-103.3242,20.54722],[-103.31989,20.54987],[-103.31892,20.54866],[-103.31691,20.54753],[-103.31728,20.54539],[-103.31631,20.54498],[-103.31633,20.5444],[-103.31474,20.54399],[-103.31476,20.5434],[-103.31322,20.54281],[-103.31293,20.54228],[-103.3088,20.54202],[-103.30649,20.54091],[-103.30233,20.54014],[-103.30204,20.53954],[-103.30107,20.53975],[-103.29691,20.53788],[-103.29486,20.53819],[-103.29496,20.53711],[-103.29414,20.53611],[-103.28895,20.53507],[-103.2864,20.53306],[-103.28549,20.5332],[-103.28449,20.53269],[-103.28478,20.53116],[-103.2841,20.52963],[-103.28576,20.52955],[-103.28562,20.52686],[-103.28436,20.52698],[-103.28274,20.52896],[-103.27825,20.52774],[-103.27603,20.52876],[-103.27424,20.52851],[-103.27195,20.52955],[-103.27081,20.52945],[-103.2704,20.52875],[-103.27127,20.52724],[-103.27128,20.5263],[-103.26935,20.52342],[-103.26892,20.52163],[-103.26734,20.51995],[-103.26776,20.51953],[-103.26554,20.51749],[-103.26453,20.51543],[-103.26537,20.51497],[-103.26504,20.51157],[-103.26576,20.511],[-103.26688,20.5085],[-103.26581,20.50765],[-103.26214,20.50846],[-103.2583,20.51193],[-103.2571,20.51228],[-103.25463,20.51193],[-103.25328,20.51051],[-103.25352,20.50971],[-103.25258,20.50976],[-103.25254,20.50892],[-103.25229,20.50964],[-103.25112,20.50893],[-103.25118,20.50826],[-103.24877,20.50795],[-103.24687,20.50679],[-103.24466,20.49634],[-103.24372,20.49499],[-103.24208,20.49539],[-103.24089,20.49401],[-103.23996,20.49465],[-103.23812,20.49423],[-103.23716,20.49323],[-103.2363,20.49312],[-103.23558,20.49337],[-103.23536,20.4942],[-103.23376,20.49486],[-103.23378,20.49628],[-103.23333,20.49672],[-103.23024,20.49655],[-103.22584,20.49807],[-103.22489,20.49749],[-103.2225,20.49791],[-103.22201,20.49759],[-103.22173,20.49608],[-103.22122,20.49596],[-103.21816,20.4981],[-103.2168,20.49785],[-103.21694,20.49829],[-103.21594,20.49885],[-103.21443,20.49867],[-103.21412,20.49788],[-103.21201,20.49828],[-103.21011,20.49652],[-103.20889,20.49718],[-103.20911,20.49794],[-103.20781,20.49809],[-103.20784,20.49753],[-103.20503,20.4972],[-103.20453,20.49564],[-103.20419,20.49657],[-103.20248,20.49706],[-103.20109,20.49705],[-103.19978,20.49587],[-103.19839,20.49666],[-103.19804,20.49631],[-103.19058,20.50288],[-103.18778,20.50398],[-103.18514,20.50363],[-103.1837,20.50229],[-103.18202,20.50175],[-103.17943,20.50221],[-103.17772,20.502],[-103.1764,20.50258],[-103.17574,20.50342],[-103.17556,20.50467],[-103.17378,20.50813],[-103.17345,20.5125],[-103.17606,20.51339],[-103.17403,20.5151],[-103.17434,20.51678],[-103.1734,20.51628],[-103.17216,20.51828],[-103.1717,20.52053],[-103.16954,20.52297],[-103.16961,20.52466],[-103.17031,20.52625],[-103.16937,20.52704],[-103.16883,20.52989],[-103.16995,20.5318],[-103.1788,20.53134],[-103.18122,20.53396],[-103.18023,20.53713],[-103.18131,20.53961],[-103.18317,20.54926],[-103.18432,20.55084],[-103.18422,20.55412],[-103.18583,20.56451],[-103.19481,20.56446],[-103.2062,20.56625],[-103.20674,20.56378],[-103.20838,20.56377],[-103.20894,20.56335],[-103.21035,20.56419],[-103.21333,20.5648],[-103.21392,20.56249],[-103.21422,20.55508],[-103.21496,20.55251],[-103.22915,20.55849],[-103.23095,20.55754],[-103.23171,20.5581],[-103.23099,20.55925],[-103.23843,20.56241],[-103.26769,20.5668],[-103.26675,20.56969],[-103.28319,20.57041],[-103.28419,20.57974],[-103.286,20.57983],[-103.28658,20.57328],[-103.29003,20.5744],[-103.2885,20.57994],[-103.29744,20.58008],[-103.30408,20.581],[-103.30544,20.58075],[-103.306,20.57678],[-103.30947,20.57722],[-103.31222,20.5747],[-103.31275,20.57549],[-103.3143,20.57565],[-103.31882,20.58502]]]}},{"type":"Feature","properties":{"cvegeo":"14039","nombre":"Guadalajara"},"geometry":{"type":"Polygon","coordinates":[[[-103.31234,20.75264],[-103.31362,20.75053],[-103.31484,20.75055],[-103.31685,20.74964],[-103.31722,20.74881],[-103.31891,20.74857],[-103.31997,20.74742],[-103.32158,20.74772],[-103.32263,20.74662],[-103.32339,20.74666],[-103.32628,20.74491],[-103.32712,20.74246],[-103.32642,20.74142],[-103.32656,20.74012],[-103.32556,20.73748],[-103.3265,20.73643],[-103.3267,20.73545],[-103.32793,20.73517],[-103.32873,20.7342],[-103.33,20.72951],[-103.33133,20.72823],[-103.33281,20.72776],[-103.33435,20.72827],[-103.33478,20.72801],[-103.33484,20.72616],[-103.33565,20.72532],[-103.34109,20.72309],[-103.34154,20.72014],[-103.3431,20.71919],[-103.34326,20.71826],[-103.34407,20.71757],[-103.34418,20.7159],[-103.34738,20.71725],[-103.35321,20.71533],[-103.35631,20.7156],[-103.35864,20.71404],[-103.36206,20.71295],[-103.36659,20.71301],[-103.37124,20.71398],[-103.3746,20.71315],[-103.37549,20.71254],[-103.375,20.7122],[-103.37559,20.71193],[-103.38035,20.7112],[-103.38068,20.71166],[-103.39017,20.70977],[-103.39155,20.70982],[-103.39573,20.71229],[-103.40045,20.71111],[-103.40351,20.71141],[-103.40542,20.71223],[-103.4066,20.7114],[-103.40703,20.70971],[-103.40253,20.70387],[-103.40313,20.70194],[-103.40196,20.70104],[-103.40179,20.69948],[-103.39948,20.69915],[-103.39969,20.69801],[-103.40139,20.69646],[-103.4011,20.69601],[-103.40256,20.69511],[-103.4023,20.69422],[-103.40508,20.69255],[-103.40321,20.69113],[-103.39945,20.69185],[-103.39818,20.69072],[-103.40042,20.68756],[-103.40128,20.68705],[-103.40081,20.6817],[-103.40225,20.68127],[-103.40366,20.68156],[-103.40367,20.67792],[-103.40248,20.67812],[-103.4027,20.67487],[-103.39996,20.67443],[-103.39998,20.67143],[-103.40283,20.66737],[-103.40211,20.6664],[-103.40258,20.66573],[-103.40166,20.66363],[-103.39957,20.66096],[-103.39733,20.65944],[-103.39887,20.65709],[-103.39356,20.65485],[-103.3939,20.65465],[-103.39353,20.65387],[-103.39926,20.65053],[-103.39842,20.64921],[-103.3983,20.64679],[-103.39986,20.64288],[-103.39785,20.64182],[-103.3951,20.64223],[-103.39711,20.63779],[-103.3967,20.6366],[-103.3958,20.63589],[-103.39603,20.63498],[-103.3965,20.63509],[-103.39703,20.63378],[-103.39913,20.62623],[-103.3899,20.62084],[-103.39625,20.61307],[-103.39449,20.61146],[-103.39415,20.61225],[-103.39265,20.61203],[-103.38939,20.61297],[-103.38936,20.61198],[-103.38795,20.61082],[-103.38907,20.60731],[-103.38821,20.60695],[-103.38938,20.60481],[-103.38737,20.60367],[-103.38406,20.61127],[-103.38086,20.60986],[-103.37754,20.6091],[-103.37716,20.61002],[-103.37618,20.60959],[-103.37526,20.61287],[-103.37028,20.61164],[-103.37035,20.61126],[-103.36878,20.61065],[-103.36858,20.61122],[-103.36805,20.61094],[-103.36764,20.61227],[-103.36729,20.61196],[-103.36681,20.6125],[-103.36581,20.6154],[-103.35395,20.61378],[-103.35312,20.61415],[-103.35234,20.6153],[-103.35057,20.61417],[-103.35029,20.61279],[-103.34705,20.61092],[-103.34645,20.60835],[-103.34034,20.60935],[-103.33978,20.6147],[-103.33588,20.61298],[-103.33006,20.61886],[-103.32967,20.6206],[-103.33281,20.62223],[-103.33251,20.62327],[-103.33156,20.62395],[-103.33107,20.62537],[-103.32913,20.62801],[-103.32678,20.62655],[-103.3247,20.62631],[-103.32092,20.6308],[-103.31981,20.63281],[-103.31979,20.63841],[-103.31873,20.63842],[-103.31874,20.64142],[-103.31911,20.64172],[-103.31788,20.64254],[-103.32069,20.64632],[-103.31678,20.64555],[-103.31641,20.64674],[-103.31287,20.64552],[-103.31161,20.64618],[-103.31091,20.64593],[-103.31159,20.64424],[-103.29058,20.64193],[-103.29046,20.64284],[-103.28967,20.64276],[-103.28938,20.64201],[-103.28889,20.64195],[-103.28899,20.64096],[-103.28746,20.64087],[-103.28739,20.64151],[-103.28067,20.6411],[-103.27786,20.64375],[-103.2754,20.64417],[-103.27284,20.64599],[-103.26966,20.64514],[-103.27083,20.6473],[-103.27064,20.64805],[-103.27012,20.64795],[-103.27029,20.64891],[-103.26907,20.65321],[-103.2674,20.65528],[-103.26813,20.66],[-103.26771,20.66405],[-103.26559,20.66702],[-103.26408,20.66774],[-103.26376,20.66849],[-103.2647,20.67545],[-103.26582,20.67744],[-103.26729,20.67647],[-103.26798,20.67805],[-103.26725,20.67979],[-103.26738,20.68128],[-103.26645,20.68186],[-103.26757,20.68208],[-103.26889,20.68595],[-103.26898,20.68777],[-103.27065,20.6902],[-103.27042,20.69389],[-103.26998,20.69365],[-103.26978,20.6946],[-103.27051,20.69568],[-103.2705,20.69642],[-103.26996,20.69689],[-103.27015,20.69773],[-103.26909,20.69882],[-103.26895,20.70029],[-103.26845,20.70038],[-103.26867,20.70164],[-103.26806,20.7023],[-103.2684,20.70283],[-103.26732,20.70323],[-103.26742,20.70418],[-103.26672,20.7044],[-103.26583,20.7056],[-103.26835,20.70702],[-103.26979,20.70707],[-103.27369,20.71093],[-103.27427,20.7109],[-103.27655,20.71398],[-103.27687,20.7154],[-103.27635,20.71623],[-103.27673,20.71693],[-103.27786,20.71731],[-103.28061,20.72004],[-103.2797,20.7232],[-103.28027,20.72612],[-103.28326,20.73031],[-103.28444,20.73111],[-103.28599,20.73665],[-103.28694,20.73806],[-103.28862,20.73889],[-103.29141,20.739],[-103.29263,20.73959],[-103.2944,20.74148],[-103.29543,20.74155],[-103.30456,20.74592],[-103.31164,20.75098],[-103.31234,20.75264]]]}},{"type":"Feature","properties":{"cvegeo":"14044","nombre":"Ixtlahuacán de los Membrillos"},"geometry":{"type":"Polygon","coordinates":[[[-103.21001,20.47872],[-103.21056,20.48024],[-103.21145,20.48016],[-103.21122,20.47874],[-103.21184,20.47743],[-103.21546,20.47525],[-103.21802,20.47537],[-103.21921,20.47279],[-103.2202,20.47182],[-103.21934,20.46926],[-103.22015,20.46839],[-103.22149,20.46853],[-103.22298,20.46785],[-103.22479,20.46821],[-103.22631,20.46756],[-103.21863,20.45678],[-103.24903,20.45149],[-103.24072,20.43175],[-103.2464,20.43014],[-103.25231,20.43008],[-103.25513,20.42896],[-103.25603,20.43276],[-103.25616,20.43626],[-103.26109,20.44189],[-103.26116,20.43825],[-103.26189,20.43491],[-103.25979,20.43238],[-103.25863,20.43199],[-103.25793,20.43112],[-103.25798,20.42989],[-103.26031,20.42886],[-103.26216,20.42579],[-103.2622,20.42004],[-103.2656,20.41765],[-103.27291,20.41463],[-103.27755,20.41203],[-103.27846,20.4101],[-103.28156,20.40842],[-103.28223,20.407],[-103.28314,20.40871],[-103.28357,20.40787],[-103.2878,20.40478],[-103.28733,20.40282],[-103.28885,20.40071],[-103.28826,20.39946],[-103.2896,20.39916],[-103.29075,20.39772],[-103.29305,20.39711],[-103.29573,20.39767],[-103.29719,20.39663],[-103.29773,20.39358],[-103.29836,20.39289],[-103.29841,20.39123],[-103.29901,20.39028],[-103.29796,20.38843],[-103.29794,20.38713],[-103.29619,20.38259],[-103.29544,20.37924],[-103.29689,20.37612],[-103.29432,20.37564],[-103.29431,20.36942],[-103.28996,20.36928],[-103.28999,20.3661],[-103.28912,20.36213],[-103.2902,20.3619],[-103.29141,20.35893],[-103.29299,20.35688],[-103.29485,20.35659],[-103.29505,20.35585],[-103.29405,20.35419],[-103.29296,20.35338],[-103.29287,20.35259],[-103.29133,20.35139],[-103.28977,20.3486],[-103.28923,20.34393],[-103.28999,20.3429],[-103.28863,20.33932],[-103.28807,20.33571],[-103.28713,20.33482],[-103.28632,20.33274],[-103.28438,20.33366],[-103.28428,20.33586],[-103.28365,20.33732],[-103.28228,20.33828],[-103.27997,20.33856],[-103.27168,20.34163],[-103.26592,20.34096],[-103.26291,20.3397],[-103.2605,20.34038],[-103.25405,20.33821],[-103.25121,20.33779],[-103.24894,20.33677],[-103.24573,20.33776],[-103.24491,20.33911],[-103.24375,20.33922],[-103.23928,20.33924],[-103.23753,20.33848],[-103.23053,20.33797],[-103.21996,20.33462],[-103.21729,20.33444],[-103.21561,20.33279],[-103.21331,20.33208],[-103.20642,20.3278],[-103.20615,20.32953],[-103.20169,20.32807],[-103.1997,20.3289],[-103.19535,20.32576],[-103.19274,20.32664],[-103.18472,20.32726],[-103.18402,20.32783],[-103.18348,20.32973],[-103.1834,20.33193],[-103.1845,20.33384],[-103.1842,20.33489],[-103.18249,20.3345],[-103.17834,20.33506],[-103.17829,20.3364],[-103.17773,20.33665],[-103.177,20.33628],[-103.1764,20.33423],[-103.17398,20.33234],[-103.17228,20.33313],[-103.17113,20.33431],[-103.16891,20.33457],[-103.16893,20.33582],[-103.15811,20.33654],[-103.15729,20.33695],[-103.15678,20.33955],[-103.15707,20.34389],[-103.15447,20.34358],[-103.15342,20.34195],[-103.14635,20.33579],[-103.13914,20.34533],[-103.13391,20.34883],[-103.12561,20.36115],[-103.12593,20.36243],[-103.12561,20.36293],[-103.12716,20.36859],[-103.12662,20.37047],[-103.12736,20.37116],[-103.12719,20.37552],[-103.12665,20.37558],[-103.12586,20.38194],[-103.12756,20.38212],[-103.12727,20.38691],[-103.13294,20.38692],[-103.13509,20.38807],[-103.13663,20.38831],[-103.13523,20.39444],[-103.13445,20.39405],[-103.13427,20.39542],[-103.13246,20.39405],[-103.13129,20.39495],[-103.13014,20.39687],[-103.12484,20.3956],[-103.1246,20.39436],[-103.12353,20.39419],[-103.12381,20.39515],[-103.12496,20.39614],[-103.12401,20.39875],[-103.12312,20.39898],[-103.12182,20.39788],[-103.1211,20.39821],[-103.1208,20.399],[-103.12193,20.40078],[-103.12311,20.40118],[-103.1215,20.40624],[-103.12722,20.41013],[-103.12915,20.41186],[-103.12882,20.41265],[-103.13922,20.41826],[-103.14323,20.42291],[-103.14458,20.42557],[-103.14529,20.42926],[-103.1448,20.43414],[-103.14353,20.43932],[-103.14414,20.44308],[-103.16013,20.45361],[-103.1632,20.45506],[-103.16522,20.45534],[-103.16833,20.45325],[-103.17209,20.45307],[-103.19096,20.4556],[-103.19963,20.4589],[-103.20219,20.46086],[-103.20316,20.46226],[-103.20408,20.46405],[-103.20636,20.47355],[-103.20756,20.47596],[-103.21001,20.47872]]]}},{"type":"Feature","properties":{"cvegeo":"14051","nombre":"Juanacatlán"},"geometry":{"type":"Polygon","coordinates":[[[-103.13028,20.56837],[-103.13701,20.57179],[-103.14285,20.56911],[-103.14518,20.56904],[-103.14808,20.56983],[-103.14899,20.56877],[-103.14919,20.56731],[-103.14912,20.56315],[-103.1477,20.55996],[-103.14766,20.55826],[-103.14811,20.55767],[-103.15248,20.55637],[-103.15463,20.55492],[-103.16195,20.55289],[-103.16271,20.55184],[-103.1614,20.54985],[-103.16198,20.54874],[-103.16274,20.54828],[-103.16479,20.54876],[-103.16506,20.54736],[-103.16457,20.54293],[-103.16575,20.53911],[-103.16631,20.5379],[-103.16812,20.53669],[-103.16977,20.53454],[-103.1704,20.5326],[-103.16883,20.52989],[-103.16937,20.52704],[-103.17031,20.52625],[-103.16961,20.52466],[-103.16954,20.52297],[-103.1717,20.52053],[-103.17216,20.51828],[-103.1734,20.51628],[-103.17434,20.51678],[-103.17403,20.5151],[-103.17606,20.51339],[-103.17345,20.5125],[-103.17378,20.50813],[-103.17609,20.50289],[-103.17772,20.502],[-103.17943,20.50221],[-103.18202,20.50175],[-103.18657,20.50402],[-103.19058,20.50288],[-103.19752,20.49693],[-103.19911,20.49403],[-103.2007,20.4927],[-103.20317,20.48867],[-103.20772,20.48558],[-103.20983,20.48286],[-103.21056,20.48024],[-103.21001,20.47872],[-103.20756,20.47596],[-103.20636,20.47355],[-103.20408,20.46405],[-103.20316,20.46226],[-103.20219,20.46086],[-103.19963,20.4589],[-103.19096,20.4556],[-103.17209,20.45307],[-103.16833,20.45325],[-103.16522,20.45534],[-103.1632,20.45506],[-103.16013,20.45361],[-103.15102,20.44734],[-103.14471,20.44368],[-103.14377,20.44246],[-103.14353,20.43932],[-103.1448,20.43414],[-103.14525,20.42854],[-103.14458,20.42557],[-103.14323,20.42291],[-103.13965,20.4186],[-103.12882,20.41265],[-103.12915,20.41186],[-103.12588,20.40902],[-103.1224,20.40706],[-103.1215,20.40624],[-103.1216,20.40552],[-103.12108,20.40656],[-103.11427,20.40297],[-103.10922,20.40195],[-103.1066,20.40179],[-103.10276,20.40269],[-103.1002,20.40258],[-103.09833,20.40197],[-103.09594,20.40007],[-103.09435,20.40028],[-103.08992,20.39969],[-103.08724,20.40062],[-103.08427,20.40038],[-103.08385,20.40246],[-103.08502,20.40539],[-103.0893,20.41002],[-103.08972,20.41098],[-103.08957,20.41359],[-103.09118,20.41498],[-103.09132,20.4161],[-103.09113,20.41725],[-103.08909,20.42075],[-103.08826,20.4241],[-103.08898,20.4278],[-103.08886,20.43134],[-103.08596,20.44079],[-103.08507,20.4518],[-103.0843,20.45562],[-103.08278,20.47707],[-103.0813,20.48288],[-103.0826,20.48465],[-103.08218,20.48673],[-103.08099,20.4877],[-103.08255,20.48798],[-103.08398,20.48702],[-103.08499,20.48778],[-103.08586,20.48551],[-103.09028,20.48479],[-103.09131,20.48394],[-103.09192,20.48448],[-103.09293,20.48444],[-103.09389,20.48324],[-103.09445,20.48327],[-103.09393,20.48598],[-103.09195,20.48738],[-103.09187,20.49057],[-103.08962,20.5061],[-103.09007,20.50613],[-103.09027,20.50706],[-103.09046,20.51009],[-103.08978,20.51199],[-103.08978,20.51404],[-103.08926,20.51457],[-103.08896,20.51817],[-103.08987,20.51918],[-103.09063,20.51926],[-103.09304,20.51855],[-103.09704,20.51553],[-103.09787,20.51538],[-103.09788,20.51436],[-103.09896,20.51354],[-103.0988,20.51501],[-103.1008,20.51525],[-103.10095,20.51467],[-103.10225,20.51446],[-103.10262,20.51554],[-103.10902,20.51796],[-103.10657,20.52031],[-103.10701,20.52039],[-103.1065,20.52178],[-103.1058,20.52171],[-103.10484,20.52442],[-103.10236,20.52525],[-103.10073,20.52641],[-103.10038,20.52767],[-103.09911,20.52798],[-103.09778,20.52993],[-103.09653,20.53024],[-103.09935,20.53352],[-103.10352,20.53451],[-103.11788,20.54412],[-103.12232,20.54485],[-103.12683,20.54631],[-103.12851,20.54634],[-103.12861,20.54713],[-103.12943,20.54632],[-103.12942,20.54699],[-103.1322,20.54685],[-103.13149,20.54937],[-103.13069,20.54944],[-103.13111,20.55169],[-103.13155,20.55277],[-103.13517,20.55629],[-103.13314,20.55814],[-103.13028,20.56837]]]}},{"type":"Feature","properties":{"cvegeo":"14018","nombre":"La Barca"},"geometry":{"type":"Polygon","coordinates":[[[-102.5654,20.45506],[-102.56602,20.45524],[-102.5669,20.45472],[-102.56739,20.45511],[-102.567,20.45368],[-102.56877,20.45306],[-102.56747,20.44828],[-102.56873,20.44926],[-102.5682,20.44734],[-102.56922,20.44792],[-102.56855,20.44622],[-102.57147,20.44786],[-102.571,20.44665],[-102.57016,20.44613],[-102.58651,20.41841],[-102.58823,20.41763],[-102.5894,20.4179],[-102.59035,20.41686],[-102.59223,20.41702],[-102.59571,20.41587],[-102.59858,20.41639],[-102.59995,20.41555],[-102.60121,20.41558],[-102.60761,20.41803],[-102.60955,20.41963],[-102.61617,20.41495],[-102.61687,20.41489],[-102.61841,20.41336],[-102.62119,20.412],[-102.62096,20.41148],[-102.62163,20.41074],[-102.62204,20.41114],[-102.62332,20.41069],[-102.6243,20.40923],[-102.62351,20.40889],[-102.62402,20.40806],[-102.62325,20.40772],[-102.62503,20.40494],[-102.62633,20.40531],[-102.62697,20.40406],[-102.6304,20.40391],[-102.63517,20.39659],[-102.6398,20.39285],[-102.64516,20.38729],[-102.64449,20.38701],[-102.64618,20.38386],[-102.64676,20.38141],[-102.64915,20.38212],[-102.64957,20.38142],[-102.64751,20.38062],[-102.64886,20.37761],[-102.65134,20.37853],[-102.6534,20.37531],[-102.6551,20.37559],[-102.65554,20.3748],[-102.65945,20.37631],[-102.66053,20.37369],[-102.66156,20.37274],[-102.65952,20.37114],[-102.65772,20.36869],[-102.66131,20.36229],[-102.66541,20.35628],[-102.66489,20.35263],[-102.66051,20.34374],[-102.65902,20.3435],[-102.6581,20.3415],[-102.65502,20.34106],[-102.65528,20.33899],[-102.65134,20.33638],[-102.65187,20.33431],[-102.65296,20.3345],[-102.65475,20.32933],[-102.65791,20.33005],[-102.65894,20.3277],[-102.65973,20.32789],[-102.66032,20.3262],[-102.66161,20.32649],[-102.66213,20.32481],[-102.66157,20.32383],[-102.66218,20.31954],[-102.66147,20.31944],[-102.66204,20.31732],[-102.66149,20.317],[-102.66248,20.31534],[-102.65935,20.31427],[-102.65923,20.31488],[-102.65785,20.31452],[-102.65771,20.31538],[-102.65607,20.31518],[-102.65535,20.31442],[-102.65171,20.31393],[-102.65161,20.31255],[-102.64985,20.31354],[-102.64792,20.31369],[-102.6478,20.31479],[-102.64591,20.31537],[-102.63954,20.31429],[-102.63849,20.31496],[-102.63565,20.31396],[-102.63155,20.31079],[-102.63049,20.31105],[-102.6301,20.3102],[-102.63078,20.30821],[-102.63363,20.30724],[-102.63361,20.30665],[-102.63445,20.30641],[-102.63823,20.30661],[-102.64535,20.30857],[-102.64544,20.30813],[-102.64878,20.30779],[-102.64875,20.30733],[-102.65082,20.30568],[-102.65429,20.30624],[-102.65698,20.30549],[-102.65819,20.30552],[-102.65811,20.30612],[-102.66371,20.30544],[-102.66296,20.30031],[-102.66497,20.29989],[-102.66578,20.29925],[-102.66508,20.294],[-102.60373,20.29268],[-102.61184,20.2725],[-102.61094,20.26866],[-102.60834,20.26914],[-102.59926,20.26728],[-102.59847,20.2664],[-102.59805,20.26282],[-102.59752,20.26175],[-102.59682,20.26145],[-102.59345,20.26248],[-102.59119,20.25896],[-102.59019,20.25851],[-102.58545,20.26089],[-102.58203,20.26356],[-102.5801,20.26438],[-102.57415,20.26578],[-102.56856,20.265],[-102.56668,20.26562],[-102.56566,20.2675],[-102.56542,20.27019],[-102.56875,20.27451],[-102.56683,20.27692],[-102.56385,20.27822],[-102.56211,20.27726],[-102.55582,20.2714],[-102.55568,20.27016],[-102.55745,20.26719],[-102.55776,20.26282],[-102.55698,20.26157],[-102.55498,20.26069],[-102.55403,20.26073],[-102.55272,20.26113],[-102.55186,20.26239],[-102.55049,20.26732],[-102.54848,20.27104],[-102.54709,20.27788],[-102.54412,20.28056],[-102.54195,20.28072],[-102.53586,20.27898],[-102.53473,20.27773],[-102.5343,20.27644],[-102.53544,20.27251],[-102.53431,20.27138],[-102.5313,20.27035],[-102.52858,20.27095],[-102.52052,20.27731],[-102.52008,20.28042],[-102.52106,20.28579],[-102.52303,20.28792],[-102.52979,20.29042],[-102.53073,20.2927],[-102.53084,20.29506],[-102.53002,20.29622],[-102.52573,20.29808],[-102.52213,20.30043],[-102.5204,20.30087],[-102.51188,20.30008],[-102.50896,20.30136],[-102.50747,20.30295],[-102.50714,20.30413],[-102.50741,20.31162],[-102.5068,20.3141],[-102.50588,20.31562],[-102.50352,20.31597],[-102.49996,20.31342],[-102.49821,20.31166],[-102.49694,20.30864],[-102.49621,20.3079],[-102.49418,20.30777],[-102.49063,20.3086],[-102.48855,20.3109],[-102.48705,20.31792],[-102.48612,20.32011],[-102.481,20.32491],[-102.47615,20.32645],[-102.47107,20.32936],[-102.46783,20.3306],[-102.46494,20.33052],[-102.4583,20.3287],[-102.45486,20.32897],[-102.45382,20.33012],[-102.4548,20.33247],[-102.45447,20.33408],[-102.45111,20.33578],[-102.44739,20.33849],[-102.44247,20.33826],[-102.43642,20.34072],[-102.43351,20.34109],[-102.43115,20.34085],[-102.4274,20.33896],[-102.4246,20.33474],[-102.42123,20.33271],[-102.4186,20.33241],[-102.41441,20.33378],[-102.40997,20.3335],[-102.40625,20.331],[-102.39965,20.32772],[-102.39673,20.32904],[-102.39334,20.33331],[-102.39184,20.33393],[-102.388,20.33308],[-102.38257,20.33007],[-102.37783,20.32949],[-102.37238,20.32995],[-102.36932,20.32821],[-102.36713,20.32777],[-102.3627,20.32972],[-102.36164,20.33126],[-102.36012,20.33546],[-102.35891,20.33675],[-102.35741,20.33745],[-102.35532,20.33747],[-102.34944,20.33508],[-102.34724,20.33474],[-102.3469,20.33605],[-102.34748,20.33689],[-102.3472,20.33751],[-102.34847,20.33789],[-102.34906,20.34006],[-102.34751,20.34268],[-102.3436,20.34503],[-102.34408,20.34909],[-102.34112,20.35261],[-102.34206,20.35996],[-102.34175,20.36155],[-102.34695,20.3755],[-102.36747,20.37725],[-102.38477,20.37585],[-102.38608,20.38607],[-102.39272,20.40056],[-102.39101,20.40036],[-102.39077,20.40063],[-102.39161,20.40167],[-102.39467,20.4022],[-102.39573,20.40163],[-102.39856,20.40234],[-102.39808,20.4036],[-102.39978,20.40464],[-102.39961,20.40539],[-102.40194,20.40575],[-102.40351,20.405],[-102.40495,20.40592],[-102.40421,20.40721],[-102.40586,20.40797],[-102.40607,20.40757],[-102.40893,20.40895],[-102.4073,20.41038],[-102.4087,20.41077],[-102.40799,20.41195],[-102.41037,20.41214],[-102.40815,20.4159],[-102.41052,20.41608],[-102.40977,20.41731],[-102.41256,20.41746],[-102.41195,20.41861],[-102.42206,20.42231],[-102.42153,20.42349],[-102.42423,20.42513],[-102.42939,20.42812],[-102.4348,20.42978],[-102.43419,20.43096],[-102.43823,20.43136],[-102.43778,20.4322],[-102.43938,20.43266],[-102.43902,20.43573],[-102.45033,20.43769],[-102.45077,20.43664],[-102.45318,20.4377],[-102.45318,20.43674],[-102.45376,20.43631],[-102.45507,20.43683],[-102.45514,20.43495],[-102.45605,20.43528],[-102.45612,20.43425],[-102.45703,20.43463],[-102.45712,20.43372],[-102.4607,20.43543],[-102.46071,20.43653],[-102.46247,20.43749],[-102.46245,20.43641],[-102.46608,20.43846],[-102.47389,20.43962],[-102.4743,20.44136],[-102.47664,20.44121],[-102.47751,20.44029],[-102.48077,20.44051],[-102.48081,20.44185],[-102.48229,20.4418],[-102.4822,20.44347],[-102.48306,20.44385],[-102.48293,20.45287],[-102.48471,20.45435],[-102.4855,20.45309],[-102.48786,20.45251],[-102.48822,20.45196],[-102.49224,20.45319],[-102.49219,20.4523],[-102.49521,20.45302],[-102.50061,20.45286],[-102.50422,20.45383],[-102.50577,20.45322],[-102.50593,20.45364],[-102.50696,20.45381],[-102.51256,20.44942],[-102.53324,20.4493],[-102.53588,20.44957],[-102.53733,20.4503],[-102.53868,20.45004],[-102.54146,20.45095],[-102.54308,20.45019],[-102.54387,20.44906],[-102.545,20.44879],[-102.54677,20.449],[-102.5481,20.45091],[-102.55119,20.45173],[-102.55467,20.45099],[-102.55482,20.45142],[-102.56002,20.45336],[-102.56204,20.45288],[-102.5646,20.4533],[-102.5654,20.45506]]]}},{"type":"Feature","properties":{"cvegeo":"14098","nombre":"San Pedro Tlaquepaque"},"geometry":{"type":"Polygon","coordinates":[[[-103.31641,20.64674],[-103.31678,20.64555],[-103.32069,20.64632],[-103.31788,20.64254],[-103.31911,20.64172],[-103.31874,20.64142],[-103.31873,20.63842],[-103.31979,20.63841],[-103.31981,20.63281],[-103.32092,20.6308],[-103.3247,20.62631],[-103.32678,20.62655],[-103.32913,20.62801],[-103.33107,20.62537],[-103.33156,20.62395],[-103.33251,20.62327],[-103.33281,20.62223],[-103.32967,20.6206],[-103.33006,20.61886],[-103.33588,20.61298],[-103.33978,20.6147],[-103.34034,20.60935],[-103.34645,20.60835],[-103.34705,20.61092],[-103.35029,20.61279],[-103.35057,20.61417],[-103.35234,20.6153],[-103.35312,20.61415],[-103.35395,20.61378],[-103.36581,20.6154],[-103.36681,20.6125],[-103.36729,20.61196],[-103.36764,20.61227],[-103.36805,20.61094],[-103.36858,20.61122],[-103.36878,20.61065],[-103.37035,20.61126],[-103.37028,20.61164],[-103.37526,20.61287],[-103.37618,20.60959],[-103.37716,20.61002],[-103.37754,20.6091],[-103.38086,20.60986],[-103.38406,20.61127],[-103.38737,20.60367],[-103.38938,20.60481],[-103.38821,20.60695],[-103.38907,20.60731],[-103.38795,20.61082],[-103.38936,20.61198],[-103.38939,20.61297],[-103.39265,20.61203],[-103.39415,20.61225],[-103.39449,20.61146],[-103.39625,20.61307],[-103.3899,20.62084],[-103.39913,20.62623],[-103.39703,20.63378],[-103.3958,20.63589],[-103.3967,20.6366],[-103.40094,20.63345],[-103.40405,20.62099],[-103.40046,20.62129],[-103.40038,20.6206],[-103.40193,20.61945],[-103.40512,20.61918],[-103.40851,20.62078],[-103.40863,20.6201],[-103.4106,20.61998],[-103.41208,20.61777],[-103.41722,20.61606],[-103.42342,20.61996],[-103.42589,20.61612],[-103.42471,20.61336],[-103.42165,20.61192],[-103.42187,20.61067],[-103.42008,20.60875],[-103.41912,20.60541],[-103.4203,20.5993],[-103.42005,20.58962],[-103.41825,20.58865],[-103.42347,20.58473],[-103.42387,20.58566],[-103.43095,20.58815],[-103.4301,20.57928],[-103.43956,20.57068],[-103.45441,20.55502],[-103.45763,20.55053],[-103.45758,20.54884],[-103.45614,20.54845],[-103.45472,20.54389],[-103.45272,20.54256],[-103.45212,20.54272],[-103.45074,20.54141],[-103.44976,20.54129],[-103.44882,20.54489],[-103.44909,20.54623],[-103.44474,20.54512],[-103.44424,20.54488],[-103.446,20.54042],[-103.43954,20.54009],[-103.43561,20.53855],[-103.43205,20.54134],[-103.43223,20.54194],[-103.43568,20.5438],[-103.43526,20.54468],[-103.43283,20.54352],[-103.43097,20.54927],[-103.4345,20.55074],[-103.43206,20.55875],[-103.4302,20.5581],[-103.43034,20.55769],[-103.42683,20.55689],[-103.42663,20.55651],[-103.415,20.55333],[-103.41208,20.55274],[-103.41173,20.55398],[-103.39881,20.55132],[-103.39227,20.56291],[-103.38945,20.56306],[-103.3841,20.56438],[-103.3682,20.57186],[-103.3632,20.57262],[-103.35796,20.57189],[-103.36334,20.56294],[-103.36283,20.56208],[-103.36348,20.55821],[-103.36086,20.55559],[-103.35963,20.55512],[-103.34709,20.5555],[-103.33174,20.55376],[-103.33278,20.56864],[-103.33343,20.57168],[-103.33162,20.57826],[-103.33016,20.57811],[-103.31888,20.58516],[-103.3143,20.57565],[-103.31275,20.57549],[-103.31222,20.5747],[-103.30947,20.57722],[-103.306,20.57678],[-103.30544,20.58075],[-103.30408,20.581],[-103.29744,20.58008],[-103.2885,20.57994],[-103.29003,20.5744],[-103.28658,20.57328],[-103.286,20.57983],[-103.28419,20.57974],[-103.28319,20.57041],[-103.26675,20.56969],[-103.26769,20.5668],[-103.25425,20.56486],[-103.25348,20.57142],[-103.25376,20.5786],[-103.25206,20.57762],[-103.25028,20.57748],[-103.25055,20.57561],[-103.24651,20.57453],[-103.24654,20.57413],[-103.24566,20.57365],[-103.24552,20.57097],[-103.24298,20.57129],[-103.23961,20.57298],[-103.23936,20.57396],[-103.24131,20.57812],[-103.24118,20.5809],[-103.24031,20.58085],[-103.24036,20.58318],[-103.24191,20.58319],[-103.25632,20.58715],[-103.25688,20.58455],[-103.26009,20.58758],[-103.25996,20.58823],[-103.25875,20.58792],[-103.25752,20.59084],[-103.25801,20.59099],[-103.25824,20.59032],[-103.2588,20.59049],[-103.25913,20.59174],[-103.2578,20.59146],[-103.25711,20.59792],[-103.25754,20.59826],[-103.2566,20.59917],[-103.25649,20.6005],[-103.25701,20.60074],[-103.25608,20.60238],[-103.2564,20.60521],[-103.25718,20.60737],[-103.25728,20.61183],[-103.27575,20.61185],[-103.27632,20.61194],[-103.27607,20.61341],[-103.28025,20.61358],[-103.28294,20.61304],[-103.28382,20.61429],[-103.2839,20.61591],[-103.28204,20.61634],[-103.28258,20.61648],[-103.28138,20.62407],[-103.28673,20.62626],[-103.28547,20.62852],[-103.28534,20.63103],[-103.2831,20.63973],[-103.28223,20.64118],[-103.28739,20.64151],[-103.28746,20.64087],[-103.28899,20.64096],[-103.28889,20.64195],[-103.28938,20.64201],[-103.28967,20.64276],[-103.29046,20.64284],[-103.29058,20.64193],[-103.31159,20.64424],[-103.31091,20.64593],[-103.31161,20.64618],[-103.31287,20.64552],[-103.31641,20.64674]]]}},{"type":"Feature","properties":{"cvegeo":"14097","nombre":"Tlajomulco de Zúñiga"},"geometry":{"type":"Polygon","coordinates":[[[-103.47609,20.59795],[-103.53521,20.5926],[-103.53469,20.59167],[-103.53924,20.58708],[-103.54118,20.58707],[-103.54356,20.58542],[-103.54367,20.58456],[-103.5449,20.58378],[-103.54508,20.58187],[-103.5446,20.5805],[-103.54623,20.57895],[-103.54692,20.57714],[-103.54863,20.57695],[-103.54997,20.57614],[-103.55209,20.57328],[-103.55268,20.57153],[-103.55239,20.57066],[-103.55386,20.56889],[-103.55448,20.56716],[-103.5562,20.56634],[-103.55783,20.56623],[-103.55792,20.56527],[-103.55879,20.56431],[-103.56328,20.5643],[-103.56591,20.56288],[-103.56633,20.56223],[-103.56616,20.56058],[-103.56727,20.55911],[-103.56814,20.55646],[-103.57045,20.5552],[-103.57045,20.55387],[-103.57098,20.55334],[-103.57257,20.55308],[-103.57286,20.55256],[-103.57212,20.55104],[-103.5739,20.54957],[-103.57237,20.5488],[-103.57408,20.54737],[-103.57347,20.54524],[-103.57387,20.54408],[-103.57831,20.53742],[-103.58035,20.53583],[-103.58376,20.52975],[-103.57181,20.52492],[-103.58041,20.52299],[-103.58858,20.52034],[-103.58757,20.51749],[-103.59056,20.51151],[-103.59353,20.51053],[-103.59352,20.51003],[-103.59665,20.51025],[-103.59653,20.50784],[-103.59587,20.5072],[-103.59261,20.49971],[-103.59191,20.49942],[-103.59315,20.49792],[-103.5949,20.49401],[-103.59033,20.49362],[-103.58946,20.49289],[-103.59239,20.48953],[-103.59388,20.48686],[-103.59383,20.48578],[-103.59599,20.48349],[-103.59516,20.4828],[-103.59372,20.48332],[-103.59232,20.48216],[-103.59104,20.48197],[-103.58896,20.48076],[-103.58736,20.48089],[-103.58175,20.47394],[-103.58039,20.47354],[-103.57769,20.47165],[-103.56924,20.46246],[-103.56945,20.46012],[-103.57034,20.45856],[-103.56845,20.45845],[-103.56879,20.45693],[-103.56724,20.45589],[-103.56616,20.45302],[-103.56578,20.45001],[-103.56489,20.44995],[-103.56306,20.44706],[-103.5616,20.44737],[-103.56019,20.44143],[-103.55943,20.44153],[-103.55872,20.44049],[-103.55663,20.43567],[-103.5563,20.43361],[-103.55452,20.43152],[-103.55219,20.42283],[-103.54852,20.41721],[-103.54745,20.41481],[-103.54612,20.41074],[-103.54857,20.40732],[-103.54859,20.40652],[-103.54285,20.41112],[-103.54204,20.41063],[-103.54335,20.40862],[-103.54132,20.40843],[-103.53989,20.40678],[-103.53759,20.40823],[-103.53592,20.40826],[-103.53363,20.40952],[-103.52807,20.41134],[-103.52753,20.41126],[-103.52602,20.4092],[-103.52408,20.4082],[-103.52165,20.4079],[-103.52004,20.40621],[-103.51688,20.4073],[-103.51538,20.4069],[-103.51364,20.40534],[-103.50809,20.40453],[-103.50631,20.40485],[-103.50382,20.40255],[-103.5011,20.40214],[-103.4992,20.40089],[-103.49653,20.40063],[-103.49224,20.39927],[-103.49158,20.39836],[-103.48913,20.39817],[-103.48248,20.39524],[-103.47945,20.39345],[-103.47159,20.38693],[-103.46962,20.38584],[-103.46754,20.38599],[-103.46539,20.38483],[-103.46355,20.3817],[-103.46177,20.37978],[-103.4566,20.3756],[-103.45565,20.37539],[-103.45528,20.37475],[-103.45592,20.37415],[-103.45226,20.37447],[-103.443,20.3723],[-103.43722,20.36519],[-103.43491,20.36456],[-103.43447,20.36405],[-103.41799,20.3597],[-103.41537,20.36132],[-103.41132,20.36028],[-103.41033,20.36041],[-103.4078,20.36247],[-103.40354,20.36147],[-103.39913,20.36214],[-103.39752,20.36157],[-103.39361,20.36259],[-103.39107,20.36167],[-103.3897,20.3617],[-103.38695,20.36353],[-103.38479,20.36351],[-103.38312,20.36462],[-103.37429,20.36414],[-103.37137,20.36373],[-103.36874,20.3627],[-103.35882,20.36175],[-103.35942,20.36221],[-103.35835,20.36269],[-103.35249,20.36797],[-103.34902,20.36898],[-103.34316,20.3686],[-103.34347,20.36963],[-103.34168,20.3706],[-103.34093,20.37197],[-103.34071,20.37426],[-103.33946,20.37714],[-103.33595,20.37875],[-103.33407,20.38218],[-103.33351,20.38357],[-103.33392,20.38704],[-103.3301,20.38883],[-103.32944,20.38956],[-103.329,20.39168],[-103.32797,20.39269],[-103.31896,20.39605],[-103.3169,20.39562],[-103.31696,20.39699],[-103.31559,20.39809],[-103.3147,20.39767],[-103.315,20.39586],[-103.31461,20.39532],[-103.31047,20.39181],[-103.31027,20.39264],[-103.31158,20.39354],[-103.31125,20.39479],[-103.30986,20.39448],[-103.30939,20.39694],[-103.3102,20.39806],[-103.30825,20.40195],[-103.29261,20.4022],[-103.2888,20.40081],[-103.28733,20.40282],[-103.2878,20.40478],[-103.28357,20.40787],[-103.28314,20.40871],[-103.28223,20.407],[-103.28156,20.40842],[-103.27846,20.4101],[-103.27755,20.41203],[-103.27291,20.41463],[-103.2656,20.41765],[-103.2622,20.42004],[-103.26216,20.42579],[-103.26031,20.42886],[-103.25798,20.42989],[-103.25793,20.43112],[-103.25863,20.43199],[-103.25979,20.43238],[-103.26189,20.43491],[-103.26116,20.43825],[-103.26109,20.44189],[-103.25616,20.43626],[-103.25603,20.43276],[-103.25513,20.42896],[-103.25231,20.43008],[-103.2464,20.43014],[-103.24072,20.43175],[-103.24903,20.45149],[-103.21863,20.45678],[-103.22631,20.46756],[-103.22479,20.46821],[-103.22298,20.46785],[-103.21968,20.46875],[-103.21934,20.46926],[-103.2202,20.47182],[-103.21921,20.47279],[-103.21802,20.47537],[-103.21546,20.47525],[-103.21184,20.47743],[-103.21122,20.47874],[-103.21162,20.48005],[-103.21056,20.48024],[-103.20919,20.48376],[-103.20772,20.48558],[-103.20317,20.48867],[-103.2007,20.4927],[-103.19911,20.49403],[-103.19804,20.49631],[-103.19839,20.49666],[-103.19978,20.49587],[-103.20109,20.49705],[-103.20248,20.49706],[-103.20419,20.49657],[-103.20453,20.49564],[-103.20503,20.4972],[-103.20784,20.49753],[-103.20781,20.49809],[-103.20911,20.49794],[-103.20889,20.49718],[-103.21011,20.49652],[-103.21201,20.49828],[-103.21412,20.49788],[-103.21443,20.49867],[-103.21594,20.49885],[-103.21694,20.49829],[-103.2168,20.49785],[-103.21816,20.4981],[-103.22122,20.49596],[-103.22173,20.49608],[-103.22201,20.49759],[-103.2225,20.49791],[-103.22489,20.49749],[-103.22584,20.49807],[-103.23024,20.49655],[-103.23333,20.49672],[-103.23378,20.49628],[-103.23376,20.49486],[-103.23536,20.4942],[-103.23558,20.49337],[-103.2363,20.49312],[-103.23716,20.49323],[-103.23812,20.49423],[-103.23996,20.49465],[-103.24089,20.49401],[-103.24208,20.49539],[-103.24372,20.49499],[-103.24466,20.49634],[-103.24687,20.50679],[-103.24877,20.50795],[-103.25118,20.50826],[-103.25112,20.50893],[-103.25229,20.50964],[-103.25254,20.50892],[-103.25258,20.50976],[-103.25352,20.50971],[-103.25328,20.51051],[-103.25463,20.51193],[-103.2571,20.51228],[-103.2583,20.51193],[-103.26214,20.50846],[-103.26581,20.50765],[-103.26688,20.5085],[-103.26576,20.511],[-103.26504,20.51157],[-103.26537,20.51497],[-103.26453,20.51543],[-103.26554,20.51749],[-103.26776,20.51953],[-103.26734,20.51995],[-103.26892,20.52163],[-103.26935,20.52342],[-103.27128,20.5263],[-103.27127,20.52724],[-103.2704,20.52875],[-103.27081,20.52945],[-103.27195,20.52955],[-103.27424,20.52851],[-103.27603,20.52876],[-103.27825,20.52774],[-103.28274,20.52896],[-103.28436,20.52698],[-103.28562,20.52686],[-103.28576,20.52955],[-103.2841,20.52963],[-103.28478,20.53116],[-103.28449,20.53269],[-103.28549,20.5332],[-103.2864,20.53306],[-103.28895,20.53507],[-103.29414,20.53611],[-103.29496,20.53711],[-103.29486,20.53819],[-103.29691,20.53788],[-103.30107,20.53975],[-103.30204,20.53954],[-103.30233,20.54014],[-103.30649,20.54091],[-103.3088,20.54202],[-103.31293,20.54228],[-103.31322,20.54281],[-103.31476,20.5434],[-103.31474,20.54399],[-103.31633,20.5444],[-103.31631,20.54498],[-103.31728,20.54539],[-103.31691,20.54753],[-103.31892,20.54866],[-103.31989,20.54987],[-103.3242,20.54722],[-103.33001,20.54815],[-103.33145,20.55385],[-103.34709,20.5555],[-103.35963,20.55512],[-103.36086,20.55559],[-103.36317,20.55767],[-103.36356,20.55878],[-103.36283,20.56208],[-103.36334,20.56294],[-103.35796,20.57189],[-103.36,20.57238],[-103.3632,20.57262],[-103.3682,20.57186],[-103.3841,20.56438],[-103.38945,20.56306],[-103.39227,20.56291],[-103.39881,20.55132],[-103.41173,20.55398],[-103.41208,20.55274],[-103.415,20.55333],[-103.42663,20.55651],[-103.42683,20.55689],[-103.43034,20.55769],[-103.4302,20.5581],[-103.43206,20.55875],[-103.4345,20.55074],[-103.43097,20.54927],[-103.43283,20.54352],[-103.43526,20.54468],[-103.43568,20.5438],[-103.43223,20.54194],[-103.43219,20.54107],[-103.43561,20.53855],[-103.43954,20.54009],[-103.446,20.54042],[-103.44424,20.54488],[-103.44909,20.54623],[-103.44882,20.54489],[-103.44976,20.54129],[-103.45074,20.54141],[-103.45212,20.54272],[-103.45272,20.54256],[-103.45472,20.54389],[-103.45614,20.54845],[-103.45758,20.54884],[-103.45763,20.55053],[-103.45441,20.55502],[-103.43956,20.57068],[-103.4301,20.57928],[-103.43095,20.58815],[-103.44855,20.5943],[-103.44827,20.59672],[-103.45121,20.59629],[-103.47609,20.59795]]]}},{"type":"Feature","properties":{"cvegeo":"14101","nombre":"Tonalá"},"geometry":{"type":"Polygon","coordinates":[[[-103.2657,20.70554],[-103.26742,20.70418],[-103.26732,20.70323],[-103.2684,20.70283],[-103.26806,20.7023],[-103.26867,20.70164],[-103.26845,20.70038],[-103.26895,20.70029],[-103.26909,20.69882],[-103.27015,20.69773],[-103.26996,20.69689],[-103.2705,20.69642],[-103.27051,20.69568],[-103.26978,20.6946],[-103.26998,20.69365],[-103.27042,20.69389],[-103.27065,20.6902],[-103.26898,20.68777],[-103.26889,20.68595],[-103.26757,20.68208],[-103.26645,20.68186],[-103.26738,20.68128],[-103.26725,20.67979],[-103.26798,20.67805],[-103.26729,20.67647],[-103.26582,20.67744],[-103.2647,20.67545],[-103.26382,20.6682],[-103.26559,20.66702],[-103.26771,20.66405],[-103.26813,20.66],[-103.2674,20.65528],[-103.26907,20.65321],[-103.27029,20.64891],[-103.27012,20.64795],[-103.27064,20.64805],[-103.27083,20.6473],[-103.26966,20.64514],[-103.27284,20.64599],[-103.2754,20.64417],[-103.27786,20.64375],[-103.28067,20.6411],[-103.28221,20.64122],[-103.2831,20.63973],[-103.28534,20.63103],[-103.28531,20.62909],[-103.28673,20.62626],[-103.28138,20.62407],[-103.28258,20.61648],[-103.28204,20.61634],[-103.2839,20.61591],[-103.28382,20.61429],[-103.28294,20.61304],[-103.28025,20.61358],[-103.27607,20.61341],[-103.27632,20.61194],[-103.27575,20.61185],[-103.25728,20.61183],[-103.25718,20.60737],[-103.2564,20.60521],[-103.25608,20.60238],[-103.25701,20.60074],[-103.25649,20.6005],[-103.2566,20.59917],[-103.25754,20.59826],[-103.25711,20.59792],[-103.2578,20.59146],[-103.25913,20.59174],[-103.2588,20.59049],[-103.25824,20.59032],[-103.25801,20.59099],[-103.25752,20.59084],[-103.25875,20.58792],[-103.25996,20.58823],[-103.26009,20.58758],[-103.25688,20.58455],[-103.25632,20.58715],[-103.24191,20.58319],[-103.24036,20.58318],[-103.24031,20.58085],[-103.24118,20.5809],[-103.24131,20.57812],[-103.23936,20.57396],[-103.23961,20.57298],[-103.24298,20.57129],[-103.24552,20.57097],[-103.24566,20.57365],[-103.24654,20.57413],[-103.24651,20.57453],[-103.25055,20.57561],[-103.25028,20.57748],[-103.25206,20.57762],[-103.25376,20.5786],[-103.25348,20.57142],[-103.25425,20.56486],[-103.23843,20.56241],[-103.23099,20.55925],[-103.23171,20.5581],[-103.23095,20.55754],[-103.22915,20.55849],[-103.21496,20.55251],[-103.21422,20.55508],[-103.21392,20.56249],[-103.21333,20.5648],[-103.21035,20.56419],[-103.20894,20.56335],[-103.20838,20.56377],[-103.20674,20.56378],[-103.2062,20.56625],[-103.19481,20.56446],[-103.18583,20.56451],[-103.18422,20.55412],[-103.18432,20.55084],[-103.18317,20.54926],[-103.18131,20.53961],[-103.18023,20.53713],[-103.18122,20.53396],[-103.1788,20.53134],[-103.17,20.53177],[-103.1704,20.5326],[-103.17011,20.53395],[-103.16812,20.53669],[-103.16631,20.5379],[-103.16512,20.54094],[-103.16457,20.54293],[-103.16506,20.54736],[-103.16479,20.54876],[-103.16274,20.54828],[-103.16154,20.54943],[-103.16181,20.55053],[-103.16267,20.55129],[-103.16261,20.55217],[-103.16195,20.55289],[-103.15463,20.55492],[-103.15248,20.55637],[-103.1492,20.55708],[-103.14766,20.55826],[-103.1477,20.55996],[-103.14912,20.56315],[-103.14899,20.56877],[-103.14808,20.56983],[-103.14518,20.56904],[-103.14154,20.56941],[-103.13701,20.57179],[-103.14132,20.57249],[-103.13997,20.57401],[-103.14088,20.57808],[-103.14147,20.57837],[-103.14506,20.57756],[-103.14598,20.57805],[-103.14697,20.58116],[-103.14643,20.58283],[-103.1451,20.58304],[-103.14341,20.58436],[-103.14544,20.58646],[-103.1467,20.5889],[-103.14595,20.59044],[-103.14583,20.59276],[-103.14477,20.59411],[-103.14531,20.59673],[-103.14447,20.59958],[-103.14555,20.60025],[-103.14759,20.606],[-103.14595,20.60799],[-103.14416,20.61182],[-103.14111,20.61615],[-103.13976,20.62003],[-103.13986,20.62179],[-103.14543,20.62374],[-103.14699,20.6233],[-103.14831,20.62196],[-103.15137,20.622],[-103.15341,20.62022],[-103.15643,20.61901],[-103.16287,20.61837],[-103.16395,20.62082],[-103.16727,20.62201],[-103.17095,20.6225],[-103.1711,20.62303],[-103.17042,20.62421],[-103.17059,20.62625],[-103.17494,20.62741],[-103.17461,20.62967],[-103.17497,20.63071],[-103.17642,20.63084],[-103.17909,20.62952],[-103.1827,20.62862],[-103.18522,20.62885],[-103.18807,20.63556],[-103.18815,20.63654],[-103.18691,20.63816],[-103.1869,20.63893],[-103.18837,20.64429],[-103.18728,20.64586],[-103.18431,20.64738],[-103.184,20.64803],[-103.18464,20.6558],[-103.18212,20.65824],[-103.1819,20.65926],[-103.1823,20.65997],[-103.18398,20.66079],[-103.1866,20.66444],[-103.1871,20.67002],[-103.18758,20.67094],[-103.19029,20.67284],[-103.19258,20.67584],[-103.19626,20.67801],[-103.20181,20.6804],[-103.20243,20.68452],[-103.20351,20.6854],[-103.20585,20.68571],[-103.20849,20.68535],[-103.21082,20.68591],[-103.21579,20.68919],[-103.21914,20.69061],[-103.22248,20.69152],[-103.22499,20.69149],[-103.22581,20.69211],[-103.22617,20.69317],[-103.22588,20.69579],[-103.22659,20.6978],[-103.23171,20.69855],[-103.23515,20.70067],[-103.23595,20.70198],[-103.2379,20.70237],[-103.24055,20.70372],[-103.2423,20.70178],[-103.24347,20.70137],[-103.24775,20.70057],[-103.25184,20.70084],[-103.25425,20.70164],[-103.25638,20.70415],[-103.25757,20.70473],[-103.26287,20.70445],[-103.2657,20.70554]]]}},{"type":"Feature","properties":{"cvegeo":"14120","nombre":"Zapopan"},"geometry":{"type":"Polygon","coordinates":[[[-103.52177,20.99811],[-103.52268,20.9982],[-103.52362,20.99638],[-103.52548,20.99597],[-103.52598,20.99056],[-103.52742,20.98806],[-103.53003,20.98687],[-103.53334,20.98435],[-103.53628,20.98368],[-103.53832,20.98239],[-103.54189,20.98173],[-103.54272,20.98201],[-103.54673,20.9807],[-103.54832,20.97846],[-103.54839,20.97262],[-103.54918,20.97006],[-103.54999,20.96927],[-103.55355,20.96859],[-103.55819,20.96512],[-103.56117,20.96365],[-103.56456,20.96359],[-103.56815,20.96637],[-103.57034,20.96735],[-103.57402,20.96762],[-103.57519,20.96717],[-103.57665,20.96494],[-103.5765,20.96287],[-103.57704,20.96142],[-103.58219,20.957],[-103.5892,20.9601],[-103.59284,20.96331],[-103.59792,20.96356],[-103.60165,20.9647],[-103.60856,20.96396],[-103.6091,20.96357],[-103.61184,20.96363],[-103.61561,20.96186],[-103.61888,20.95603],[-103.62106,20.95005],[-103.62187,20.94906],[-103.62565,20.94676],[-103.6296,20.94008],[-103.63165,20.93615],[-103.63228,20.93241],[-103.63368,20.92922],[-103.63567,20.92724],[-103.64184,20.92398],[-103.6444,20.91925],[-103.64668,20.91759],[-103.65169,20.91626],[-103.65257,20.91333],[-103.65212,20.91039],[-103.65269,20.90794],[-103.65528,20.90412],[-103.65438,20.90268],[-103.65072,20.8998],[-103.65026,20.89725],[-103.64915,20.89551],[-103.64802,20.8948],[-103.64727,20.89302],[-103.64235,20.89033],[-103.64282,20.8885],[-103.64251,20.88785],[-103.64062,20.88808],[-103.63905,20.88718],[-103.63797,20.88804],[-103.63749,20.88676],[-103.63332,20.88582],[-103.63328,20.88518],[-103.63459,20.88466],[-103.63618,20.88283],[-103.63669,20.88182],[-103.6365,20.88099],[-103.63769,20.88002],[-103.6358,20.8756],[-103.63443,20.87439],[-103.63434,20.87328],[-103.63166,20.87054],[-103.63571,20.87101],[-103.63602,20.86981],[-103.63655,20.86991],[-103.6387,20.86808],[-103.64054,20.86748],[-103.6407,20.86548],[-103.63946,20.86407],[-103.63899,20.8626],[-103.63976,20.86024],[-103.63967,20.85886],[-103.64087,20.8585],[-103.64148,20.85767],[-103.64297,20.85734],[-103.64321,20.85664],[-103.64402,20.85628],[-103.64425,20.85518],[-103.64591,20.85367],[-103.64543,20.85132],[-103.64643,20.85007],[-103.64588,20.84897],[-103.64614,20.84817],[-103.64512,20.8473],[-103.64754,20.84565],[-103.64932,20.84359],[-103.64903,20.84243],[-103.64937,20.84066],[-103.65045,20.8392],[-103.6504,20.83845],[-103.65308,20.83819],[-103.65442,20.83685],[-103.65353,20.83673],[-103.65365,20.83404],[-103.65242,20.83284],[-103.65315,20.82952],[-103.65194,20.82853],[-103.65235,20.82728],[-103.65143,20.82457],[-103.65003,20.82384],[-103.65007,20.82298],[-103.64742,20.81986],[-103.64663,20.81812],[-103.648,20.81362],[-103.64758,20.812],[-103.64592,20.81],[-103.64534,20.80622],[-103.64284,20.80421],[-103.64004,20.80283],[-103.64459,20.79944],[-103.64621,20.79943],[-103.64706,20.80017],[-103.6496,20.79861],[-103.65125,20.79848],[-103.65175,20.79759],[-103.65339,20.79693],[-103.65678,20.79593],[-103.65795,20.79612],[-103.65943,20.79527],[-103.66025,20.79392],[-103.66101,20.79377],[-103.66123,20.79244],[-103.66028,20.79086],[-103.65894,20.79003],[-103.65968,20.78868],[-103.65926,20.78738],[-103.65965,20.78687],[-103.6596,20.78478],[-103.6591,20.78376],[-103.65957,20.78308],[-103.66135,20.78239],[-103.66138,20.77907],[-103.66219,20.77782],[-103.66195,20.77724],[-103.66083,20.77709],[-103.66099,20.77521],[-103.66018,20.77375],[-103.66194,20.77059],[-103.66433,20.76949],[-103.66495,20.76846],[-103.66502,20.76489],[-103.66422,20.76436],[-103.66388,20.76033],[-103.66359,20.75995],[-103.66173,20.76306],[-103.66039,20.76212],[-103.65921,20.76382],[-103.6576,20.76382],[-103.65668,20.76497],[-103.65571,20.76785],[-103.65293,20.76619],[-103.65165,20.76708],[-103.65095,20.76698],[-103.64845,20.76513],[-103.64862,20.76425],[-103.65028,20.76305],[-103.65104,20.76172],[-103.65147,20.75882],[-103.65225,20.75762],[-103.65164,20.75672],[-103.65185,20.75495],[-103.6393,20.75084],[-103.63901,20.75347],[-103.63603,20.75392],[-103.63487,20.75268],[-103.63398,20.75426],[-103.63316,20.75318],[-103.63112,20.75425],[-103.63089,20.75579],[-103.62908,20.75681],[-103.62878,20.75893],[-103.6278,20.75957],[-103.62716,20.76085],[-103.62707,20.76252],[-103.62564,20.76272],[-103.62459,20.76445],[-103.62475,20.76633],[-103.62391,20.7662],[-103.62321,20.76856],[-103.6222,20.76856],[-103.62117,20.77002],[-103.61997,20.77028],[-103.61725,20.76975],[-103.61048,20.76666],[-103.6109,20.7647],[-103.60867,20.761],[-103.60929,20.75831],[-103.60881,20.75701],[-103.60947,20.75194],[-103.60709,20.75058],[-103.60733,20.74869],[-103.60699,20.74804],[-103.60598,20.74842],[-103.60586,20.74723],[-103.60516,20.74743],[-103.60397,20.74675],[-103.60456,20.74433],[-103.60482,20.73957],[-103.60564,20.73864],[-103.60817,20.73826],[-103.60882,20.73776],[-103.6111,20.73469],[-103.61076,20.73104],[-103.61143,20.73018],[-103.61089,20.7296],[-103.61524,20.72791],[-103.618,20.7281],[-103.62295,20.72189],[-103.62228,20.72101],[-103.62296,20.7177],[-103.62208,20.71829],[-103.62073,20.71833],[-103.62113,20.7166],[-103.6182,20.7152],[-103.62061,20.71341],[-103.62068,20.71253],[-103.61886,20.71208],[-103.61705,20.70969],[-103.61706,20.70857],[-103.61943,20.70735],[-103.61944,20.70596],[-103.61992,20.7053],[-103.61911,20.70427],[-103.61922,20.70064],[-103.61884,20.69953],[-103.61943,20.69867],[-103.61887,20.69613],[-103.61752,20.69589],[-103.61723,20.69496],[-103.61954,20.69471],[-103.62175,20.69223],[-103.62477,20.69285],[-103.62732,20.69406],[-103.629,20.6938],[-103.63015,20.69538],[-103.63143,20.69571],[-103.63424,20.69912],[-103.63626,20.70008],[-103.63581,20.70222],[-103.6349,20.70317],[-103.63476,20.71817],[-103.6577,20.71223],[-103.65702,20.7119],[-103.65793,20.70904],[-103.65803,20.70619],[-103.65946,20.70366],[-103.65791,20.70074],[-103.65782,20.69856],[-103.65701,20.69787],[-103.65676,20.69692],[-103.65453,20.69628],[-103.65448,20.69347],[-103.65394,20.6929],[-103.65459,20.69221],[-103.65446,20.69122],[-103.65312,20.68885],[-103.6514,20.68738],[-103.64822,20.68659],[-103.6456,20.68752],[-103.64328,20.68669],[-103.63973,20.68683],[-103.63561,20.68828],[-103.63201,20.68808],[-103.62742,20.68674],[-103.6152,20.69282],[-103.61395,20.69178],[-103.61332,20.69043],[-103.61242,20.68994],[-103.61361,20.68924],[-103.61241,20.68781],[-103.61204,20.68652],[-103.61319,20.6849],[-103.61293,20.68268],[-103.61495,20.68037],[-103.61341,20.67764],[-103.6133,20.67545],[-103.61175,20.67435],[-103.61253,20.67323],[-103.6132,20.67321],[-103.61409,20.67153],[-103.61415,20.66946],[-103.61518,20.66885],[-103.61472,20.66813],[-103.61501,20.6669],[-103.61455,20.66646],[-103.61501,20.66503],[-103.61598,20.66412],[-103.61573,20.66194],[-103.61761,20.66079],[-103.61839,20.65975],[-103.61917,20.65978],[-103.62039,20.6582],[-103.62177,20.65827],[-103.62242,20.65725],[-103.62455,20.6564],[-103.6235,20.65494],[-103.62157,20.65427],[-103.621,20.6514],[-103.614,20.65155],[-103.61047,20.65067],[-103.60828,20.6468],[-103.60849,20.64642],[-103.60689,20.64446],[-103.60683,20.64304],[-103.60782,20.64171],[-103.60882,20.6413],[-103.61403,20.64194],[-103.61648,20.64171],[-103.61688,20.639],[-103.61614,20.63953],[-103.61308,20.63785],[-103.61114,20.63804],[-103.61103,20.63751],[-103.60983,20.63824],[-103.60863,20.63687],[-103.60825,20.63748],[-103.60757,20.63702],[-103.60671,20.63728],[-103.60618,20.63592],[-103.60503,20.63593],[-103.60472,20.63541],[-103.60359,20.63619],[-103.60271,20.63576],[-103.60266,20.63518],[-103.60194,20.63533],[-103.60269,20.63411],[-103.60177,20.63309],[-103.60223,20.62973],[-103.60049,20.62729],[-103.60087,20.62532],[-103.60002,20.62237],[-103.59873,20.62079],[-103.59842,20.61848],[-103.59743,20.61783],[-103.59692,20.61525],[-103.59752,20.61485],[-103.5985,20.61507],[-103.59721,20.61377],[-103.59755,20.61294],[-103.59907,20.61251],[-103.59957,20.61289],[-103.60032,20.61234],[-103.60048,20.61137],[-103.59888,20.60867],[-103.59953,20.60719],[-103.59933,20.60555],[-103.59742,20.60501],[-103.59716,20.60368],[-103.59238,20.60234],[-103.59067,20.60318],[-103.58672,20.60315],[-103.5832,20.60391],[-103.58267,20.6044],[-103.58236,20.60648],[-103.5799,20.60657],[-103.57838,20.60584],[-103.57648,20.60644],[-103.57529,20.60624],[-103.57423,20.60703],[-103.57331,20.60658],[-103.57296,20.60803],[-103.57096,20.60861],[-103.5697,20.61041],[-103.56955,20.61169],[-103.56863,20.61219],[-103.56745,20.61436],[-103.56518,20.61407],[-103.56479,20.61543],[-103.56249,20.61566],[-103.56016,20.61462],[-103.55959,20.61344],[-103.55491,20.61106],[-103.55417,20.61141],[-103.55375,20.61251],[-103.55151,20.61086],[-103.5456,20.61017],[-103.5438,20.60885],[-103.54094,20.60772],[-103.53856,20.60575],[-103.53661,20.6053],[-103.53567,20.6045],[-103.53481,20.60287],[-103.53476,20.60068],[-103.53393,20.6005],[-103.53283,20.60098],[-103.53341,20.60028],[-103.53347,20.59883],[-103.53447,20.59808],[-103.53376,20.59649],[-103.53375,20.59468],[-103.53417,20.59379],[-103.53537,20.59301],[-103.53521,20.5926],[-103.47609,20.59795],[-103.45121,20.59629],[-103.44827,20.59672],[-103.44855,20.5943],[-103.42387,20.58566],[-103.42347,20.58473],[-103.41825,20.58865],[-103.42005,20.58962],[-103.4203,20.5993],[-103.41912,20.60541],[-103.42008,20.60875],[-103.42187,20.61067],[-103.42165,20.61192],[-103.42471,20.61336],[-103.42586,20.6163],[-103.42342,20.61996],[-103.41722,20.61606],[-103.41208,20.61777],[-103.4106,20.61998],[-103.40863,20.6201],[-103.40851,20.62078],[-103.40512,20.61918],[-103.40193,20.61945],[-103.40038,20.6206],[-103.40048,20.6213],[-103.40405,20.62099],[-103.40094,20.63345],[-103.3967,20.6366],[-103.39701,20.63816],[-103.3951,20.64223],[-103.39785,20.64182],[-103.39986,20.64288],[-103.3983,20.64679],[-103.39842,20.64921],[-103.39926,20.65053],[-103.39353,20.65387],[-103.3939,20.65465],[-103.39356,20.65485],[-103.39887,20.65709],[-103.39733,20.65944],[-103.39957,20.66096],[-103.40166,20.66363],[-103.40258,20.66573],[-103.40211,20.6664],[-103.40283,20.66737],[-103.39998,20.67143],[-103.39996,20.67443],[-103.4027,20.67487],[-103.40248,20.67812],[-103.40367,20.67792],[-103.40366,20.68156],[-103.40225,20.68127],[-103.40081,20.6817],[-103.40128,20.68705],[-103.40042,20.68756],[-103.39818,20.69072],[-103.39945,20.69185],[-103.40321,20.69113],[-103.40508,20.69255],[-103.4023,20.69422],[-103.40256,20.69511],[-103.4011,20.69601],[-103.40139,20.69646],[-103.39969,20.69801],[-103.39948,20.69915],[-103.40179,20.69948],[-103.40196,20.70104],[-103.40313,20.70194],[-103.40253,20.70387],[-103.40703,20.70971],[-103.40646,20.71168],[-103.40505,20.7122],[-103.40351,20.71141],[-103.40045,20.71111],[-103.39573,20.71229],[-103.39155,20.70982],[-103.39017,20.70977],[-103.38068,20.71166],[-103.38035,20.7112],[-103.37559,20.71193],[-103.375,20.7122],[-103.37549,20.71254],[-103.3746,20.71315],[-103.37124,20.71398],[-103.36659,20.71301],[-103.36206,20.71295],[-103.35864,20.71404],[-103.35631,20.7156],[-103.35321,20.71533],[-103.34738,20.71725],[-103.34418,20.7159],[-103.34407,20.71757],[-103.34326,20.71826],[-103.3431,20.71919],[-103.34154,20.72014],[-103.34109,20.72309],[-103.33565,20.72532],[-103.33484,20.72616],[-103.33478,20.72801],[-103.33435,20.72827],[-103.33281,20.72776],[-103.33133,20.72823],[-103.33,20.72951],[-103.32873,20.7342],[-103.32793,20.73517],[-103.3267,20.73545],[-103.3265,20.73643],[-103.32556,20.73748],[-103.32656,20.74012],[-103.32642,20.74142],[-103.32712,20.74246],[-103.32628,20.74491],[-103.32339,20.74666],[-103.32263,20.74662],[-103.32158,20.74772],[-103.31997,20.74742],[-103.31891,20.74857],[-103.31722,20.74881],[-103.31685,20.74964],[-103.31343,20.75073],[-103.31235,20.75266],[-103.31379,20.75392],[-103.31444,20.7565],[-103.31255,20.75875],[-103.30974,20.76086],[-103.30712,20.76539],[-103.30713,20.76804],[-103.30631,20.77095],[-103.30674,20.77312],[-103.30625,20.77668],[-103.30684,20.77925],[-103.30812,20.78051],[-103.31283,20.78201],[-103.31799,20.7827],[-103.31888,20.78223],[-103.32138,20.7821],[-103.32311,20.78281],[-103.32451,20.78558],[-103.32484,20.78815],[-103.32199,20.79024],[-103.32169,20.79274],[-103.32286,20.79447],[-103.3265,20.7965],[-103.32719,20.79986],[-103.32823,20.80189],[-103.33228,20.80156],[-103.3335,20.80195],[-103.33397,20.80263],[-103.32864,20.81606],[-103.32631,20.81694],[-103.32548,20.81787],[-103.32556,20.81857],[-103.32796,20.82035],[-103.33029,20.82304],[-103.32992,20.82463],[-103.33222,20.82727],[-103.33321,20.83244],[-103.33214,20.8346],[-103.32959,20.83604],[-103.32906,20.83972],[-103.32539,20.84557],[-103.32533,20.84725],[-103.32636,20.8503],[-103.33216,20.85665],[-103.33259,20.85824],[-103.33281,20.85969],[-103.33029,20.86475],[-103.33429,20.86841],[-103.33839,20.87809],[-103.34129,20.88142],[-103.34203,20.88431],[-103.34398,20.88548],[-103.34542,20.88556],[-103.35173,20.89252],[-103.35253,20.89488],[-103.35163,20.8988],[-103.3531,20.90218],[-103.35269,20.90377],[-103.35156,20.90531],[-103.35253,20.90663],[-103.35181,20.91207],[-103.35296,20.91327],[-103.35511,20.913],[-103.35581,20.9137],[-103.35609,20.91423],[-103.35577,20.91492],[-103.35824,20.91824],[-103.35995,20.92363],[-103.3606,20.92446],[-103.36502,20.92647],[-103.36811,20.92909],[-103.36814,20.93072],[-103.36995,20.9355],[-103.36955,20.93668],[-103.37002,20.93803],[-103.37369,20.94334],[-103.37884,20.95367],[-103.37993,20.95349],[-103.38027,20.95162],[-103.38304,20.94896],[-103.38772,20.94806],[-103.38918,20.94698],[-103.39167,20.94774],[-103.39262,20.94716],[-103.39383,20.94495],[-103.39469,20.94439],[-103.39573,20.94669],[-103.39497,20.94958],[-103.39549,20.94995],[-103.39498,20.95027],[-103.39592,20.95417],[-103.39946,20.95114],[-103.39936,20.95368],[-103.40077,20.95509],[-103.40046,20.95603],[-103.40118,20.95758],[-103.40353,20.9589],[-103.40416,20.95795],[-103.40399,20.95666],[-103.40605,20.95595],[-103.40803,20.95232],[-103.41432,20.94766],[-103.41594,20.94756],[-103.41893,20.94585],[-103.41959,20.94487],[-103.41985,20.94298],[-103.42221,20.94244],[-103.42244,20.94037],[-103.42452,20.94026],[-103.42572,20.93871],[-103.42789,20.93764],[-103.4299,20.93766],[-103.43046,20.93701],[-103.43061,20.93464],[-103.43569,20.93582],[-103.43681,20.93677],[-103.43683,20.93817],[-103.43832,20.93994],[-103.43813,20.94087],[-103.43557,20.9427],[-103.43573,20.94721],[-103.43655,20.94789],[-103.43502,20.94898],[-103.43254,20.94901],[-103.43305,20.95223],[-103.43236,20.95954],[-103.43272,20.95954],[-103.43471,20.96483],[-103.43844,20.9649],[-103.44363,20.96718],[-103.44604,20.96879],[-103.44729,20.9712],[-103.45237,20.97283],[-103.45464,20.97215],[-103.45666,20.97062],[-103.45862,20.97065],[-103.45965,20.96986],[-103.46114,20.9729],[-103.46412,20.97545],[-103.46392,20.97712],[-103.46459,20.97815],[-103.46423,20.97946],[-103.46456,20.98019],[-103.46546,20.98091],[-103.47501,20.98393],[-103.47804,20.98618],[-103.47934,20.98562],[-103.48364,20.9854],[-103.49115,20.98565],[-103.49185,20.98459],[-103.49313,20.98452],[-103.49383,20.98355],[-103.49462,20.98338],[-103.49561,20.98449],[-103.49813,20.98266],[-103.50007,20.98212],[-103.50187,20.98391],[-103.50332,20.98361],[-103.50399,20.98287],[-103.50472,20.98332],[-103.50712,20.98326],[-103.50776,20.98255],[-103.50845,20.98291],[-103.50911,20.9845],[-103.51206,20.98614],[-103.51274,20.98846],[-103.51415,20.98891],[-103.51563,20.99056],[-103.51791,20.99516],[-103.52177,20.99811]]]}},{"type":"Feature","properties":{"cvegeo":"14124","nombre":"Zapotlanejo"},"geometry":{"type":"Polygon","coordinates":[[[-103.05851,20.79615],[-103.05983,20.79567],[-103.06133,20.79607],[-103.06301,20.79553],[-103.06652,20.79199],[-103.06853,20.79138],[-103.07738,20.79133],[-103.07932,20.78982],[-103.08091,20.78544],[-103.0853,20.78074],[-103.0858,20.77951],[-103.08537,20.77766],[-103.08387,20.77614],[-103.08468,20.77113],[-103.08441,20.76742],[-103.08219,20.76154],[-103.08237,20.76052],[-103.08329,20.7598],[-103.08571,20.7594],[-103.08852,20.75972],[-103.09944,20.75947],[-103.10338,20.76099],[-103.1043,20.76241],[-103.10479,20.76488],[-103.10652,20.76531],[-103.1091,20.76348],[-103.11145,20.76278],[-103.1147,20.76274],[-103.11877,20.76336],[-103.12006,20.7631],[-103.13354,20.75613],[-103.13417,20.75639],[-103.13602,20.75566],[-103.13859,20.75641],[-103.14117,20.75613],[-103.14511,20.75654],[-103.14562,20.75577],[-103.14976,20.75367],[-103.15282,20.74999],[-103.15597,20.74888],[-103.15681,20.74903],[-103.15982,20.74773],[-103.16506,20.74378],[-103.16628,20.7418],[-103.17226,20.73925],[-103.17488,20.73678],[-103.17755,20.73515],[-103.18305,20.73452],[-103.18798,20.73257],[-103.19996,20.73025],[-103.2047,20.73129],[-103.20862,20.73133],[-103.21073,20.73051],[-103.21189,20.72953],[-103.21257,20.72794],[-103.21564,20.72698],[-103.219,20.72373],[-103.22208,20.72151],[-103.22503,20.71862],[-103.22649,20.71605],[-103.22847,20.71436],[-103.23062,20.71455],[-103.24239,20.71973],[-103.24944,20.71845],[-103.25168,20.71938],[-103.25304,20.72133],[-103.25688,20.72377],[-103.26109,20.72561],[-103.27143,20.72583],[-103.27366,20.72718],[-103.27379,20.72883],[-103.28326,20.73031],[-103.28106,20.72756],[-103.27982,20.72473],[-103.27975,20.72259],[-103.28056,20.72122],[-103.28061,20.72004],[-103.27786,20.71731],[-103.27673,20.71693],[-103.27635,20.71623],[-103.27687,20.7154],[-103.27655,20.71398],[-103.27492,20.71153],[-103.27369,20.71093],[-103.26979,20.70707],[-103.26835,20.70702],[-103.26383,20.70463],[-103.25757,20.70473],[-103.25638,20.70415],[-103.25425,20.70164],[-103.25184,20.70084],[-103.24775,20.70057],[-103.24347,20.70137],[-103.2423,20.70178],[-103.24055,20.70372],[-103.2379,20.70237],[-103.23595,20.70198],[-103.23515,20.70067],[-103.23171,20.69855],[-103.22659,20.6978],[-103.22588,20.69579],[-103.22617,20.69317],[-103.22581,20.69211],[-103.22499,20.69149],[-103.22248,20.69152],[-103.21914,20.69061],[-103.21579,20.68919],[-103.21082,20.68591],[-103.20849,20.68535],[-103.20585,20.68571],[-103.20351,20.6854],[-103.20243,20.68452],[-103.20181,20.6804],[-103.19626,20.67801],[-103.19258,20.67584],[-103.19029,20.67284],[-103.18758,20.67094],[-103.1871,20.67002],[-103.1866,20.66444],[-103.18398,20.66079],[-103.1823,20.65997],[-103.1819,20.65926],[-103.18212,20.65824],[-103.18464,20.6558],[-103.184,20.64803],[-103.18431,20.64738],[-103.18728,20.64586],[-103.18837,20.64429],[-103.1869,20.63893],[-103.18691,20.63816],[-103.18815,20.63654],[-103.18807,20.63556],[-103.18522,20.62885],[-103.1827,20.62862],[-103.17909,20.62952],[-103.17642,20.63084],[-103.17497,20.63071],[-103.17461,20.62967],[-103.17494,20.62741],[-103.17059,20.62625],[-103.17042,20.62421],[-103.1711,20.62303],[-103.17095,20.6225],[-103.16727,20.62201],[-103.16395,20.62082],[-103.16287,20.61837],[-103.15643,20.61901],[-103.15341,20.62022],[-103.15137,20.622],[-103.14831,20.62196],[-103.14699,20.6233],[-103.14543,20.62374],[-103.13986,20.62179],[-103.13976,20.62003],[-103.14111,20.61615],[-103.14416,20.61182],[-103.14595,20.60799],[-103.14759,20.606],[-103.14555,20.60025],[-103.14447,20.59958],[-103.14531,20.59673],[-103.14477,20.59411],[-103.14583,20.59276],[-103.14595,20.59044],[-103.1467,20.5889],[-103.14544,20.58646],[-103.14341,20.58436],[-103.1451,20.58304],[-103.14643,20.58283],[-103.14696,20.58198],[-103.14673,20.57988],[-103.14598,20.57805],[-103.14506,20.57756],[-103.14147,20.57837],[-103.14088,20.57808],[-103.13997,20.57401],[-103.14132,20.57249],[-103.13701,20.57179],[-103.13028,20.56837],[-103.13314,20.55814],[-103.13517,20.55629],[-103.13155,20.55277],[-103.13111,20.55169],[-103.13069,20.54944],[-103.13149,20.54937],[-103.1322,20.54685],[-103.12942,20.54699],[-103.12943,20.54632],[-103.12861,20.54713],[-103.12851,20.54634],[-103.12683,20.54631],[-103.12232,20.54485],[-103.11788,20.54412],[-103.10352,20.53451],[-103.09935,20.53352],[-103.09653,20.53024],[-103.09778,20.52993],[-103.09911,20.52798],[-103.10038,20.52767],[-103.10073,20.52641],[-103.10236,20.52525],[-103.10484,20.52442],[-103.1058,20.52171],[-103.1065,20.52178],[-103.10701,20.52039],[-103.10657,20.52031],[-103.10902,20.51796],[-103.10262,20.51554],[-103.10225,20.51446],[-103.10095,20.51467],[-103.1008,20.51525],[-103.0988,20.51501],[-103.09896,20.51354],[-103.09788,20.51436],[-103.09787,20.51538],[-103.09704,20.51553],[-103.09304,20.51855],[-103.09063,20.51926],[-103.08987,20.51918],[-103.08896,20.51817],[-103.08926,20.51457],[-103.08978,20.51404],[-103.08978,20.51199],[-103.09046,20.51009],[-103.09027,20.50706],[-103.09007,20.50613],[-103.08962,20.5061],[-103.09187,20.49057],[-103.09195,20.48738],[-103.09393,20.48598],[-103.09445,20.48327],[-103.09389,20.48324],[-103.09293,20.48444],[-103.09192,20.48448],[-103.09131,20.48394],[-103.09028,20.48479],[-103.08586,20.48551],[-103.08499,20.48778],[-103.08398,20.48702],[-103.08255,20.48798],[-103.08099,20.4877],[-103.07726,20.49279],[-103.07763,20.49556],[-103.07716,20.49594],[-103.07656,20.49599],[-103.07512,20.49478],[-103.0721,20.49399],[-103.06918,20.4945],[-103.06908,20.49581],[-103.06799,20.49583],[-103.06318,20.49408],[-103.05507,20.49198],[-103.05313,20.4906],[-103.04988,20.48997],[-103.04155,20.4921],[-103.03889,20.49234],[-103.03648,20.49154],[-103.03438,20.49232],[-103.03466,20.494],[-103.03388,20.49417],[-103.03098,20.49778],[-103.03073,20.49964],[-103.03127,20.50051],[-103.03294,20.50114],[-103.03484,20.50309],[-103.03412,20.50371],[-103.03308,20.50294],[-103.0339,20.50482],[-103.03535,20.50465],[-103.03397,20.50619],[-103.03296,20.50625],[-103.03213,20.50569],[-103.03349,20.50721],[-103.03497,20.50728],[-103.0348,20.50808],[-103.03418,20.50838],[-103.03243,20.50785],[-103.03282,20.50868],[-103.03458,20.50979],[-103.03617,20.50919],[-103.03629,20.51087],[-103.03391,20.51229],[-103.03222,20.5121],[-103.03153,20.51152],[-103.03119,20.51191],[-103.03179,20.51273],[-103.03449,20.51369],[-103.02773,20.51418],[-103.02666,20.51383],[-103.02639,20.51299],[-103.02588,20.51365],[-103.02246,20.51043],[-103.0178,20.51145],[-103.01494,20.51122],[-103.01292,20.51166],[-103.01257,20.51367],[-103.01382,20.51504],[-103.01369,20.51586],[-103.01162,20.52071],[-103.01063,20.52509],[-103.0082,20.52791],[-103.00899,20.52944],[-103.00709,20.52759],[-103.00466,20.5272],[-103.00455,20.52759],[-103.00325,20.52702],[-102.98809,20.51921],[-102.97692,20.5166],[-102.96604,20.50779],[-102.95805,20.50466],[-102.95425,20.50263],[-102.95334,20.50289],[-102.95321,20.50337],[-102.95296,20.50288],[-102.95084,20.50211],[-102.95086,20.50262],[-102.94994,20.50169],[-102.94952,20.50198],[-102.94915,20.50137],[-102.94928,20.50176],[-102.94708,20.50305],[-102.9451,20.50313],[-102.94505,20.50259],[-102.93787,20.50351],[-102.93714,20.50336],[-102.9365,20.50249],[-102.93557,20.50334],[-102.93347,20.50359],[-102.93074,20.50565],[-102.92896,20.50922],[-102.92748,20.50921],[-102.9269,20.51035],[-102.92515,20.51088],[-102.92425,20.51013],[-102.92456,20.5108],[-102.92409,20.51105],[-102.92257,20.51051],[-102.92083,20.51085],[-102.91935,20.51406],[-102.91722,20.51545],[-102.91164,20.51669],[-102.91014,20.51778],[-102.90754,20.51869],[-102.90701,20.51946],[-102.90636,20.52168],[-102.9074,20.52245],[-102.90959,20.52578],[-102.91025,20.52602],[-102.91168,20.52543],[-102.91219,20.52694],[-102.91449,20.52729],[-102.9165,20.52646],[-102.91666,20.52805],[-102.91854,20.5276],[-102.91787,20.53301],[-102.91261,20.53532],[-102.91127,20.53518],[-102.91138,20.5358],[-102.91269,20.53673],[-102.91243,20.53765],[-102.91158,20.53983],[-102.91053,20.54053],[-102.90752,20.5479],[-102.89836,20.55007],[-102.88999,20.54784],[-102.88587,20.54848],[-102.88313,20.54791],[-102.87985,20.55166],[-102.87748,20.55856],[-102.87668,20.56489],[-102.87425,20.56417],[-102.86981,20.57371],[-102.8701,20.57806],[-102.86943,20.58057],[-102.87039,20.58389],[-102.87063,20.58866],[-102.87177,20.59245],[-102.87155,20.59489],[-102.87277,20.59711],[-102.87593,20.59729],[-102.87742,20.59663],[-102.87848,20.59736],[-102.87945,20.59631],[-102.88123,20.59576],[-102.88184,20.59599],[-102.88379,20.59512],[-102.88405,20.59579],[-102.88597,20.59467],[-102.8872,20.59467],[-102.88771,20.59384],[-102.88915,20.59353],[-102.88959,20.59436],[-102.88995,20.59345],[-102.89252,20.59196],[-102.89323,20.59266],[-102.89545,20.59215],[-102.89972,20.59232],[-102.89424,20.59778],[-102.89404,20.5988],[-102.89293,20.59873],[-102.89237,20.60177],[-102.89024,20.60275],[-102.88848,20.6049],[-102.88765,20.60508],[-102.88737,20.60682],[-102.8877,20.60762],[-102.88602,20.6101],[-102.8999,20.61228],[-102.90388,20.61223],[-102.90601,20.61258],[-102.90618,20.61307],[-102.91053,20.61323],[-102.91212,20.61479],[-102.91229,20.61592],[-102.91543,20.61562],[-102.91656,20.6161],[-102.91606,20.61674],[-102.91688,20.61727],[-102.91661,20.61846],[-102.91733,20.61979],[-102.91883,20.61883],[-102.9206,20.61932],[-102.92072,20.62207],[-102.91946,20.62256],[-102.91937,20.62352],[-102.91836,20.62494],[-102.91861,20.62839],[-102.91728,20.62928],[-102.91653,20.62914],[-102.9152,20.645],[-102.90265,20.64426],[-102.9012,20.64725],[-102.89345,20.64447],[-102.89317,20.64868],[-102.89395,20.65365],[-102.89442,20.65456],[-102.89768,20.65488],[-102.89788,20.65652],[-102.89869,20.65729],[-102.89954,20.65699],[-102.90107,20.65835],[-102.90101,20.65898],[-102.90365,20.65977],[-102.90687,20.66198],[-102.90697,20.66319],[-102.9084,20.66328],[-102.90932,20.66411],[-102.90949,20.66577],[-102.91316,20.66652],[-102.9153,20.66963],[-102.91817,20.67138],[-102.91889,20.67266],[-102.91979,20.67299],[-102.91985,20.67366],[-102.92046,20.67309],[-102.92168,20.67373],[-102.9218,20.67452],[-102.92223,20.67452],[-102.92307,20.67589],[-102.92338,20.67769],[-102.92521,20.6788],[-102.92621,20.67842],[-102.92815,20.6793],[-102.92967,20.68114],[-102.93141,20.68177],[-102.93359,20.68187],[-102.93646,20.68395],[-102.93881,20.68458],[-102.94507,20.6851],[-102.94741,20.68697],[-102.94784,20.68776],[-102.94802,20.69403],[-102.94706,20.69584],[-102.94716,20.69842],[-102.94888,20.69743],[-102.94911,20.69866],[-102.95165,20.70083],[-102.95324,20.69852],[-102.95548,20.69667],[-102.95744,20.69581],[-102.95849,20.69588],[-102.95849,20.69859],[-102.95928,20.70255],[-102.9588,20.70351],[-102.95967,20.70348],[-102.95978,20.70426],[-102.95877,20.70685],[-102.9724,20.70147],[-102.97502,20.6978],[-102.97832,20.69634],[-102.98258,20.69307],[-102.99081,20.68816],[-102.99134,20.68983],[-102.99084,20.69039],[-102.99116,20.69432],[-102.9926,20.69431],[-102.99325,20.69559],[-102.99241,20.69676],[-102.99219,20.69912],[-102.98949,20.70057],[-102.98909,20.70314],[-102.99139,20.702],[-102.99307,20.70408],[-102.99206,20.70968],[-102.99278,20.71131],[-102.9923,20.7118],[-102.99222,20.71311],[-102.99404,20.71397],[-102.99552,20.71547],[-102.9971,20.71488],[-102.99932,20.71535],[-103.00332,20.71961],[-103.00535,20.72311],[-103.00405,20.72375],[-103.00396,20.72425],[-103.00465,20.72475],[-103.00422,20.72617],[-103.00452,20.72667],[-103.00249,20.7312],[-103.00293,20.73436],[-103.00466,20.73455],[-103.00552,20.73586],[-103.00945,20.73652],[-103.00951,20.73971],[-103.01526,20.74005],[-103.01516,20.74125],[-103.01802,20.74244],[-103.02099,20.73925],[-103.0222,20.73567],[-103.02465,20.73666],[-103.02704,20.73951],[-103.02703,20.74048],[-103.02814,20.74179],[-103.02852,20.7434],[-103.02782,20.74472],[-103.02678,20.74489],[-103.02623,20.74573],[-103.0256,20.74865],[-103.02392,20.74844],[-103.02337,20.7488],[-103.02557,20.74926],[-103.02614,20.7496],[-103.02637,20.751],[-103.0269,20.75138],[-103.03073,20.75354],[-103.0328,20.75353],[-103.0349,20.75482],[-103.03512,20.75573],[-103.03786,20.75562],[-103.04022,20.75627],[-103.04207,20.75576],[-103.04158,20.75736],[-103.03845,20.75741],[-103.02945,20.76321],[-103.02867,20.76323],[-103.02686,20.76503],[-103.02721,20.76876],[-103.026,20.77037],[-103.02546,20.77369],[-103.02565,20.77789],[-103.02503,20.77998],[-103.02591,20.78039],[-103.02593,20.78082],[-103.02468,20.7878],[-103.02512,20.78845],[-103.02471,20.79245],[-103.02581,20.79293],[-103.02707,20.79455],[-103.02988,20.79584],[-103.0332,20.79569],[-103.03462,20.79492],[-103.04141,20.79613],[-103.04753,20.79535],[-103.04866,20.79574],[-103.0496,20.79534],[-103.05655,20.79542],[-103.05851,20.79615]]]}},{"type":"Feature","properties":{"cvegeo":"14113","nombre":"San Gabriel"},"geometry":{"type":"Polygon","coordinates":[[[-103.78942,19.83879],[-103.7981,19.83774],[-103.80127,19.83482],[-103.79723,19.8333],[-103.79664,19.83023],[-103.79803,19.82846],[-103.79475,19.82547],[-103.79648,19.81744],[-103.80128,19.81722],[-103.79739,19.8134],[-103.7982,19.81234],[-103.80703,19.81504],[-103.81134,19.81935],[-103.81366,19.8189],[-103.81972,19.82371],[-103.82423,19.82141],[-103.8266,19.82255],[-103.83326,19.81981],[-103.83683,19.82008],[-103.8411,19.82178],[-103.8493,19.83175],[-103.85283,19.83216],[-103.85688,19.82589],[-103.85631,19.82435],[-103.86305,19.82843],[-103.87499,19.8167],[-103.87805,19.81625],[-103.88064,19.81916],[-103.88631,19.81595],[-103.88747,19.81342],[-103.88951,19.81396],[-103.89483,19.80344],[-103.90736,19.80488],[-103.91812,19.79913],[-103.9311,19.79896],[-103.93188,19.79614],[-103.9343,19.79552],[-103.93863,19.79059],[-103.93964,19.78422],[-103.94747,19.77936],[-103.94972,19.77575],[-103.9443,19.76759],[-103.94528,19.76449],[-103.9431,19.76137],[-103.94362,19.75718],[-103.9395,19.75561],[-103.93802,19.74981],[-103.93613,19.75034],[-103.9304,19.7473],[-103.92742,19.74408],[-103.91742,19.74146],[-103.91806,19.739],[-103.91311,19.73727],[-103.91066,19.73819],[-103.9064,19.73576],[-103.90478,19.73624],[-103.90478,19.73904],[-103.90047,19.74032],[-103.8999,19.74416],[-103.89642,19.74657],[-103.88332,19.74722],[-103.88216,19.74447],[-103.87831,19.7437],[-103.8781,19.74061],[-103.8756,19.73753],[-103.86805,19.73566],[-103.86863,19.73321],[-103.86614,19.73172],[-103.86787,19.72846],[-103.86248,19.7274],[-103.86347,19.72532],[-103.86148,19.72293],[-103.8658,19.71555],[-103.8706,19.71647],[-103.87513,19.70616],[-103.87918,19.70457],[-103.88737,19.70569],[-103.89747,19.70402],[-103.89739,19.7025],[-103.88784,19.70248],[-103.88614,19.69968],[-103.87394,19.69353],[-103.87487,19.69186],[-103.88081,19.69272],[-103.89312,19.68031],[-103.90357,19.66345],[-103.91053,19.66355],[-103.9112,19.6608],[-103.90781,19.6566],[-103.88837,19.65566],[-103.87386,19.65798],[-103.87353,19.65207],[-103.86792,19.65377],[-103.86836,19.65607],[-103.86377,19.65516],[-103.86333,19.6575],[-103.85933,19.65543],[-103.86252,19.65374],[-103.85856,19.65234],[-103.8484,19.65413],[-103.84915,19.64721],[-103.84746,19.64216],[-103.83731,19.64277],[-103.83068,19.64604],[-103.83073,19.64311],[-103.8272,19.64384],[-103.82696,19.64057],[-103.82698,19.63716],[-103.82864,19.63748],[-103.82752,19.63444],[-103.82923,19.62113],[-103.82431,19.62081],[-103.82534,19.61894],[-103.82777,19.61983],[-103.82897,19.6169],[-103.82743,19.61556],[-103.82542,19.6169],[-103.82045,19.61667],[-103.81273,19.62073],[-103.81542,19.61462],[-103.81771,19.61458],[-103.81666,19.60994],[-103.80869,19.61091],[-103.7969,19.61904],[-103.78638,19.61805],[-103.78104,19.62002],[-103.77784,19.62354],[-103.77059,19.62541],[-103.76173,19.62187],[-103.75892,19.61686],[-103.75368,19.61497],[-103.75204,19.61215],[-103.7474,19.60994],[-103.73386,19.60818],[-103.72966,19.60607],[-103.72323,19.60655],[-103.71671,19.60315],[-103.71248,19.60393],[-103.70511,19.60251],[-103.70846,19.60106],[-103.69904,19.5955],[-103.69857,19.59169],[-103.6923,19.59463],[-103.68515,19.595],[-103.67485,19.59222],[-103.66678,19.59268],[-103.66067,19.59771],[-103.66075,19.59104],[-103.6622,19.58959],[-103.65855,19.58683],[-103.66068,19.58555],[-103.65989,19.58199],[-103.65742,19.58038],[-103.65946,19.57755],[-103.65372,19.57548],[-103.6549,19.5743],[-103.65358,19.57277],[-103.65795,19.57089],[-103.65539,19.56887],[-103.6468,19.56773],[-103.63957,19.56934],[-103.63202,19.56883],[-103.62781,19.57045],[-103.62645,19.57565],[-103.61927,19.58228],[-103.6132,19.58213],[-103.60741,19.57896],[-103.59821,19.59112],[-103.59366,19.59276],[-103.59359,19.59419],[-103.58633,19.59397],[-103.58634,19.59523],[-103.58926,19.59599],[-103.58491,19.59965],[-103.58475,19.59829],[-103.58109,19.59849],[-103.58079,19.60094],[-103.57612,19.60292],[-103.57769,19.60498],[-103.57544,19.60249],[-103.57452,19.6049],[-103.57244,19.60316],[-103.57048,19.60796],[-103.56895,19.60673],[-103.56787,19.60815],[-103.57102,19.60938],[-103.56638,19.61079],[-103.56555,19.61716],[-103.55944,19.61772],[-103.55689,19.62209],[-103.55224,19.6248],[-103.55334,19.62595],[-103.53527,19.62819],[-103.53298,19.62942],[-103.53234,19.63203],[-103.52976,19.63284],[-103.53614,19.64204],[-103.54069,19.64428],[-103.55436,19.64264],[-103.56118,19.63958],[-103.55896,19.64199],[-103.56001,19.64323],[-103.55721,19.64909],[-103.55787,19.65095],[-103.55521,19.65229],[-103.55781,19.65208],[-103.55842,19.65396],[-103.5608,19.65169],[-103.56249,19.65288],[-103.56833,19.65086],[-103.57,19.65327],[-103.56772,19.65528],[-103.56931,19.65739],[-103.57064,19.65585],[-103.57198,19.65771],[-103.57051,19.66355],[-103.57343,19.6729],[-103.57147,19.68038],[-103.56735,19.68701],[-103.5741,19.68579],[-103.57917,19.68696],[-103.57858,19.69263],[-103.58078,19.69547],[-103.58339,19.69604],[-103.59992,19.69379],[-103.5976,19.69542],[-103.59804,19.69778],[-103.59988,19.69848],[-103.59603,19.69881],[-103.60103,19.70094],[-103.59827,19.70397],[-103.60638,19.70419],[-103.60507,19.70579],[-103.61138,19.70767],[-103.60948,19.71198],[-103.61295,19.71106],[-103.61203,19.71265],[-103.61578,19.71219],[-103.61245,19.717],[-103.61658,19.72033],[-103.62057,19.72903],[-103.61533,19.7403],[-103.61751,19.74664],[-103.6125,19.75819],[-103.61615,19.76398],[-103.62381,19.76958],[-103.61438,19.76596],[-103.60875,19.7729],[-103.62307,19.7782],[-103.62513,19.78266],[-103.62454,19.78666],[-103.6271,19.7902],[-103.63419,19.79268],[-103.64058,19.79834],[-103.65202,19.80326],[-103.65184,19.80588],[-103.64934,19.80604],[-103.64701,19.81456],[-103.65089,19.8197],[-103.64964,19.83172],[-103.6553,19.82727],[-103.65819,19.82174],[-103.6622,19.82013],[-103.66614,19.81297],[-103.67074,19.80949],[-103.6711,19.80573],[-103.67827,19.81177],[-103.68529,19.82648],[-103.68802,19.82815],[-103.69159,19.82772],[-103.69165,19.8155],[-103.69566,19.81073],[-103.69558,19.8052],[-103.69398,19.80323],[-103.69841,19.80023],[-103.70051,19.81103],[-103.70311,19.81355],[-103.7156,19.81194],[-103.71382,19.82339],[-103.71495,19.82424],[-103.71209,19.82987],[-103.71682,19.83959],[-103.72248,19.83157],[-103.72936,19.82734],[-103.73286,19.82109],[-103.74023,19.81564],[-103.74393,19.81569],[-103.74625,19.81306],[-103.74668,19.81468],[-103.75057,19.81432],[-103.75188,19.81755],[-103.75527,19.81685],[-103.7592,19.82004],[-103.77146,19.82288],[-103.77781,19.82015],[-103.78047,19.82281],[-103.77958,19.82635],[-103.78099,19.82721],[-103.78154,19.83352],[-103.78647,19.83473],[-103.78942,19.83879]]]}},{"type":"Feature","properties":{"cvegeo":"14057","nombre":"La Manzanilla de la Paz"},"geometry":{"type":"Polygon","coordinates":[[[-103.16214,20.08975],[-103.16656,20.08874],[-103.16515,20.08819],[-103.16612,20.08234],[-103.16487,20.08093],[-103.1705,20.08023],[-103.17132,20.07818],[-103.17013,20.07728],[-103.17202,20.05958],[-103.17535,20.05577],[-103.17109,20.05554],[-103.16439,20.04234],[-103.15866,20.02497],[-103.1739,20.0149],[-103.17905,20.01546],[-103.18099,20.01727],[-103.18616,20.01566],[-103.18712,20.01384],[-103.18279,20.00861],[-103.17889,20.00982],[-103.17328,20.00627],[-103.17149,20.01003],[-103.16272,20.00527],[-103.16341,20.0032],[-103.16153,20.0038],[-103.16111,20.00188],[-103.16585,20.00226],[-103.1653,19.9974],[-103.16784,19.99567],[-103.16313,19.99478],[-103.16686,19.98324],[-103.1666,19.97887],[-103.15811,19.97594],[-103.15763,19.96961],[-103.1548,19.96521],[-103.14789,19.97522],[-103.13978,19.97221],[-103.13232,19.96707],[-103.11949,19.96808],[-103.1071,19.97117],[-103.09664,19.96827],[-103.09023,19.96313],[-103.08625,19.96423],[-103.0834,19.96186],[-103.08144,19.96917],[-103.07842,19.97072],[-103.07733,19.96925],[-103.07357,19.97372],[-103.06926,19.97539],[-103.06429,19.97415],[-103.06377,19.97741],[-103.06756,19.98398],[-103.06481,19.98613],[-103.06472,19.98907],[-103.05892,19.99198],[-103.05835,19.99446],[-103.05435,19.9966],[-103.05028,19.99658],[-103.04421,20.00016],[-103.04381,20.00229],[-103.046,20.00265],[-103.04405,20.00455],[-103.04742,20.00488],[-103.04818,20.00728],[-103.04497,20.0081],[-103.04561,20.01129],[-103.03743,20.01697],[-103.03694,20.02182],[-103.03261,20.02468],[-103.03279,20.02615],[-103.03437,20.02517],[-103.03649,20.02699],[-103.0357,20.02941],[-103.03376,20.03056],[-103.0331,20.02931],[-103.03019,20.02951],[-103.02439,20.03331],[-103.02838,20.03637],[-103.02636,20.03935],[-103.02817,20.0447],[-103.02579,20.04647],[-103.02602,20.04987],[-103.02123,20.04713],[-103.02074,20.04893],[-103.02163,20.0533],[-103.02454,20.05252],[-103.02439,20.05509],[-103.02607,20.05601],[-103.02466,20.05776],[-103.02937,20.05907],[-103.03097,20.06348],[-103.02916,20.06488],[-103.03439,20.06747],[-103.03618,20.06677],[-103.03557,20.0649],[-103.03818,20.06536],[-103.03951,20.068],[-103.04385,20.06977],[-103.04776,20.06872],[-103.04977,20.06583],[-103.05447,20.06725],[-103.05553,20.06537],[-103.06081,20.06544],[-103.06313,20.06235],[-103.06496,20.06233],[-103.0645,20.05503],[-103.06711,20.04936],[-103.07032,20.04788],[-103.0701,20.04443],[-103.07581,20.04292],[-103.09109,20.03285],[-103.09216,20.03593],[-103.09993,20.04381],[-103.11044,20.0438],[-103.11174,20.04709],[-103.11085,20.04845],[-103.11317,20.05161],[-103.11854,20.04745],[-103.12744,20.05146],[-103.11942,20.05506],[-103.12457,20.0613],[-103.12213,20.06397],[-103.12513,20.06495],[-103.12516,20.06984],[-103.12716,20.07214],[-103.1249,20.07353],[-103.12155,20.07301],[-103.12221,20.07619],[-103.11993,20.0747],[-103.12249,20.08152],[-103.1299,20.08273],[-103.13283,20.08166],[-103.15722,20.08548],[-103.15906,20.08892],[-103.16176,20.08838],[-103.16214,20.08975]]]}},{"type":"Feature","properties":{"cvegeo":"14056","nombre":"Santa María del Oro"},"geometry":{"type":"Polygon","coordinates":[[[-102.7989,19.66409],[-102.8151,19.66053],[-102.82,19.66141],[-102.82033,19.65678],[-102.82285,19.65732],[-102.82331,19.65606],[-102.82058,19.65145],[-102.82318,19.65049],[-102.82883,19.65706],[-102.83661,19.65405],[-102.85181,19.6572],[-102.85474,19.65526],[-102.85865,19.6557],[-102.8667,19.65084],[-102.86901,19.63913],[-102.87622,19.63376],[-102.87579,19.63102],[-102.87881,19.62686],[-102.88242,19.62974],[-102.88139,19.6341],[-102.88658,19.63038],[-102.8927,19.63092],[-102.89455,19.63138],[-102.89675,19.63604],[-102.90033,19.63637],[-102.90857,19.62541],[-102.91076,19.62534],[-102.91161,19.6289],[-102.91665,19.63288],[-102.92034,19.63218],[-102.92517,19.63538],[-102.92919,19.63409],[-102.93033,19.62851],[-102.9402,19.6327],[-102.94779,19.62961],[-102.94897,19.63157],[-102.9553,19.62516],[-102.95662,19.62166],[-102.95789,19.62317],[-102.96143,19.623],[-102.96222,19.61541],[-102.9665,19.61238],[-102.96657,19.6173],[-102.96854,19.62122],[-102.9665,19.62541],[-102.97197,19.62873],[-102.97046,19.62965],[-102.972,19.63125],[-102.97188,19.63458],[-102.98312,19.63275],[-102.98454,19.63498],[-102.98776,19.63555],[-102.98847,19.6329],[-102.98892,19.63555],[-102.99252,19.63523],[-102.99702,19.64146],[-103.00176,19.6429],[-103.00663,19.63705],[-103.00732,19.63134],[-103.00608,19.62948],[-103.00789,19.6216],[-103.00577,19.62065],[-103.00714,19.61113],[-103.00916,19.61421],[-103.00962,19.61031],[-103.01573,19.60959],[-103.01678,19.60338],[-103.01896,19.60128],[-103.01812,19.59558],[-103.02182,19.59328],[-103.02548,19.58792],[-103.02902,19.58654],[-103.02146,19.56134],[-103.01624,19.56227],[-103.00706,19.55941],[-103.00358,19.55367],[-103.00566,19.55296],[-103.00777,19.54538],[-103.01052,19.54498],[-103.01133,19.54042],[-103.01834,19.53015],[-103.01881,19.52191],[-103.02373,19.52169],[-103.02523,19.51913],[-103.02861,19.51919],[-103.03358,19.51368],[-103.03907,19.51115],[-103.04863,19.50305],[-103.05543,19.50767],[-103.05851,19.5072],[-103.04563,19.49664],[-103.03757,19.49991],[-103.03471,19.49581],[-103.03106,19.49575],[-103.02572,19.49298],[-103.0186,19.48601],[-103.01294,19.48451],[-103.01476,19.4825],[-103.0144,19.48048],[-103.01015,19.4806],[-103.00604,19.47814],[-103.00637,19.47651],[-103.0,19.47695],[-102.99037,19.47128],[-102.98689,19.47394],[-102.98602,19.47173],[-102.98307,19.47342],[-102.97913,19.4672],[-102.97468,19.46434],[-102.96495,19.46717],[-102.95035,19.45606],[-102.94749,19.45673],[-102.94464,19.45409],[-102.9358,19.45281],[-102.93408,19.45606],[-102.93079,19.45355],[-102.92326,19.45089],[-102.9195,19.45139],[-102.91818,19.44996],[-102.91566,19.45302],[-102.91637,19.45533],[-102.91468,19.46064],[-102.91059,19.46527],[-102.90234,19.46884],[-102.89472,19.46609],[-102.89672,19.46361],[-102.89546,19.46282],[-102.89604,19.46102],[-102.89175,19.45536],[-102.88074,19.45285],[-102.87956,19.44972],[-102.87796,19.44985],[-102.87387,19.44536],[-102.86933,19.44496],[-102.86774,19.44249],[-102.87021,19.43717],[-102.8732,19.43912],[-102.87358,19.43603],[-102.87604,19.43509],[-102.87655,19.42849],[-102.86754,19.42018],[-102.86903,19.41613],[-102.86305,19.40121],[-102.86419,19.39649],[-102.85852,19.38645],[-102.85514,19.38975],[-102.85385,19.38916],[-102.84569,19.39953],[-102.83466,19.40326],[-102.8244,19.41169],[-102.82149,19.41174],[-102.82117,19.41512],[-102.81846,19.41813],[-102.81995,19.4207],[-102.8186,19.42477],[-102.81115,19.43136],[-102.80612,19.42201],[-102.8008,19.42075],[-102.80189,19.41334],[-102.79621,19.41189],[-102.79364,19.41411],[-102.78762,19.4125],[-102.78877,19.40999],[-102.7877,19.40381],[-102.78499,19.40408],[-102.78356,19.40182],[-102.78322,19.40418],[-102.78151,19.40473],[-102.7803,19.40265],[-102.77916,19.39605],[-102.78291,19.39366],[-102.78062,19.3919],[-102.77617,19.39304],[-102.77324,19.38812],[-102.76988,19.38794],[-102.76971,19.39521],[-102.76686,19.39883],[-102.76247,19.39914],[-102.7538,19.40447],[-102.75438,19.41685],[-102.74887,19.41799],[-102.74718,19.42463],[-102.74371,19.42414],[-102.74309,19.42771],[-102.73829,19.42893],[-102.73691,19.43617],[-102.73809,19.43813],[-102.73606,19.44146],[-102.74061,19.44522],[-102.73442,19.44888],[-102.72406,19.45026],[-102.71835,19.44835],[-102.71493,19.4514],[-102.71227,19.44602],[-102.7083,19.44881],[-102.69893,19.45021],[-102.69468,19.45257],[-102.68997,19.45204],[-102.68732,19.44964],[-102.68077,19.45338],[-102.67871,19.45132],[-102.67654,19.45197],[-102.67445,19.44922],[-102.66678,19.45],[-102.66395,19.44594],[-102.65685,19.44455],[-102.65164,19.44095],[-102.65224,19.43798],[-102.64716,19.43709],[-102.64115,19.44044],[-102.6321,19.45275],[-102.62388,19.45949],[-102.62239,19.46365],[-102.61799,19.46595],[-102.6119,19.466],[-102.60736,19.46395],[-102.59829,19.46578],[-102.5889,19.46508],[-102.58526,19.47193],[-102.58373,19.48596],[-102.58294,19.48743],[-102.58136,19.48696],[-102.58193,19.48941],[-102.57855,19.49259],[-102.57776,19.49659],[-102.57378,19.50013],[-102.57527,19.50368],[-102.57186,19.51119],[-102.57635,19.51589],[-102.57519,19.52189],[-102.57688,19.52265],[-102.57619,19.52489],[-102.57825,19.52449],[-102.58186,19.52826],[-102.584,19.52269],[-102.58653,19.52298],[-102.59114,19.5201],[-102.5929,19.52184],[-102.59846,19.51865],[-102.60952,19.51008],[-102.62053,19.49877],[-102.623,19.49752],[-102.62892,19.50045],[-102.6346,19.49597],[-102.65753,19.48724],[-102.67093,19.49063],[-102.66885,19.49142],[-102.67198,19.49459],[-102.67037,19.49883],[-102.67265,19.50446],[-102.67302,19.512],[-102.67742,19.51026],[-102.68949,19.51342],[-102.69262,19.51023],[-102.70438,19.50717],[-102.71225,19.49972],[-102.714,19.50091],[-102.71366,19.49914],[-102.71928,19.49735],[-102.72373,19.49318],[-102.73199,19.49605],[-102.73766,19.49296],[-102.73888,19.49867],[-102.73015,19.50685],[-102.73097,19.51054],[-102.72724,19.51217],[-102.72548,19.5114],[-102.72576,19.5088],[-102.72458,19.50912],[-102.72231,19.51814],[-102.71752,19.51947],[-102.71842,19.52586],[-102.71457,19.53078],[-102.71671,19.53353],[-102.71066,19.54107],[-102.71159,19.54557],[-102.71581,19.54634],[-102.71845,19.55032],[-102.71635,19.56121],[-102.71352,19.56326],[-102.71965,19.56829],[-102.7168,19.57064],[-102.72064,19.57429],[-102.72036,19.57962],[-102.72498,19.57786],[-102.72604,19.57903],[-102.72466,19.58187],[-102.72235,19.58238],[-102.72658,19.58614],[-102.72453,19.58542],[-102.72111,19.59157],[-102.71847,19.59287],[-102.71815,19.59962],[-102.71608,19.60019],[-102.71593,19.60294],[-102.71818,19.60409],[-102.71747,19.60573],[-102.72028,19.60586],[-102.72099,19.60769],[-102.71882,19.60941],[-102.72069,19.61067],[-102.72586,19.60994],[-102.72609,19.61314],[-102.72851,19.61189],[-102.73049,19.61377],[-102.73724,19.61508],[-102.74757,19.61278],[-102.75321,19.61744],[-102.75374,19.62016],[-102.75543,19.61982],[-102.75366,19.6229],[-102.75896,19.62487],[-102.76086,19.62753],[-102.77511,19.62717],[-102.77721,19.62898],[-102.77683,19.63411],[-102.7796,19.64431],[-102.78228,19.64259],[-102.78331,19.64353],[-102.78205,19.64662],[-102.78749,19.64823],[-102.78419,19.65209],[-102.7922,19.65361],[-102.7927,19.66256],[-102.7989,19.66409]]]}},{"type":"Feature","properties":{"cvegeo":"14054","nombre":"El Limón"},"geometry":{"type":"Polygon","coordinates":[[[-104.04835,19.92944],[-104.05009,19.92762],[-104.04957,19.92391],[-104.05223,19.9204],[-104.05625,19.91873],[-104.05596,19.91335],[-104.06333,19.91406],[-104.06811,19.91026],[-104.07031,19.89957],[-104.07486,19.8945],[-104.06804,19.89133],[-104.06626,19.88717],[-104.06917,19.88378],[-104.06815,19.88169],[-104.07035,19.87776],[-104.07976,19.87571],[-104.08136,19.87698],[-104.0815,19.86875],[-104.08646,19.86979],[-104.08688,19.87416],[-104.08929,19.87348],[-104.09106,19.8749],[-104.12389,19.86478],[-104.15062,19.86489],[-104.17754,19.85441],[-104.17514,19.85308],[-104.17279,19.84504],[-104.17687,19.83953],[-104.17574,19.83277],[-104.18255,19.82711],[-104.1883,19.8159],[-104.19193,19.81493],[-104.18717,19.80952],[-104.18586,19.81043],[-104.18434,19.80849],[-104.18567,19.80605],[-104.16779,19.80884],[-104.15983,19.81307],[-104.14656,19.81193],[-104.14317,19.80901],[-104.13865,19.80824],[-104.13491,19.80836],[-104.12562,19.81294],[-104.1232,19.81075],[-104.11666,19.81128],[-104.11601,19.80684],[-104.10891,19.80625],[-104.10209,19.79355],[-104.09465,19.79177],[-104.07427,19.77298],[-104.07108,19.77363],[-104.06735,19.77729],[-104.05623,19.77926],[-104.05224,19.78257],[-104.04955,19.78095],[-104.04674,19.782],[-104.04514,19.78712],[-104.04641,19.7873],[-104.04304,19.78967],[-104.04733,19.79068],[-104.04714,19.79557],[-104.04869,19.79724],[-104.04851,19.80075],[-104.04999,19.80078],[-104.04885,19.8045],[-104.04985,19.80692],[-104.04519,19.81643],[-104.04798,19.81878],[-104.05804,19.82159],[-104.06722,19.82194],[-104.0704,19.8244],[-104.06877,19.8259],[-104.06974,19.82627],[-104.074,19.82353],[-104.0767,19.82662],[-104.0757,19.8358],[-104.07395,19.83847],[-104.07671,19.84532],[-104.07489,19.8456],[-104.07354,19.85078],[-104.06579,19.84771],[-104.05907,19.85491],[-104.0554,19.86355],[-104.05691,19.86547],[-104.05089,19.87264],[-104.05138,19.87386],[-104.04757,19.87237],[-104.04863,19.87806],[-104.0302,19.88676],[-104.03134,19.89163],[-104.04005,19.89435],[-104.03605,19.89817],[-104.03404,19.9054],[-104.03042,19.91002],[-104.03157,19.91379],[-104.03497,19.91587],[-104.03619,19.92055],[-104.03905,19.92222],[-104.04032,19.9253],[-104.04835,19.92944]]]}},{"type":"Feature","properties":{"cvegeo":"14053","nombre":"Lagos de Moreno"},"geometry":{"type":"Polygon","coordinates":[[[-101.94019,21.88721],[-101.94124,21.88949],[-102.01995,21.86254],[-102.02079,21.85117],[-102.03842,21.8532],[-102.03862,21.83562],[-102.04108,21.83583],[-102.04174,21.82307],[-102.05512,21.81636],[-102.05287,21.81334],[-102.05798,21.80187],[-102.06372,21.79774],[-102.07196,21.78265],[-102.08307,21.78707],[-102.09457,21.7777],[-102.08618,21.76726],[-102.09825,21.76278],[-102.09838,21.76152],[-102.10156,21.76158],[-102.10337,21.75836],[-102.10208,21.75491],[-102.10463,21.75342],[-102.10382,21.75131],[-102.08601,21.7491],[-102.07768,21.75055],[-102.07815,21.75453],[-102.07646,21.75292],[-102.06609,21.75304],[-102.06506,21.74929],[-102.06215,21.74908],[-102.05543,21.75131],[-102.04027,21.75222],[-102.03931,21.75088],[-102.02284,21.75055],[-102.02119,21.75244],[-102.01895,21.74802],[-102.02475,21.73838],[-102.02389,21.73102],[-102.02507,21.72782],[-102.02221,21.73037],[-102.0094,21.72662],[-102.00985,21.71962],[-102.00779,21.71654],[-101.99949,21.7138],[-101.9874,21.72705],[-101.98667,21.72181],[-101.98272,21.72306],[-101.9844,21.71906],[-101.98179,21.71546],[-101.98278,21.71307],[-101.98026,21.71126],[-101.98242,21.70436],[-101.97708,21.70839],[-101.97216,21.70342],[-101.97389,21.6873],[-101.97958,21.67292],[-101.97853,21.66142],[-101.98142,21.66213],[-101.98171,21.66463],[-101.98445,21.66454],[-101.98469,21.66609],[-101.98756,21.66536],[-101.99043,21.66692],[-101.99261,21.67093],[-101.99545,21.66726],[-101.99654,21.66151],[-101.97133,21.63239],[-101.98701,21.62244],[-101.99039,21.61705],[-101.99253,21.60768],[-101.98421,21.60167],[-101.97795,21.59451],[-101.9803,21.59147],[-101.98117,21.58593],[-101.98399,21.58273],[-101.99365,21.57836],[-101.999,21.57284],[-101.99763,21.56934],[-101.99839,21.56114],[-102.00355,21.55685],[-102.00208,21.55105],[-102.01213,21.52784],[-102.01701,21.5265],[-102.02492,21.53108],[-102.0268,21.52814],[-102.02704,21.51469],[-102.02405,21.51294],[-102.02296,21.5082],[-102.03144,21.5063],[-102.03601,21.50946],[-102.04991,21.51129],[-102.04793,21.50736],[-102.04966,21.50092],[-102.05441,21.49595],[-102.06038,21.49409],[-102.06403,21.49459],[-102.04786,21.48457],[-102.04853,21.47938],[-102.04664,21.47454],[-102.04758,21.47207],[-102.05238,21.46857],[-102.05178,21.46217],[-102.05804,21.46091],[-102.06315,21.46417],[-102.0696,21.46034],[-102.08791,21.45726],[-102.09124,21.45362],[-102.09642,21.45151],[-102.10733,21.45296],[-102.11488,21.45036],[-102.11937,21.44502],[-102.12538,21.44182],[-102.13332,21.4432],[-102.13188,21.44035],[-102.13685,21.43947],[-102.13726,21.43492],[-102.12925,21.43037],[-102.12078,21.42975],[-102.11659,21.42615],[-102.12154,21.42131],[-102.12101,21.41308],[-102.13055,21.40157],[-102.13473,21.40038],[-102.1346,21.39859],[-102.13705,21.39868],[-102.13687,21.39641],[-102.14245,21.39741],[-102.14889,21.39267],[-102.14532,21.39004],[-102.14972,21.38784],[-102.14765,21.38647],[-102.14959,21.38372],[-102.14917,21.37856],[-102.14271,21.36461],[-102.14407,21.36311],[-102.14179,21.35442],[-102.13927,21.35369],[-102.15627,21.34696],[-102.16056,21.33068],[-102.15907,21.33049],[-102.15906,21.32421],[-102.15671,21.32372],[-102.15894,21.31938],[-102.15765,21.31767],[-102.15921,21.31347],[-102.16382,21.31081],[-102.16885,21.30213],[-102.16624,21.30069],[-102.16419,21.30337],[-102.15544,21.30462],[-102.15167,21.30051],[-102.14823,21.29961],[-102.14881,21.29437],[-102.13123,21.29775],[-102.13283,21.29033],[-102.14496,21.28033],[-102.14425,21.27622],[-102.13033,21.27753],[-102.12308,21.27496],[-102.12419,21.27147],[-102.12791,21.26959],[-102.12437,21.26864],[-102.11451,21.27078],[-102.11038,21.26291],[-102.10311,21.25792],[-102.09465,21.25497],[-102.09182,21.24916],[-102.08555,21.24861],[-102.08418,21.24659],[-102.08507,21.24211],[-102.08878,21.24293],[-102.10378,21.23492],[-102.09911,21.23213],[-102.0923,21.23184],[-102.09235,21.22511],[-102.08809,21.22516],[-102.08086,21.21966],[-102.07631,21.22041],[-102.06811,21.23299],[-102.06822,21.23574],[-102.04474,21.23638],[-102.04032,21.24184],[-102.03764,21.23799],[-102.03251,21.22282],[-102.02761,21.22289],[-102.02868,21.22498],[-102.02752,21.22702],[-102.02422,21.2282],[-102.02275,21.2302],[-102.02409,21.23065],[-102.01749,21.23823],[-102.01325,21.23955],[-102.01202,21.24278],[-102.01661,21.25055],[-102.01881,21.26213],[-102.02676,21.25974],[-102.03027,21.26026],[-102.03297,21.26294],[-102.02491,21.27456],[-102.02177,21.2738],[-102.01984,21.26795],[-102.01547,21.26725],[-102.01199,21.26364],[-102.00793,21.2637],[-102.00269,21.26574],[-102.00055,21.26864],[-101.99901,21.26823],[-101.99807,21.27532],[-101.98918,21.27552],[-101.99004,21.27857],[-101.98815,21.27672],[-101.98642,21.27722],[-101.9869,21.27462],[-101.9925,21.2745],[-101.98794,21.27264],[-101.98973,21.26853],[-101.98846,21.26649],[-101.98543,21.26808],[-101.98548,21.26688],[-101.977,21.27236],[-101.96204,21.2645],[-101.95977,21.26501],[-101.94863,21.25763],[-101.93494,21.25811],[-101.90605,21.25561],[-101.90055,21.25155],[-101.90055,21.24577],[-101.89144,21.24657],[-101.88295,21.23467],[-101.8853,21.23157],[-101.88066,21.23122],[-101.87557,21.22422],[-101.8712,21.21637],[-101.87066,21.21166],[-101.86848,21.20988],[-101.87048,21.20227],[-101.86864,21.19808],[-101.86272,21.19599],[-101.86062,21.19222],[-101.85979,21.18882],[-101.86215,21.17702],[-101.8598,21.17711],[-101.85243,21.17936],[-101.8475,21.17896],[-101.8409,21.18542],[-101.83291,21.18177],[-101.83255,21.18654],[-101.83071,21.18701],[-101.82922,21.19277],[-101.81819,21.19253],[-101.81682,21.19531],[-101.81094,21.19802],[-101.81091,21.19958],[-101.80892,21.19937],[-101.8086,21.20477],[-101.81043,21.20691],[-101.8086,21.2085],[-101.80336,21.21078],[-101.79992,21.21037],[-101.79428,21.21451],[-101.78965,21.21404],[-101.78393,21.21887],[-101.77881,21.21795],[-101.77376,21.21997],[-101.7712,21.23473],[-101.76595,21.24223],[-101.75459,21.24389],[-101.7682,21.25773],[-101.76575,21.2601],[-101.7594,21.26061],[-101.75781,21.26368],[-101.75972,21.26762],[-101.75672,21.2698],[-101.74957,21.27199],[-101.74265,21.27144],[-101.73854,21.26916],[-101.73687,21.27005],[-101.73579,21.27729],[-101.70938,21.28073],[-101.70717,21.27648],[-101.70201,21.27546],[-101.69893,21.27777],[-101.69773,21.28385],[-101.68668,21.29406],[-101.67622,21.28835],[-101.66285,21.28658],[-101.65945,21.2882],[-101.65995,21.28956],[-101.65848,21.28957],[-101.65402,21.29595],[-101.64318,21.29934],[-101.64126,21.30408],[-101.64091,21.31474],[-101.64314,21.32201],[-101.6461,21.3258],[-101.64539,21.3344],[-101.64657,21.33806],[-101.64469,21.33964],[-101.64284,21.35511],[-101.65159,21.36527],[-101.65161,21.36965],[-101.65466,21.37012],[-101.65562,21.37328],[-101.66874,21.38091],[-101.67248,21.38652],[-101.67536,21.38672],[-101.67623,21.38981],[-101.6775,21.38817],[-101.67949,21.38951],[-101.67894,21.39344],[-101.67191,21.39822],[-101.67038,21.40235],[-101.66876,21.40184],[-101.65852,21.4068],[-101.65101,21.4069],[-101.63841,21.41],[-101.63094,21.40731],[-101.61882,21.41539],[-101.60663,21.41497],[-101.60612,21.41696],[-101.60026,21.42054],[-101.59689,21.42098],[-101.58914,21.41513],[-101.57875,21.41844],[-101.57042,21.41854],[-101.57334,21.41969],[-101.58042,21.42828],[-101.58005,21.43288],[-101.58221,21.43329],[-101.58015,21.43593],[-101.58255,21.44423],[-101.58187,21.44781],[-101.58789,21.44241],[-101.58995,21.44558],[-101.59011,21.45016],[-101.58671,21.45258],[-101.59004,21.45678],[-101.58848,21.46059],[-101.58904,21.4649],[-101.62691,21.50984],[-101.62698,21.51356],[-101.63243,21.51905],[-101.64026,21.51363],[-101.64046,21.52863],[-101.63585,21.53243],[-101.63003,21.53233],[-101.62963,21.53509],[-101.62664,21.53446],[-101.62423,21.53598],[-101.62001,21.54107],[-101.62231,21.5426],[-101.62213,21.54453],[-101.62539,21.54396],[-101.62594,21.54605],[-101.62831,21.54627],[-101.63915,21.54164],[-101.64082,21.54312],[-101.63887,21.54483],[-101.64397,21.54681],[-101.64138,21.5498],[-101.65759,21.55114],[-101.65675,21.55647],[-101.65894,21.5597],[-101.66371,21.55943],[-101.66544,21.5574],[-101.67394,21.55683],[-101.67892,21.55448],[-101.67325,21.56293],[-101.68007,21.56845],[-101.6805,21.57319],[-101.68569,21.57911],[-101.68445,21.59729],[-101.68117,21.60338],[-101.68384,21.61041],[-101.68175,21.60952],[-101.68103,21.61095],[-101.68168,21.61368],[-101.68692,21.61566],[-101.69375,21.62284],[-101.69391,21.6294],[-101.70491,21.62754],[-101.71624,21.62988],[-101.73545,21.64166],[-101.74037,21.64814],[-101.73484,21.65416],[-101.73223,21.66077],[-101.74329,21.67033],[-101.75122,21.67395],[-101.76199,21.67816],[-101.77187,21.67633],[-101.77225,21.67927],[-101.77461,21.67908],[-101.78891,21.69564],[-101.80408,21.70849],[-101.8082,21.71529],[-101.82216,21.73033],[-101.82096,21.73303],[-101.81921,21.7314],[-101.8177,21.7323],[-101.80075,21.72836],[-101.80148,21.73115],[-101.8049,21.73379],[-101.7994,21.73677],[-101.79686,21.74363],[-101.80038,21.74884],[-101.80564,21.75224],[-101.80745,21.75803],[-101.81471,21.76004],[-101.82278,21.75536],[-101.82529,21.75164],[-101.82747,21.75248],[-101.82981,21.74921],[-101.83199,21.75675],[-101.83543,21.76038],[-101.83833,21.76151],[-101.84734,21.75952],[-101.84775,21.76106],[-101.83785,21.76714],[-101.83193,21.77354],[-101.82626,21.78413],[-101.82907,21.78432],[-101.8329,21.78836],[-101.8369,21.78999],[-101.84378,21.78904],[-101.84491,21.79188],[-101.8559,21.7992],[-101.86297,21.8299],[-101.86948,21.83362],[-101.87184,21.83637],[-101.8723,21.84054],[-101.87971,21.8442],[-101.88136,21.84714],[-101.88668,21.84843],[-101.88976,21.84701],[-101.90162,21.85018],[-101.90313,21.84921],[-101.90417,21.85067],[-101.90663,21.84984],[-101.90691,21.85106],[-101.91803,21.85254],[-101.9231,21.85656],[-101.92636,21.85553],[-101.93238,21.85728],[-101.92847,21.86256],[-101.93368,21.86576],[-101.93227,21.87799],[-101.92688,21.88563],[-101.93026,21.88603],[-101.93134,21.88799],[-101.93393,21.88712],[-101.93516,21.88898],[-101.94019,21.88721]]]}},{"type":"Feature","properties":{"cvegeo":"14052","nombre":"Juchitlán"},"geometry":{"type":"Polygon","coordinates":[[[-104.04477,20.16231],[-104.04811,20.15728],[-104.06382,20.14613],[-104.06754,20.13328],[-104.07547,20.12167],[-104.07442,20.11475],[-104.08532,20.10871],[-104.09485,20.0962],[-104.0974,20.09764],[-104.10046,20.09206],[-104.10172,20.09475],[-104.10644,20.09257],[-104.10817,20.08972],[-104.10779,20.08463],[-104.1247,20.08226],[-104.12691,20.08363],[-104.12736,20.0862],[-104.13349,20.08536],[-104.13664,20.08694],[-104.13214,20.08414],[-104.13132,20.08168],[-104.12637,20.08059],[-104.12649,20.0764],[-104.13012,20.07657],[-104.13326,20.07073],[-104.13264,20.06838],[-104.12861,20.06659],[-104.13117,20.06478],[-104.13161,20.06093],[-104.1274,20.0588],[-104.14217,20.03914],[-104.13684,20.04025],[-104.13049,20.03749],[-104.11212,20.03831],[-104.10491,20.03306],[-104.10134,20.03],[-104.09972,20.02116],[-104.09213,20.01595],[-104.08911,20.00945],[-104.08645,20.00734],[-104.08251,20.00747],[-104.07585,19.99977],[-104.07251,19.99983],[-104.06876,19.99625],[-104.0663,19.99656],[-104.06537,19.99264],[-104.06652,19.99001],[-104.07149,19.98944],[-104.07504,19.9839],[-104.08544,19.98239],[-104.08689,19.98024],[-104.08289,19.97969],[-104.08292,19.97749],[-104.07636,19.97344],[-104.07052,19.97271],[-104.06762,19.97064],[-104.06801,19.96942],[-104.06579,19.96889],[-104.06269,19.97069],[-104.05451,19.96395],[-104.04868,19.96462],[-104.04519,19.96319],[-104.04359,19.96453],[-104.0224,19.96629],[-104.01864,19.97132],[-104.01493,19.97326],[-104.00102,19.977],[-103.99612,19.98382],[-103.98297,19.98524],[-103.97094,19.98202],[-103.95307,19.98904],[-103.95678,20.01132],[-103.96047,20.0159],[-103.96517,20.01787],[-103.98084,20.0189],[-103.98834,20.02516],[-103.98679,20.02593],[-103.98661,20.0292],[-103.98346,20.03029],[-103.98383,20.033],[-103.98024,20.03794],[-103.98173,20.04258],[-103.9809,20.04626],[-103.97372,20.05149],[-103.96907,20.05908],[-103.96386,20.06219],[-103.96355,20.06761],[-103.9655,20.07048],[-103.96209,20.07999],[-103.96441,20.08205],[-103.9594,20.08551],[-103.95544,20.08557],[-103.95466,20.0886],[-103.95202,20.09122],[-103.94874,20.09171],[-103.94617,20.09547],[-103.94912,20.10198],[-103.94433,20.1063],[-103.94397,20.11076],[-103.94628,20.10813],[-103.94799,20.10834],[-103.956,20.11255],[-103.99116,20.12075],[-104.00106,20.11821],[-104.01187,20.12075],[-104.01857,20.11736],[-104.01876,20.11571],[-104.02286,20.11546],[-104.02488,20.11362],[-104.02959,20.11466],[-104.0305,20.11919],[-104.03438,20.12057],[-104.03288,20.12319],[-104.03534,20.12504],[-104.03313,20.12636],[-104.03533,20.12851],[-104.03441,20.13115],[-104.02983,20.13435],[-104.03392,20.14164],[-104.03381,20.15646],[-104.03519,20.1567],[-104.03882,20.15174],[-104.039,20.15677],[-104.04074,20.15912],[-104.04402,20.15983],[-104.04477,20.16231]]]}},{"type":"Feature","properties":{"cvegeo":"14050","nombre":"Jocotepec"},"geometry":{"type":"Polygon","coordinates":[[[-103.52753,20.41126],[-103.53658,20.40819],[-103.53626,20.40593],[-103.54784,20.40282],[-103.54831,20.40432],[-103.54795,20.40225],[-103.54692,20.40001],[-103.54253,20.39619],[-103.5464,20.39431],[-103.54352,20.39275],[-103.54032,20.38643],[-103.54668,20.37955],[-103.54534,20.37558],[-103.54747,20.3702],[-103.5399,20.34945],[-103.51654,20.32041],[-103.51137,20.30551],[-103.4989,20.29627],[-103.49823,20.29484],[-103.49979,20.29291],[-103.48361,20.29081],[-103.47831,20.28339],[-103.4801,20.27778],[-103.47626,20.27477],[-103.4605,20.26929],[-103.46227,20.26546],[-103.46054,20.26201],[-103.46186,20.25707],[-103.46643,20.25309],[-103.46961,20.24661],[-103.4621,20.22808],[-103.46001,20.22787],[-103.45878,20.22423],[-103.45419,20.22035],[-103.4448,20.21438],[-103.44323,20.20745],[-103.44067,20.20638],[-103.43619,20.20824],[-103.41778,20.20693],[-103.42076,20.2029],[-103.42292,20.20255],[-103.42592,20.19743],[-103.41559,20.18886],[-103.41561,20.18603],[-103.41212,20.18322],[-103.41228,20.1805],[-103.40964,20.18305],[-103.40201,20.18384],[-103.39889,20.18326],[-103.39939,20.18165],[-103.39305,20.18065],[-103.39055,20.18462],[-103.381,20.17933],[-103.37871,20.17415],[-103.37492,20.17237],[-103.37482,20.16974],[-103.37161,20.16851],[-103.37043,20.16995],[-103.3647,20.16751],[-103.34997,20.16814],[-103.34305,20.17268],[-103.34197,20.1746],[-103.34352,20.17901],[-103.35917,20.186],[-103.3621,20.19001],[-103.36816,20.19245],[-103.36803,20.19363],[-103.37059,20.19336],[-103.37366,20.19861],[-103.37491,20.20892],[-103.37002,20.21668],[-103.36735,20.21791],[-103.36656,20.22091],[-103.3608,20.22662],[-103.36403,20.22579],[-103.37303,20.22748],[-103.37966,20.22558],[-103.38844,20.2266],[-103.39722,20.2231],[-103.40261,20.22325],[-103.4104,20.22557],[-103.41565,20.23208],[-103.41917,20.23261],[-103.42201,20.25138],[-103.42145,20.25703],[-103.41866,20.25904],[-103.4196,20.26243],[-103.41783,20.27783],[-103.41311,20.28677],[-103.41044,20.28871],[-103.39603,20.28677],[-103.39085,20.28976],[-103.38728,20.28946],[-103.38638,20.29194],[-103.38193,20.29111],[-103.37596,20.29322],[-103.3759,20.28932],[-103.35092,20.28913],[-103.34576,20.28786],[-103.33807,20.28307],[-103.33048,20.28392],[-103.32044,20.28759],[-103.30727,20.2861],[-103.29912,20.28706],[-103.30157,20.29234],[-103.30289,20.30111],[-103.29979,20.30432],[-103.30042,20.31186],[-103.29826,20.31521],[-103.30106,20.32364],[-103.29966,20.32527],[-103.29165,20.32628],[-103.28919,20.33141],[-103.28632,20.33274],[-103.28999,20.3429],[-103.28977,20.3486],[-103.29505,20.35585],[-103.28912,20.36213],[-103.28996,20.36928],[-103.29431,20.36942],[-103.29432,20.37564],[-103.29689,20.37612],[-103.29544,20.37924],[-103.29901,20.39051],[-103.29656,20.39738],[-103.29095,20.39762],[-103.28826,20.39946],[-103.2888,20.40081],[-103.29261,20.4022],[-103.30825,20.40195],[-103.3102,20.39806],[-103.30986,20.39448],[-103.31158,20.39354],[-103.31047,20.39181],[-103.31559,20.39809],[-103.3169,20.39562],[-103.32797,20.39269],[-103.3301,20.38883],[-103.33392,20.38704],[-103.33407,20.38218],[-103.33595,20.37875],[-103.33946,20.37714],[-103.34316,20.3686],[-103.35249,20.36797],[-103.35882,20.36175],[-103.38312,20.36462],[-103.3897,20.3617],[-103.4078,20.36247],[-103.41033,20.36041],[-103.41537,20.36132],[-103.41799,20.3597],[-103.43722,20.36519],[-103.443,20.3723],[-103.45592,20.37415],[-103.45565,20.37539],[-103.46177,20.37978],[-103.46539,20.38483],[-103.47159,20.38693],[-103.48248,20.39524],[-103.50382,20.40255],[-103.50631,20.40485],[-103.51364,20.40534],[-103.51688,20.4073],[-103.52059,20.40637],[-103.52753,20.41126]]]}},{"type":"Feature","properties":{"cvegeo":"14031","nombre":"Chimaltitán"},"geometry":{"type":"Polygon","coordinates":[[[-103.68319,21.9272],[-103.69069,21.91697],[-103.70017,21.91406],[-103.70057,21.90911],[-103.70307,21.906],[-103.70227,21.90483],[-103.7047,21.90356],[-103.70095,21.88769],[-103.70121,21.88503],[-103.7032,21.88337],[-103.70161,21.87691],[-103.70497,21.87333],[-103.70307,21.87142],[-103.70614,21.86465],[-103.70577,21.85812],[-103.70867,21.85501],[-103.71194,21.85482],[-103.70981,21.85255],[-103.70636,21.85413],[-103.70407,21.85813],[-103.70044,21.85693],[-103.69527,21.85769],[-103.68998,21.85896],[-103.68843,21.86187],[-103.68297,21.86156],[-103.68136,21.86327],[-103.67524,21.86437],[-103.66998,21.86152],[-103.66508,21.8616],[-103.66448,21.84985],[-103.67423,21.84469],[-103.68761,21.84869],[-103.71042,21.82587],[-103.71389,21.82851],[-103.71912,21.82546],[-103.72189,21.82038],[-103.73148,21.82302],[-103.74045,21.80261],[-103.75317,21.80208],[-103.75543,21.80926],[-103.76591,21.80216],[-103.7667,21.80347],[-103.7828,21.80271],[-103.78299,21.80155],[-103.7908,21.80056],[-103.79199,21.79709],[-103.812,21.79853],[-103.83537,21.81336],[-103.84615,21.81435],[-103.84949,21.81777],[-103.84858,21.82085],[-103.86112,21.82736],[-103.88039,21.82434],[-103.89502,21.74955],[-103.88986,21.76009],[-103.88153,21.76268],[-103.87931,21.7678],[-103.87543,21.77068],[-103.874,21.76368],[-103.87571,21.75735],[-103.86852,21.7535],[-103.86935,21.75229],[-103.86448,21.75003],[-103.86109,21.74572],[-103.84982,21.7452],[-103.84716,21.73857],[-103.83985,21.73388],[-103.83781,21.73334],[-103.833,21.73862],[-103.82364,21.73635],[-103.81414,21.73797],[-103.80316,21.72892],[-103.79672,21.72991],[-103.79513,21.73388],[-103.79249,21.73359],[-103.77786,21.72819],[-103.77121,21.72189],[-103.76784,21.72342],[-103.7653,21.72026],[-103.76094,21.72307],[-103.75865,21.72214],[-103.75473,21.72392],[-103.75127,21.72345],[-103.74728,21.72584],[-103.74527,21.72383],[-103.74085,21.72498],[-103.73661,21.7239],[-103.73225,21.72086],[-103.7268,21.72323],[-103.72717,21.71621],[-103.71867,21.7145],[-103.71509,21.71058],[-103.70615,21.70829],[-103.70701,21.70495],[-103.70502,21.69976],[-103.70563,21.69722],[-103.70278,21.69626],[-103.69734,21.69573],[-103.68877,21.70245],[-103.68101,21.70101],[-103.67933,21.70293],[-103.67931,21.7077],[-103.67419,21.70938],[-103.67433,21.71292],[-103.67104,21.71354],[-103.66614,21.71177],[-103.65771,21.71687],[-103.65307,21.71634],[-103.64671,21.72217],[-103.64745,21.71355],[-103.65174,21.70886],[-103.65111,21.70124],[-103.65392,21.70037],[-103.65558,21.70319],[-103.65964,21.69932],[-103.65808,21.69434],[-103.66088,21.69228],[-103.66023,21.68999],[-103.66217,21.68765],[-103.66454,21.6881],[-103.66465,21.68026],[-103.66611,21.68149],[-103.67056,21.67929],[-103.67154,21.68156],[-103.67652,21.68093],[-103.67692,21.6776],[-103.67457,21.67613],[-103.67868,21.67184],[-103.6788,21.66721],[-103.6826,21.66473],[-103.68539,21.66543],[-103.68589,21.66976],[-103.68961,21.6693],[-103.69199,21.66663],[-103.69283,21.66324],[-103.69136,21.66044],[-103.69416,21.65796],[-103.69424,21.65253],[-103.69673,21.65407],[-103.699,21.64635],[-103.70153,21.64463],[-103.70092,21.64036],[-103.69787,21.63898],[-103.69004,21.62476],[-103.688,21.62459],[-103.68433,21.61924],[-103.6848,21.60612],[-103.70033,21.60062],[-103.70648,21.60137],[-103.70932,21.60031],[-103.70909,21.5992],[-103.70711,21.59614],[-103.70367,21.5945],[-103.7036,21.58919],[-103.70157,21.58538],[-103.69923,21.5846],[-103.69867,21.57834],[-103.69259,21.57308],[-103.69206,21.56158],[-103.6896,21.55919],[-103.68608,21.55886],[-103.68637,21.55648],[-103.68081,21.5578],[-103.68215,21.55646],[-103.67921,21.55593],[-103.67816,21.55775],[-103.67638,21.55532],[-103.67359,21.55485],[-103.6638,21.55807],[-103.66253,21.55644],[-103.65832,21.55591],[-103.66066,21.56054],[-103.66004,21.56479],[-103.64488,21.57645],[-103.64003,21.57628],[-103.63991,21.57431],[-103.62979,21.57335],[-103.6249,21.5686],[-103.62456,21.56583],[-103.62129,21.56463],[-103.62158,21.55814],[-103.619,21.55686],[-103.61314,21.55807],[-103.60811,21.55654],[-103.60332,21.55848],[-103.59292,21.55923],[-103.59675,21.56547],[-103.59329,21.57595],[-103.59476,21.58171],[-103.5905,21.58979],[-103.58202,21.58923],[-103.57999,21.5842],[-103.57422,21.5849],[-103.5726,21.58193],[-103.56623,21.58165],[-103.55889,21.5764],[-103.55467,21.57663],[-103.55243,21.58391],[-103.54522,21.58764],[-103.5504,21.597],[-103.55062,21.61344],[-103.55385,21.62455],[-103.55556,21.62541],[-103.55549,21.63408],[-103.5517,21.64091],[-103.55224,21.64584],[-103.54701,21.65072],[-103.5408,21.66529],[-103.5375,21.66634],[-103.53656,21.66889],[-103.52951,21.67244],[-103.52671,21.67556],[-103.52567,21.67856],[-103.52657,21.687],[-103.52392,21.69553],[-103.51915,21.7021],[-103.51785,21.71147],[-103.51286,21.7143],[-103.50984,21.71301],[-103.50777,21.71969],[-103.51013,21.72145],[-103.5108,21.72572],[-103.50937,21.73071],[-103.51065,21.73701],[-103.50847,21.73974],[-103.51214,21.74827],[-103.51469,21.74916],[-103.52343,21.76098],[-103.52359,21.76572],[-103.52726,21.76804],[-103.52601,21.76992],[-103.5288,21.7732],[-103.53181,21.77123],[-103.53441,21.77273],[-103.53711,21.77102],[-103.54326,21.77112],[-103.55379,21.77978],[-103.56076,21.78028],[-103.56262,21.78567],[-103.56592,21.78482],[-103.56944,21.78922],[-103.5679,21.79711],[-103.56895,21.7996],[-103.57149,21.80009],[-103.57295,21.80379],[-103.57599,21.80617],[-103.58098,21.80525],[-103.58323,21.80637],[-103.58466,21.80505],[-103.58989,21.80811],[-103.59205,21.80748],[-103.59316,21.81039],[-103.59704,21.81185],[-103.59821,21.8168],[-103.59988,21.8173],[-103.60223,21.8153],[-103.60554,21.81603],[-103.60997,21.82222],[-103.61459,21.82336],[-103.6178,21.8307],[-103.62112,21.8315],[-103.62586,21.83721],[-103.62426,21.84288],[-103.62116,21.84387],[-103.62155,21.85073],[-103.61881,21.85472],[-103.61983,21.8559],[-103.61888,21.86197],[-103.6238,21.87222],[-103.63022,21.87585],[-103.63512,21.87311],[-103.63766,21.87443],[-103.64448,21.8728],[-103.64653,21.86944],[-103.64976,21.86938],[-103.64917,21.87388],[-103.6522,21.8769],[-103.6555,21.88911],[-103.65791,21.89217],[-103.65331,21.89649],[-103.65432,21.8987],[-103.65145,21.90063],[-103.64995,21.90802],[-103.65092,21.91539],[-103.64937,21.91738],[-103.65064,21.92075],[-103.65471,21.92074],[-103.65871,21.92298],[-103.66552,21.92185],[-103.67359,21.91764],[-103.676,21.91802],[-103.68319,21.9272]]]}},{"type":"Feature","properties":{"cvegeo":"14049","nombre":"Jilotlán de los Dolores"},"geometry":{"type":"Polygon","coordinates":[[[-103.07143,19.5143],[-103.07506,19.50997],[-103.08288,19.50997],[-103.08539,19.50485],[-103.08327,19.50356],[-103.08498,19.50366],[-103.08673,19.50489],[-103.08827,19.5036],[-103.08841,19.50168],[-103.08664,19.5011],[-103.08841,19.49937],[-103.08956,19.5015],[-103.08867,19.49724],[-103.0913,19.49365],[-103.08341,19.48954],[-103.08156,19.49254],[-103.07924,19.49284],[-103.07193,19.49087],[-103.06557,19.4912],[-103.06127,19.48378],[-103.06833,19.48242],[-103.07323,19.47835],[-103.07429,19.47486],[-103.07663,19.47483],[-103.07628,19.4762],[-103.0797,19.47791],[-103.08571,19.4743],[-103.09167,19.47444],[-103.08718,19.47403],[-103.08725,19.4717],[-103.08505,19.47221],[-103.0835,19.47045],[-103.07873,19.47215],[-103.08088,19.465],[-103.07581,19.46542],[-103.0744,19.46262],[-103.07783,19.45995],[-103.07655,19.45421],[-103.07074,19.45369],[-103.07012,19.44916],[-103.06501,19.44885],[-103.06618,19.44524],[-103.07324,19.44723],[-103.07581,19.44639],[-103.07624,19.4495],[-103.07833,19.44986],[-103.08246,19.4477],[-103.08481,19.44989],[-103.08805,19.44645],[-103.09353,19.44932],[-103.09543,19.44878],[-103.09674,19.4513],[-103.10036,19.44362],[-103.09914,19.4405],[-103.10247,19.43799],[-103.10424,19.43865],[-103.1049,19.44241],[-103.10776,19.44266],[-103.10775,19.44501],[-103.10936,19.44569],[-103.11597,19.44504],[-103.11244,19.44227],[-103.1142,19.43978],[-103.11693,19.44225],[-103.11831,19.44177],[-103.11692,19.43329],[-103.11949,19.42745],[-103.11741,19.42486],[-103.11656,19.42615],[-103.11247,19.42415],[-103.11336,19.41757],[-103.11142,19.41656],[-103.10647,19.41828],[-103.09815,19.42672],[-103.09637,19.42057],[-103.0906,19.41955],[-103.09213,19.41504],[-103.08584,19.41348],[-103.0929,19.40686],[-103.08294,19.402],[-103.08396,19.39832],[-103.09069,19.39253],[-103.0918,19.38966],[-103.09083,19.38805],[-103.09373,19.38574],[-103.0924,19.3829],[-103.09383,19.38078],[-103.09932,19.37875],[-103.10043,19.37033],[-103.1102,19.36961],[-103.10856,19.36643],[-103.11158,19.36191],[-103.11713,19.36582],[-103.1197,19.36483],[-103.11989,19.36322],[-103.12236,19.36377],[-103.12541,19.36012],[-103.12736,19.36033],[-103.1296,19.35634],[-103.1255,19.35468],[-103.12482,19.35082],[-103.1278,19.35097],[-103.13455,19.3428],[-103.13764,19.343],[-103.14117,19.33991],[-103.14334,19.34033],[-103.14669,19.33673],[-103.14803,19.33753],[-103.14791,19.33392],[-103.156,19.32888],[-103.16316,19.315],[-103.15808,19.3108],[-103.14947,19.30725],[-103.15473,19.30379],[-103.14703,19.3013],[-103.14856,19.29877],[-103.14647,19.29699],[-103.1476,19.29278],[-103.14127,19.28756],[-103.13831,19.28049],[-103.13545,19.2811],[-103.13009,19.2777],[-103.13169,19.27659],[-103.13071,19.2748],[-103.11956,19.27759],[-103.11851,19.27485],[-103.11476,19.275],[-103.11106,19.27253],[-103.10956,19.26872],[-103.10443,19.2659],[-103.09939,19.25941],[-103.0968,19.25985],[-103.09469,19.26313],[-103.09101,19.26214],[-103.08446,19.26606],[-103.08259,19.26009],[-103.07713,19.25687],[-103.07976,19.25181],[-103.08062,19.2417],[-103.09195,19.23652],[-103.09251,19.2294],[-103.0976,19.22227],[-103.10498,19.21585],[-103.10065,19.21309],[-103.09868,19.20696],[-103.09512,19.20363],[-103.08739,19.20034],[-103.08412,19.19325],[-103.07127,19.19],[-103.06515,19.18617],[-103.05853,19.18507],[-103.05714,19.18302],[-103.0529,19.18433],[-103.05157,19.18285],[-103.04683,19.18316],[-103.04673,19.1756],[-103.04933,19.17241],[-103.05237,19.17171],[-103.0513,19.16673],[-103.04703,19.16461],[-103.04711,19.15802],[-103.04427,19.15256],[-103.04385,19.13582],[-103.03976,19.12849],[-103.03358,19.13072],[-103.02723,19.13017],[-103.02396,19.1315],[-103.02428,19.13255],[-103.01748,19.13297],[-103.01445,19.13557],[-103.00524,19.1377],[-102.99966,19.1353],[-102.98338,19.1214],[-102.97762,19.12006],[-102.97669,19.12637],[-102.97936,19.15241],[-102.97431,19.15374],[-102.96603,19.16395],[-102.96268,19.16577],[-102.96116,19.16749],[-102.96288,19.16957],[-102.96235,19.17202],[-102.9601,19.17406],[-102.95783,19.17355],[-102.95548,19.16962],[-102.9523,19.17656],[-102.95101,19.17505],[-102.9475,19.17488],[-102.94202,19.17713],[-102.93615,19.17362],[-102.93513,19.18203],[-102.92744,19.17727],[-102.91507,19.17937],[-102.88643,19.20439],[-102.86538,19.21129],[-102.86538,19.20588],[-102.8626,19.20323],[-102.85993,19.20395],[-102.84564,19.19905],[-102.84382,19.20263],[-102.83142,19.21464],[-102.82776,19.21126],[-102.83017,19.20999],[-102.82443,19.20569],[-102.81771,19.2091],[-102.81398,19.21828],[-102.80836,19.22326],[-102.79995,19.22345],[-102.79376,19.22541],[-102.79225,19.2287],[-102.79436,19.23237],[-102.7896,19.23959],[-102.79024,19.24246],[-102.78569,19.24215],[-102.78489,19.24392],[-102.77693,19.24356],[-102.76512,19.24863],[-102.75382,19.25581],[-102.74666,19.25217],[-102.74529,19.24948],[-102.74062,19.24833],[-102.73772,19.2422],[-102.72791,19.2424],[-102.71272,19.23581],[-102.70713,19.23832],[-102.70842,19.24118],[-102.70553,19.24191],[-102.70653,19.24358],[-102.70526,19.24705],[-102.70226,19.247],[-102.69883,19.24993],[-102.69659,19.24881],[-102.69489,19.24777],[-102.69437,19.23743],[-102.69555,19.23886],[-102.69732,19.23805],[-102.69623,19.23595],[-102.69826,19.23291],[-102.69699,19.23166],[-102.69916,19.23151],[-102.70152,19.22625],[-102.70069,19.22454],[-102.6939,19.2263],[-102.67662,19.21803],[-102.66992,19.21241],[-102.66826,19.22096],[-102.66211,19.21881],[-102.6613,19.22856],[-102.66,19.22987],[-102.65616,19.22874],[-102.65524,19.22992],[-102.65684,19.2325],[-102.65184,19.23552],[-102.6569,19.24054],[-102.65147,19.24311],[-102.64972,19.24601],[-102.65123,19.24923],[-102.64826,19.24995],[-102.6488,19.25324],[-102.64553,19.25531],[-102.64559,19.25949],[-102.63821,19.26266],[-102.64313,19.2662],[-102.64031,19.2666],[-102.641,19.26809],[-102.63897,19.26992],[-102.63888,19.27301],[-102.64106,19.27419],[-102.63948,19.27693],[-102.6431,19.27834],[-102.64084,19.28095],[-102.63956,19.29052],[-102.63786,19.29131],[-102.63822,19.29509],[-102.6358,19.2973],[-102.63455,19.30184],[-102.63124,19.30451],[-102.63272,19.30698],[-102.62991,19.30711],[-102.62607,19.31485],[-102.62,19.31515],[-102.61118,19.3228],[-102.60864,19.32906],[-102.61007,19.33089],[-102.60506,19.33846],[-102.6055,19.34933],[-102.60146,19.35687],[-102.60106,19.36449],[-102.59474,19.37119],[-102.59458,19.3756],[-102.58796,19.38868],[-102.58255,19.38967],[-102.5688,19.41263],[-102.57201,19.41528],[-102.57306,19.42008],[-102.57667,19.42197],[-102.57679,19.42391],[-102.57072,19.42673],[-102.56508,19.43516],[-102.55563,19.43154],[-102.55104,19.42538],[-102.54844,19.42872],[-102.54372,19.42958],[-102.54392,19.43225],[-102.54659,19.4351],[-102.55249,19.43347],[-102.55924,19.43688],[-102.55799,19.43958],[-102.54769,19.43949],[-102.5587,19.447],[-102.56673,19.44264],[-102.56858,19.44548],[-102.5633,19.46493],[-102.55694,19.46447],[-102.55476,19.47094],[-102.54831,19.47143],[-102.54677,19.47417],[-102.54273,19.47643],[-102.54908,19.49242],[-102.5759,19.49805],[-102.58193,19.48941],[-102.58136,19.48696],[-102.58294,19.48743],[-102.58373,19.48596],[-102.58526,19.47193],[-102.5889,19.46508],[-102.59829,19.46578],[-102.60736,19.46395],[-102.6119,19.466],[-102.61799,19.46595],[-102.62239,19.46365],[-102.62388,19.45949],[-102.6321,19.45275],[-102.64115,19.44044],[-102.64716,19.43709],[-102.65224,19.43798],[-102.65164,19.44095],[-102.65685,19.44455],[-102.66395,19.44594],[-102.66678,19.45],[-102.67445,19.44922],[-102.67654,19.45197],[-102.67871,19.45132],[-102.68077,19.45338],[-102.68732,19.44964],[-102.68997,19.45204],[-102.69468,19.45257],[-102.69893,19.45021],[-102.7083,19.44881],[-102.71227,19.44602],[-102.71493,19.4514],[-102.71835,19.44835],[-102.72537,19.4502],[-102.73442,19.44888],[-102.74006,19.44583],[-102.74005,19.44422],[-102.73606,19.44146],[-102.73809,19.43813],[-102.73691,19.43617],[-102.73829,19.42893],[-102.74309,19.42771],[-102.74371,19.42414],[-102.74718,19.42463],[-102.74887,19.41799],[-102.75438,19.41685],[-102.7538,19.40447],[-102.76247,19.39914],[-102.76686,19.39883],[-102.76971,19.39521],[-102.76988,19.38794],[-102.77324,19.38812],[-102.77617,19.39304],[-102.78062,19.3919],[-102.78291,19.39366],[-102.77916,19.39605],[-102.7803,19.40265],[-102.78151,19.40473],[-102.78322,19.40418],[-102.78356,19.40182],[-102.78499,19.40408],[-102.7877,19.40381],[-102.78877,19.40999],[-102.78762,19.4125],[-102.79364,19.41411],[-102.79621,19.41189],[-102.80189,19.41334],[-102.8008,19.42075],[-102.80612,19.42201],[-102.81086,19.43141],[-102.8186,19.42477],[-102.81995,19.4207],[-102.81846,19.41813],[-102.82117,19.41512],[-102.82149,19.41174],[-102.8244,19.41169],[-102.83466,19.40326],[-102.84569,19.39953],[-102.85385,19.38916],[-102.85514,19.38975],[-102.85852,19.38645],[-102.86419,19.39649],[-102.86305,19.40121],[-102.86903,19.41613],[-102.86754,19.42018],[-102.87655,19.42849],[-102.87604,19.43509],[-102.87358,19.43603],[-102.8732,19.43912],[-102.87021,19.43717],[-102.86774,19.44249],[-102.86933,19.44496],[-102.87387,19.44536],[-102.87796,19.44985],[-102.87956,19.44972],[-102.88074,19.45285],[-102.89175,19.45536],[-102.89604,19.46102],[-102.89546,19.46282],[-102.89672,19.46361],[-102.89472,19.46609],[-102.90234,19.46884],[-102.91059,19.46527],[-102.91468,19.46064],[-102.91637,19.45533],[-102.91566,19.45302],[-102.91818,19.44996],[-102.9195,19.45139],[-102.92326,19.45089],[-102.93079,19.45355],[-102.93408,19.45606],[-102.9358,19.45281],[-102.94464,19.45409],[-102.94749,19.45673],[-102.95035,19.45606],[-102.96495,19.46717],[-102.97468,19.46434],[-102.97913,19.4672],[-102.98307,19.47342],[-102.98602,19.47173],[-102.98689,19.47394],[-102.99037,19.47128],[-103.0,19.47695],[-103.00637,19.47651],[-103.00604,19.47814],[-103.01015,19.4806],[-103.0144,19.48048],[-103.01476,19.4825],[-103.01294,19.48451],[-103.0186,19.48601],[-103.02572,19.49298],[-103.03106,19.49575],[-103.03471,19.49581],[-103.03757,19.49991],[-103.04563,19.49664],[-103.05851,19.5072],[-103.05964,19.50666],[-103.05902,19.50794],[-103.0634,19.50951],[-103.06261,19.51095],[-103.07143,19.5143]]]}},{"type":"Feature","properties":{"cvegeo":"14048","nombre":"Jesús María"},"geometry":{"type":"Polygon","coordinates":[[[-102.11986,20.78684],[-102.13053,20.78668],[-102.14391,20.77442],[-102.15716,20.77312],[-102.16247,20.76958],[-102.16568,20.76181],[-102.16081,20.75556],[-102.1652,20.75054],[-102.16989,20.74841],[-102.18256,20.74962],[-102.19065,20.74336],[-102.18919,20.72486],[-102.1934,20.7219],[-102.20216,20.72301],[-102.20635,20.71928],[-102.20797,20.71408],[-102.21298,20.70734],[-102.22106,20.70828],[-102.22071,20.70992],[-102.2234,20.71058],[-102.22016,20.70367],[-102.2293,20.70069],[-102.23841,20.68838],[-102.2396,20.6835],[-102.25411,20.68158],[-102.26304,20.67277],[-102.26206,20.66657],[-102.25687,20.65615],[-102.25067,20.65575],[-102.2477,20.65706],[-102.24725,20.64949],[-102.24321,20.63825],[-102.25123,20.63564],[-102.25823,20.63556],[-102.26282,20.63029],[-102.27237,20.62606],[-102.28601,20.60699],[-102.28251,20.60327],[-102.28466,20.60213],[-102.28212,20.5989],[-102.28232,20.59679],[-102.27774,20.59705],[-102.27729,20.59397],[-102.27954,20.59371],[-102.27858,20.59105],[-102.28172,20.58996],[-102.27985,20.58425],[-102.27756,20.58535],[-102.27466,20.58287],[-102.27223,20.58623],[-102.25253,20.59167],[-102.25573,20.58229],[-102.25978,20.57878],[-102.2632,20.57895],[-102.26759,20.57506],[-102.26223,20.57347],[-102.25764,20.57433],[-102.25224,20.56924],[-102.25457,20.56434],[-102.2462,20.56246],[-102.2427,20.55713],[-102.24877,20.55426],[-102.24858,20.54457],[-102.23652,20.53365],[-102.23516,20.5309],[-102.23797,20.52631],[-102.23537,20.52679],[-102.22881,20.52096],[-102.23238,20.51126],[-102.22328,20.51019],[-102.21346,20.5203],[-102.20047,20.52459],[-102.19337,20.52434],[-102.18857,20.52709],[-102.18848,20.53006],[-102.16994,20.52507],[-102.16057,20.51919],[-102.15602,20.51978],[-102.15141,20.52272],[-102.14816,20.52163],[-102.1359,20.52693],[-102.12396,20.52646],[-102.12239,20.52507],[-102.12288,20.52317],[-102.12132,20.52284],[-102.11655,20.52631],[-102.11245,20.5272],[-102.11091,20.53007],[-102.107,20.5296],[-102.10331,20.53435],[-102.10259,20.54208],[-102.0991,20.54346],[-102.09964,20.54638],[-102.10308,20.55033],[-102.10232,20.55253],[-102.09816,20.55657],[-102.08732,20.56189],[-102.08459,20.56207],[-102.0843,20.55944],[-102.08648,20.5547],[-102.08902,20.55361],[-102.08837,20.55131],[-102.09242,20.55117],[-102.09548,20.54802],[-102.09411,20.54713],[-102.08921,20.52959],[-102.0863,20.52831],[-102.06283,20.53697],[-102.05766,20.53653],[-102.05538,20.53446],[-102.05373,20.54057],[-102.05149,20.5422],[-102.05269,20.54637],[-102.04996,20.54809],[-102.05071,20.54924],[-102.04306,20.54893],[-102.03791,20.54338],[-102.02907,20.54995],[-102.02094,20.55075],[-102.01983,20.54935],[-102.01399,20.54861],[-102.00939,20.545],[-102.00402,20.54526],[-102.00355,20.54725],[-101.99954,20.54594],[-101.99878,20.54131],[-101.99618,20.54052],[-101.99369,20.54116],[-101.99397,20.54433],[-101.99184,20.54197],[-101.98791,20.54528],[-101.98843,20.53964],[-101.98395,20.53501],[-101.97886,20.54284],[-101.97625,20.54342],[-101.97392,20.54179],[-101.97527,20.54872],[-101.96933,20.55908],[-101.9699,20.56881],[-101.9628,20.57024],[-101.96293,20.57437],[-101.96656,20.57513],[-101.96703,20.57934],[-101.95931,20.58684],[-101.95801,20.59834],[-101.95114,20.60743],[-101.95251,20.60929],[-101.95484,20.60785],[-101.95874,20.60879],[-101.95609,20.61915],[-101.9578,20.62042],[-101.958,20.62669],[-101.95555,20.62875],[-101.95708,20.63264],[-101.95919,20.6323],[-101.96413,20.63894],[-101.96612,20.63713],[-101.96649,20.63819],[-101.97119,20.63761],[-101.97154,20.64064],[-101.96948,20.6414],[-101.96791,20.64462],[-101.97017,20.65801],[-101.96791,20.66338],[-101.97375,20.66432],[-101.97373,20.66066],[-101.9772,20.66006],[-101.97778,20.65754],[-101.98138,20.65753],[-101.98194,20.66333],[-101.99039,20.66089],[-101.99302,20.66239],[-101.99528,20.66156],[-101.99712,20.66471],[-102.00227,20.66048],[-102.00471,20.66033],[-102.01042,20.66401],[-102.01384,20.66444],[-102.01551,20.66852],[-102.01408,20.67119],[-102.01909,20.67618],[-102.01769,20.67947],[-102.01845,20.6889],[-102.01296,20.7074],[-102.01249,20.71392],[-102.01439,20.71706],[-102.02029,20.71864],[-102.02448,20.718],[-102.02806,20.71984],[-102.03774,20.7174],[-102.04037,20.72325],[-102.03812,20.72623],[-102.03926,20.72828],[-102.03425,20.73548],[-102.03446,20.74214],[-102.03697,20.74268],[-102.04206,20.7405],[-102.04354,20.73742],[-102.06138,20.73705],[-102.06449,20.73875],[-102.0608,20.74381],[-102.06104,20.74852],[-102.0669,20.74753],[-102.06975,20.74909],[-102.07296,20.74777],[-102.07363,20.74876],[-102.07233,20.7594],[-102.06564,20.76676],[-102.06759,20.77225],[-102.07362,20.77677],[-102.07607,20.77217],[-102.07836,20.77184],[-102.07886,20.77405],[-102.08108,20.77151],[-102.08253,20.77718],[-102.08768,20.77885],[-102.09038,20.77595],[-102.09464,20.75953],[-102.10062,20.76291],[-102.10613,20.77817],[-102.11986,20.78684]]]}},{"type":"Feature","properties":{"cvegeo":"14047","nombre":"Jamay"},"geometry":{"type":"Polygon","coordinates":[[[-102.67909,20.37666],[-102.68039,20.3748],[-102.67285,20.37321],[-102.6728,20.36767],[-102.67698,20.36221],[-102.67518,20.35762],[-102.70953,20.34913],[-102.71977,20.34289],[-102.71977,20.34468],[-102.72747,20.34364],[-102.73558,20.33629],[-102.7427,20.32419],[-102.74565,20.32205],[-102.74573,20.31962],[-102.74886,20.31761],[-102.74869,20.31656],[-102.74501,20.31694],[-102.74288,20.312],[-102.74007,20.31263],[-102.73395,20.31073],[-102.7332,20.30922],[-102.73472,20.30733],[-102.73171,20.30233],[-102.73464,20.29748],[-102.74699,20.22993],[-102.74321,20.22491],[-102.74981,20.22119],[-102.74679,20.21693],[-102.74838,20.21679],[-102.74811,20.21147],[-102.73738,20.21447],[-102.72961,20.21369],[-102.72955,20.21516],[-102.72727,20.21353],[-102.71199,20.21337],[-102.70437,20.21009],[-102.69546,20.21406],[-102.68459,20.21215],[-102.68537,20.21801],[-102.67984,20.22607],[-102.6729,20.22657],[-102.67044,20.23037],[-102.66673,20.23131],[-102.66013,20.23143],[-102.65653,20.22843],[-102.65087,20.22852],[-102.64654,20.22432],[-102.63868,20.22408],[-102.62704,20.22964],[-102.62006,20.24516],[-102.61692,20.24787],[-102.621,20.25248],[-102.61724,20.25495],[-102.61325,20.25509],[-102.6124,20.25921],[-102.61481,20.26331],[-102.61094,20.26866],[-102.61184,20.2725],[-102.60373,20.29268],[-102.66508,20.294],[-102.66578,20.29925],[-102.66296,20.30031],[-102.66371,20.30544],[-102.65082,20.30568],[-102.64535,20.30857],[-102.63445,20.30641],[-102.63078,20.30821],[-102.6301,20.3102],[-102.63849,20.31496],[-102.64591,20.31537],[-102.65161,20.31255],[-102.65171,20.31393],[-102.65607,20.31518],[-102.66248,20.31534],[-102.66161,20.32649],[-102.66032,20.3262],[-102.65791,20.33005],[-102.65475,20.32933],[-102.65134,20.33638],[-102.65528,20.33899],[-102.65502,20.34106],[-102.66051,20.34374],[-102.66489,20.35263],[-102.66541,20.35628],[-102.65772,20.36869],[-102.66153,20.37273],[-102.67909,20.37666]]]}},{"type":"Feature","properties":{"cvegeo":"14046","nombre":"Jalostotitlán"},"geometry":{"type":"Polygon","coordinates":[[[-102.46777,21.33653],[-102.47203,21.33601],[-102.47658,21.33137],[-102.48136,21.32928],[-102.48215,21.32658],[-102.48975,21.32347],[-102.49037,21.32079],[-102.49538,21.31986],[-102.49981,21.31488],[-102.50454,21.31488],[-102.50809,21.31053],[-102.51691,21.30478],[-102.51767,21.30188],[-102.5205,21.30228],[-102.52072,21.30022],[-102.52261,21.30158],[-102.52394,21.29966],[-102.52693,21.30468],[-102.52988,21.3046],[-102.53131,21.29523],[-102.53519,21.29692],[-102.53629,21.29976],[-102.54127,21.30005],[-102.54891,21.29729],[-102.55385,21.29273],[-102.55646,21.29264],[-102.5577,21.2948],[-102.55648,21.29945],[-102.55757,21.3029],[-102.55428,21.30642],[-102.55856,21.31081],[-102.56459,21.30845],[-102.5676,21.30166],[-102.56942,21.30067],[-102.57446,21.30254],[-102.57328,21.30897],[-102.57946,21.30434],[-102.58628,21.30839],[-102.59189,21.30737],[-102.59852,21.30338],[-102.60778,21.30486],[-102.61249,21.30011],[-102.61202,21.29338],[-102.61346,21.28998],[-102.62647,21.27934],[-102.61862,21.27121],[-102.61963,21.26536],[-102.61065,21.26565],[-102.6026,21.25789],[-102.59779,21.25706],[-102.59606,21.25471],[-102.59268,21.25956],[-102.58429,21.25708],[-102.57812,21.25699],[-102.57474,21.25983],[-102.573,21.25801],[-102.573,21.25092],[-102.57588,21.25089],[-102.57809,21.24645],[-102.58114,21.24691],[-102.58211,21.24282],[-102.57518,21.23553],[-102.57936,21.22305],[-102.58081,21.22322],[-102.5828,21.2199],[-102.58943,21.22066],[-102.5929,21.21602],[-102.59401,21.21661],[-102.59224,21.21953],[-102.59298,21.22334],[-102.59493,21.22289],[-102.59574,21.21953],[-102.5986,21.21779],[-102.60246,21.22001],[-102.60852,21.21293],[-102.60816,21.20975],[-102.61152,21.20734],[-102.61418,21.20753],[-102.61472,21.20491],[-102.6171,21.20385],[-102.6216,21.20567],[-102.62502,21.20311],[-102.62358,21.20057],[-102.61872,21.20066],[-102.62196,21.19733],[-102.6177,21.19478],[-102.61796,21.18896],[-102.61429,21.18823],[-102.61607,21.1828],[-102.61772,21.18211],[-102.61212,21.1803],[-102.61443,21.17835],[-102.6143,21.17612],[-102.61133,21.17296],[-102.60636,21.17486],[-102.60466,21.17209],[-102.60478,21.16976],[-102.60627,21.16951],[-102.60541,21.16796],[-102.60762,21.16725],[-102.60746,21.16347],[-102.60932,21.16196],[-102.60789,21.15891],[-102.60919,21.15724],[-102.60822,21.15208],[-102.6026,21.14976],[-102.596,21.14931],[-102.59031,21.15241],[-102.58461,21.16043],[-102.58411,21.1585],[-102.57645,21.1586],[-102.57922,21.15503],[-102.57642,21.15501],[-102.57566,21.15272],[-102.57304,21.15249],[-102.57024,21.14691],[-102.57265,21.14492],[-102.57664,21.146],[-102.57801,21.14387],[-102.57494,21.1432],[-102.57795,21.13873],[-102.57648,21.1384],[-102.57468,21.14084],[-102.57196,21.13863],[-102.57391,21.13477],[-102.57335,21.12907],[-102.5822,21.12611],[-102.58885,21.12725],[-102.59247,21.12204],[-102.59217,21.11657],[-102.5852,21.11872],[-102.57866,21.11557],[-102.57397,21.11611],[-102.57234,21.11392],[-102.56137,21.11281],[-102.55687,21.11585],[-102.54679,21.1124],[-102.55004,21.10485],[-102.55006,21.10105],[-102.54791,21.09864],[-102.54937,21.09026],[-102.54814,21.08781],[-102.54972,21.08625],[-102.55063,21.07694],[-102.54951,21.07597],[-102.54631,21.07829],[-102.53894,21.07792],[-102.53831,21.08222],[-102.53537,21.08283],[-102.53216,21.08725],[-102.52608,21.08731],[-102.52103,21.08937],[-102.52022,21.08686],[-102.51663,21.08624],[-102.51723,21.08339],[-102.51167,21.08292],[-102.51053,21.08143],[-102.50983,21.08368],[-102.51133,21.08515],[-102.5099,21.08746],[-102.50302,21.08527],[-102.50003,21.0826],[-102.49314,21.06633],[-102.48465,21.0657],[-102.46881,21.07211],[-102.45513,21.06965],[-102.44627,21.07893],[-102.44196,21.08046],[-102.44187,21.08243],[-102.43664,21.08077],[-102.43117,21.08352],[-102.42238,21.08363],[-102.42915,21.09535],[-102.42884,21.10156],[-102.42593,21.10432],[-102.42004,21.10435],[-102.41652,21.09772],[-102.39478,21.10868],[-102.37616,21.11355],[-102.3691,21.10969],[-102.36398,21.10033],[-102.35974,21.09653],[-102.35637,21.09812],[-102.35221,21.10593],[-102.34819,21.10834],[-102.34283,21.10673],[-102.34244,21.10139],[-102.3399,21.10102],[-102.33235,21.10532],[-102.32977,21.11089],[-102.31807,21.10899],[-102.31477,21.10537],[-102.31493,21.11832],[-102.31244,21.12187],[-102.31411,21.12657],[-102.31323,21.1362],[-102.315,21.13817],[-102.31447,21.14043],[-102.32353,21.15022],[-102.32869,21.15137],[-102.32904,21.15314],[-102.33274,21.15501],[-102.33785,21.15506],[-102.34006,21.15701],[-102.34022,21.15955],[-102.35088,21.16188],[-102.35115,21.16399],[-102.35648,21.1625],[-102.36224,21.16416],[-102.37053,21.16182],[-102.37363,21.15911],[-102.37741,21.16068],[-102.37986,21.16467],[-102.38324,21.16304],[-102.3844,21.16444],[-102.38424,21.16206],[-102.3875,21.16057],[-102.39398,21.1655],[-102.39753,21.16616],[-102.40181,21.16081],[-102.40339,21.16207],[-102.40835,21.16152],[-102.40835,21.16757],[-102.41158,21.16838],[-102.40586,21.18291],[-102.41811,21.18612],[-102.41285,21.19212],[-102.39588,21.2011],[-102.40456,21.20594],[-102.40926,21.21159],[-102.42172,21.20767],[-102.41468,21.22068],[-102.41711,21.22052],[-102.42069,21.22333],[-102.4271,21.22381],[-102.43203,21.22888],[-102.43961,21.23158],[-102.42743,21.23374],[-102.42492,21.23657],[-102.41731,21.2394],[-102.42337,21.25971],[-102.42608,21.26048],[-102.43114,21.26727],[-102.42783,21.26646],[-102.4271,21.26828],[-102.42499,21.2683],[-102.42019,21.27219],[-102.42155,21.27925],[-102.4233,21.28152],[-102.43232,21.28076],[-102.43552,21.28686],[-102.4405,21.28938],[-102.43885,21.28117],[-102.43995,21.27635],[-102.45104,21.28035],[-102.45495,21.27854],[-102.45609,21.28135],[-102.45373,21.28726],[-102.45679,21.29611],[-102.45486,21.29627],[-102.45347,21.30261],[-102.45179,21.30434],[-102.44819,21.30076],[-102.44327,21.30764],[-102.43452,21.31502],[-102.43325,21.32254],[-102.42969,21.32878],[-102.43181,21.3273],[-102.448,21.32749],[-102.46021,21.33119],[-102.46777,21.33653]]]}},{"type":"Feature","properties":{"cvegeo":"14045","nombre":"Ixtlahuacán del Río"},"geometry":{"type":"Polygon","coordinates":[[[-103.20911,21.09414],[-103.21266,21.09108],[-103.21596,21.0908],[-103.21999,21.08564],[-103.22279,21.08679],[-103.22741,21.08492],[-103.23259,21.07909],[-103.23779,21.07862],[-103.24351,21.08406],[-103.25239,21.08102],[-103.25365,21.08313],[-103.25584,21.08258],[-103.25524,21.08463],[-103.25823,21.08307],[-103.25854,21.07851],[-103.26169,21.0746],[-103.2572,21.07073],[-103.25994,21.06863],[-103.26232,21.06256],[-103.26947,21.05996],[-103.27229,21.05402],[-103.27573,21.05145],[-103.27773,21.05193],[-103.27909,21.05645],[-103.28531,21.05798],[-103.28864,21.06159],[-103.29656,21.06484],[-103.30189,21.05458],[-103.30704,21.05752],[-103.31469,21.05591],[-103.31669,21.05408],[-103.32735,21.05565],[-103.33297,21.05238],[-103.3325,21.04515],[-103.335,21.04264],[-103.3402,21.04224],[-103.34248,21.04534],[-103.34526,21.04609],[-103.34928,21.03977],[-103.34502,21.0319],[-103.34671,21.03142],[-103.34852,21.02694],[-103.34354,21.02544],[-103.34401,21.0234],[-103.33908,21.02231],[-103.33859,21.01718],[-103.33503,21.01551],[-103.33601,21.01248],[-103.33425,21.0118],[-103.33748,20.99966],[-103.34205,20.99948],[-103.34281,20.99509],[-103.35156,20.99298],[-103.35668,20.98912],[-103.35514,20.97732],[-103.35943,20.9665],[-103.34589,20.9621],[-103.34295,20.96279],[-103.33789,20.9546],[-103.34061,20.94683],[-103.35375,20.94661],[-103.36995,20.9355],[-103.36811,20.92909],[-103.3606,20.92446],[-103.35581,20.9137],[-103.35181,20.91207],[-103.35156,20.90531],[-103.3531,20.90218],[-103.35173,20.89252],[-103.34542,20.88556],[-103.34203,20.88431],[-103.33429,20.86841],[-103.33029,20.86475],[-103.33259,20.85824],[-103.32636,20.8503],[-103.32539,20.84557],[-103.32906,20.83972],[-103.32959,20.83604],[-103.33321,20.83244],[-103.33029,20.82304],[-103.32548,20.81787],[-103.32864,20.81606],[-103.33397,20.80263],[-103.32823,20.80189],[-103.3265,20.7965],[-103.32169,20.79274],[-103.32199,20.79024],[-103.32484,20.78815],[-103.32311,20.78281],[-103.31283,20.78201],[-103.30684,20.77925],[-103.30712,20.76539],[-103.31444,20.7565],[-103.31379,20.75392],[-103.30456,20.74592],[-103.28694,20.73806],[-103.28382,20.7305],[-103.27379,20.72883],[-103.27143,20.72583],[-103.26109,20.72561],[-103.24944,20.71845],[-103.24239,20.71973],[-103.22847,20.71436],[-103.21073,20.73051],[-103.19996,20.73025],[-103.17755,20.73515],[-103.16628,20.7418],[-103.15982,20.74773],[-103.15282,20.74999],[-103.14511,20.75654],[-103.13354,20.75613],[-103.12006,20.7631],[-103.11145,20.76278],[-103.10652,20.76531],[-103.10479,20.76488],[-103.10338,20.76099],[-103.09944,20.75947],[-103.08301,20.75994],[-103.08221,20.76216],[-103.08468,20.77113],[-103.08387,20.77614],[-103.0858,20.77951],[-103.07738,20.79133],[-103.07762,20.79465],[-103.07343,20.7964],[-103.0699,20.80179],[-103.06979,20.80711],[-103.07112,20.80732],[-103.07199,20.81162],[-103.07462,20.81466],[-103.07332,20.8179],[-103.07456,20.81908],[-103.07381,20.82836],[-103.07881,20.82832],[-103.07854,20.83479],[-103.08656,20.834],[-103.08677,20.8392],[-103.0904,20.84282],[-103.09097,20.84795],[-103.09371,20.84915],[-103.09155,20.85011],[-103.09229,20.85212],[-103.10025,20.85539],[-103.10239,20.87713],[-103.11572,20.87908],[-103.11574,20.88077],[-103.12013,20.88492],[-103.13836,20.87569],[-103.14075,20.88474],[-103.14363,20.88462],[-103.1439,20.88629],[-103.14979,20.8855],[-103.15119,20.89069],[-103.15247,20.88877],[-103.15446,20.89019],[-103.15034,20.89342],[-103.14857,20.89701],[-103.14761,20.90399],[-103.14911,20.90732],[-103.14696,20.90942],[-103.15218,20.925],[-103.15765,20.92909],[-103.16466,20.92934],[-103.17009,20.93247],[-103.18257,20.93419],[-103.18268,20.94224],[-103.17914,20.94117],[-103.17324,20.94757],[-103.17095,20.94815],[-103.16985,20.94608],[-103.1568,20.94973],[-103.14882,20.95486],[-103.1393,20.95318],[-103.1359,20.95859],[-103.13732,20.9609],[-103.13337,20.95998],[-103.13455,20.95679],[-103.13266,20.95302],[-103.13215,20.95645],[-103.13074,20.95623],[-103.13169,20.95809],[-103.12824,20.95714],[-103.12371,20.96187],[-103.11949,20.96109],[-103.12286,20.96424],[-103.12582,20.9706],[-103.13214,20.9727],[-103.13324,20.97589],[-103.12908,20.97839],[-103.11926,20.97748],[-103.119,20.99498],[-103.13574,20.99835],[-103.14801,20.98779],[-103.14915,20.98323],[-103.15156,20.98569],[-103.1508,20.98766],[-103.15415,20.9905],[-103.1537,20.99452],[-103.14915,21.00156],[-103.1498,21.00581],[-103.1478,21.00743],[-103.1457,21.01518],[-103.14671,21.02142],[-103.14926,21.02411],[-103.14895,21.03191],[-103.14761,21.03316],[-103.14612,21.03193],[-103.14412,21.03579],[-103.13964,21.03888],[-103.13983,21.04251],[-103.1366,21.04637],[-103.13831,21.04793],[-103.13354,21.05119],[-103.12716,21.05213],[-103.12597,21.05485],[-103.13006,21.05346],[-103.13404,21.05842],[-103.1413,21.06107],[-103.1432,21.06574],[-103.14572,21.06429],[-103.14703,21.06592],[-103.15008,21.06506],[-103.15243,21.0693],[-103.16288,21.07289],[-103.16237,21.06977],[-103.16615,21.06921],[-103.17022,21.07244],[-103.17878,21.07193],[-103.18008,21.07461],[-103.18837,21.07066],[-103.18696,21.07435],[-103.19171,21.07934],[-103.18867,21.08162],[-103.18845,21.08515],[-103.20171,21.08591],[-103.20515,21.09258],[-103.20723,21.09167],[-103.20911,21.09414]]]}},{"type":"Feature","properties":{"cvegeo":"14042","nombre":"Huejuquilla el Alto"},"geometry":{"type":"Polygon","coordinates":[[[-103.93994,22.75016],[-103.9467,22.74574],[-103.95097,22.74732],[-103.95863,22.74533],[-103.96147,22.74705],[-103.96941,22.74669],[-103.97201,22.74165],[-103.97509,22.74494],[-103.97406,22.74696],[-103.97712,22.74715],[-103.98911,22.74184],[-103.99037,22.74312],[-103.98892,22.74649],[-103.99193,22.748],[-104.00299,22.74689],[-104.00776,22.74425],[-104.00952,22.74742],[-104.01193,22.74793],[-104.01652,22.74494],[-104.02569,22.74328],[-104.02778,22.74174],[-104.02767,22.73904],[-104.03598,22.73404],[-104.03698,22.72962],[-104.04081,22.72806],[-104.04663,22.72859],[-104.05591,22.72398],[-104.05547,22.72014],[-104.04775,22.71215],[-104.05107,22.70782],[-104.05611,22.70903],[-104.06415,22.70696],[-104.06077,22.69912],[-104.05796,22.69666],[-104.05916,22.69206],[-104.06257,22.69272],[-104.06903,22.70125],[-104.07214,22.70135],[-104.07362,22.69695],[-104.07297,22.69325],[-104.06919,22.69006],[-104.06636,22.69077],[-104.05947,22.68748],[-104.05265,22.6887],[-104.04896,22.68714],[-104.04661,22.68425],[-104.04689,22.68181],[-104.05481,22.67842],[-104.04694,22.67714],[-104.04327,22.67189],[-104.03365,22.6707],[-104.03281,22.67634],[-104.03083,22.67906],[-104.02614,22.67432],[-104.01551,22.66891],[-104.01951,22.65265],[-104.02516,22.65201],[-104.02476,22.65302],[-104.02747,22.64842],[-104.0277,22.63952],[-104.03329,22.63411],[-104.03069,22.62805],[-104.02595,22.62423],[-104.02663,22.6165],[-104.02489,22.61722],[-104.02701,22.61318],[-104.02412,22.60934],[-104.0234,22.60354],[-104.01807,22.59699],[-104.00621,22.59547],[-103.99643,22.5908],[-103.98888,22.59247],[-103.98622,22.5909],[-103.98329,22.58547],[-103.98999,22.58249],[-103.99017,22.57304],[-104.00084,22.56678],[-103.99935,22.56428],[-103.99389,22.56453],[-103.99363,22.56098],[-103.99067,22.55695],[-103.98692,22.5559],[-103.98531,22.55345],[-103.98387,22.55405],[-103.98217,22.54951],[-103.97233,22.54511],[-103.97302,22.54312],[-103.98009,22.54062],[-103.98569,22.54266],[-103.99888,22.5436],[-104.00315,22.54127],[-104.00557,22.5366],[-104.00278,22.53525],[-103.99976,22.53076],[-103.99377,22.52991],[-103.99038,22.52771],[-103.98723,22.52884],[-103.99126,22.52327],[-103.98815,22.52355],[-103.98483,22.51914],[-103.98029,22.51904],[-103.98065,22.5151],[-103.97786,22.51676],[-103.97516,22.51347],[-103.97433,22.51624],[-103.9662,22.51723],[-103.96314,22.51502],[-103.96341,22.50804],[-103.96182,22.5091],[-103.95829,22.50769],[-103.95636,22.50455],[-103.95355,22.5055],[-103.95241,22.50854],[-103.95004,22.50889],[-103.95113,22.5053],[-103.94994,22.50287],[-103.94558,22.5041],[-103.94173,22.50219],[-103.94066,22.49938],[-103.93441,22.49992],[-103.93807,22.49542],[-103.93308,22.48909],[-103.93505,22.48805],[-103.93924,22.49006],[-103.93981,22.48894],[-103.93167,22.47707],[-103.92939,22.4761],[-103.92979,22.47457],[-103.93209,22.47383],[-103.93466,22.47663],[-103.93779,22.4752],[-103.93816,22.47329],[-103.93463,22.47319],[-103.93344,22.4712],[-103.93848,22.46973],[-103.93681,22.4664],[-103.93797,22.46626],[-103.93795,22.46276],[-103.94933,22.46179],[-103.9534,22.4551],[-103.95866,22.45109],[-103.95796,22.44814],[-103.96029,22.44465],[-103.96057,22.43318],[-103.96738,22.43311],[-103.97556,22.43619],[-103.97652,22.43542],[-103.97466,22.43126],[-103.97651,22.4304],[-103.97647,22.42726],[-103.97898,22.42537],[-103.98153,22.42611],[-103.98276,22.42368],[-103.985,22.42308],[-103.98639,22.41483],[-103.99283,22.41049],[-104.00325,22.41028],[-104.00591,22.40868],[-104.00632,22.4028],[-104.00325,22.38993],[-104.01268,22.37855],[-104.01206,22.3708],[-104.01501,22.36843],[-104.01513,22.36481],[-104.02318,22.36449],[-104.02002,22.36225],[-104.01973,22.35948],[-104.01313,22.35232],[-104.01413,22.34948],[-104.01058,22.34643],[-104.00925,22.33737],[-104.0043,22.33378],[-104.00463,22.33077],[-103.99767,22.32566],[-103.99375,22.32008],[-103.99179,22.32035],[-103.9862,22.31026],[-103.97459,22.30612],[-103.96955,22.31711],[-103.96675,22.32038],[-103.96224,22.32225],[-103.96002,22.32907],[-103.95759,22.32752],[-103.952,22.32874],[-103.94858,22.32357],[-103.94348,22.32694],[-103.93965,22.32436],[-103.9338,22.328],[-103.92836,22.32866],[-103.92593,22.33256],[-103.92057,22.33504],[-103.91933,22.33832],[-103.92139,22.34272],[-103.9213,22.34788],[-103.91184,22.35226],[-103.90786,22.36205],[-103.90494,22.36427],[-103.89914,22.36303],[-103.89574,22.36411],[-103.89873,22.37958],[-103.89731,22.38165],[-103.89124,22.38357],[-103.89246,22.38803],[-103.88345,22.39002],[-103.8836,22.39502],[-103.8862,22.4002],[-103.88257,22.40161],[-103.86931,22.40126],[-103.86598,22.41523],[-103.86964,22.41536],[-103.87078,22.4173],[-103.87303,22.416],[-103.87465,22.417],[-103.87371,22.41906],[-103.88062,22.41816],[-103.87934,22.42069],[-103.87271,22.42281],[-103.87318,22.42476],[-103.88487,22.43059],[-103.8947,22.43816],[-103.89025,22.4418],[-103.8807,22.43992],[-103.8761,22.44118],[-103.87843,22.45136],[-103.88288,22.45455],[-103.88184,22.46883],[-103.88478,22.46897],[-103.88537,22.47353],[-103.88209,22.47717],[-103.88119,22.47472],[-103.87613,22.47198],[-103.87107,22.47247],[-103.86777,22.47842],[-103.86794,22.48203],[-103.86399,22.49144],[-103.86232,22.50189],[-103.86443,22.5039],[-103.86324,22.50706],[-103.86486,22.5075],[-103.8652,22.50958],[-103.86356,22.50993],[-103.866,22.51252],[-103.86421,22.51346],[-103.86816,22.51779],[-103.87243,22.51844],[-103.87519,22.52158],[-103.87151,22.53817],[-103.8699,22.53962],[-103.86468,22.53945],[-103.86806,22.5424],[-103.86688,22.5447],[-103.86122,22.54791],[-103.85416,22.54944],[-103.8518,22.55362],[-103.85223,22.55627],[-103.86074,22.56509],[-103.86072,22.56762],[-103.85791,22.56651],[-103.85601,22.57033],[-103.85725,22.57166],[-103.85537,22.57184],[-103.85533,22.57495],[-103.85239,22.57762],[-103.84836,22.57929],[-103.8431,22.57906],[-103.8345,22.58345],[-103.83344,22.58577],[-103.82776,22.58836],[-103.82521,22.58797],[-103.82327,22.59282],[-103.8196,22.59558],[-103.77345,22.6115],[-103.77274,22.61449],[-103.76774,22.61821],[-103.76588,22.62228],[-103.76096,22.62561],[-103.7652,22.62951],[-103.76846,22.64333],[-103.76659,22.64934],[-103.76165,22.65046],[-103.75867,22.65842],[-103.75987,22.66082],[-103.76356,22.66268],[-103.76161,22.6684],[-103.7637,22.67208],[-103.76194,22.67549],[-103.7632,22.67702],[-103.75621,22.69011],[-103.75131,22.69505],[-103.75335,22.6985],[-103.75155,22.70364],[-103.75361,22.70829],[-103.75199,22.71165],[-103.75572,22.71522],[-103.75481,22.71955],[-103.76907,22.72039],[-103.76923,22.72726],[-103.77174,22.73329],[-103.77467,22.73387],[-103.78139,22.72982],[-103.78446,22.73164],[-103.78629,22.73004],[-103.79106,22.73072],[-103.79392,22.72905],[-103.79529,22.73038],[-103.79992,22.73004],[-103.8009,22.7315],[-103.80503,22.73001],[-103.80558,22.73157],[-103.81675,22.72846],[-103.81887,22.73024],[-103.81917,22.72833],[-103.82163,22.73404],[-103.82661,22.73494],[-103.82947,22.73093],[-103.82986,22.73297],[-103.83272,22.73357],[-103.83621,22.72801],[-103.83854,22.73183],[-103.84874,22.7316],[-103.8546,22.7297],[-103.858,22.73335],[-103.86546,22.73541],[-103.86775,22.7324],[-103.87031,22.73547],[-103.87367,22.73517],[-103.87511,22.73716],[-103.8814,22.73454],[-103.89112,22.73516],[-103.89833,22.72828],[-103.90343,22.73091],[-103.90157,22.73495],[-103.90246,22.73835],[-103.9066,22.74629],[-103.90927,22.74741],[-103.90885,22.74998],[-103.92346,22.7485],[-103.93136,22.74523],[-103.93994,22.75016]]]}},{"type":"Feature","properties":{"cvegeo":"14041","nombre":"Huejúcar"},"geometry":{"type":"Polygon","coordinates":[[[-103.28373,22.41416],[-103.28568,22.4137],[-103.28564,22.40557],[-103.29308,22.39874],[-103.29545,22.39873],[-103.29651,22.39588],[-103.3005,22.39299],[-103.30526,22.39041],[-103.30918,22.39201],[-103.30953,22.39834],[-103.31458,22.40491],[-103.32338,22.38915],[-103.32553,22.38904],[-103.32929,22.38454],[-103.33964,22.3855],[-103.34806,22.37955],[-103.34745,22.3755],[-103.35314,22.36939],[-103.35991,22.37126],[-103.36472,22.36954],[-103.36663,22.35008],[-103.36255,22.33635],[-103.34296,22.33512],[-103.3472,22.33096],[-103.34936,22.32594],[-103.35956,22.32065],[-103.36376,22.31448],[-103.35009,22.30746],[-103.35285,22.28573],[-103.35569,22.2798],[-103.33838,22.28751],[-103.32771,22.30736],[-103.30688,22.30628],[-103.29779,22.29834],[-103.3004,22.29619],[-103.30784,22.28171],[-103.30598,22.27628],[-103.30684,22.27323],[-103.3049,22.2701],[-103.30532,22.26566],[-103.31394,22.25871],[-103.29676,22.25713],[-103.29469,22.25444],[-103.29907,22.24911],[-103.2907,22.2547],[-103.28208,22.2541],[-103.27786,22.25829],[-103.2769,22.26515],[-103.27499,22.26702],[-103.26925,22.26855],[-103.26514,22.27459],[-103.26073,22.27753],[-103.2502,22.27997],[-103.24314,22.27624],[-103.22621,22.27223],[-103.22561,22.26946],[-103.22171,22.26955],[-103.22165,22.2672],[-103.22452,22.26393],[-103.22366,22.26299],[-103.21779,22.2653],[-103.21597,22.26394],[-103.21681,22.26184],[-103.21253,22.26397],[-103.20234,22.26189],[-103.19771,22.26715],[-103.19536,22.26548],[-103.1932,22.2575],[-103.18897,22.26091],[-103.18618,22.26109],[-103.18268,22.2584],[-103.18198,22.25436],[-103.17857,22.25194],[-103.17792,22.24342],[-103.17489,22.23524],[-103.17112,22.23359],[-103.17025,22.23076],[-103.16563,22.23141],[-103.16218,22.22803],[-103.1645,22.22102],[-103.15847,22.21833],[-103.15776,22.21657],[-103.15821,22.2135],[-103.16162,22.20975],[-103.15946,22.20514],[-103.15641,22.20837],[-103.15005,22.21021],[-103.14001,22.20944],[-103.13984,22.20685],[-103.13832,22.21083],[-103.13263,22.21429],[-103.13091,22.21319],[-103.1305,22.2163],[-103.12537,22.21965],[-103.11644,22.21959],[-103.10687,22.21656],[-103.10987,22.22113],[-103.10861,22.22106],[-103.10903,22.22764],[-103.10567,22.22886],[-103.09935,22.23645],[-103.10195,22.24156],[-103.09537,22.24023],[-103.09632,22.24163],[-103.09451,22.24285],[-103.0965,22.24803],[-103.0935,22.24978],[-103.09255,22.24677],[-103.08388,22.24234],[-103.08504,22.24767],[-103.08148,22.25066],[-103.07869,22.25818],[-103.08182,22.26333],[-103.08383,22.26343],[-103.08296,22.27708],[-103.08722,22.27838],[-103.08763,22.28238],[-103.09112,22.28591],[-103.09808,22.28629],[-103.10053,22.29386],[-103.1171,22.29559],[-103.12604,22.29319],[-103.13149,22.29519],[-103.14012,22.29366],[-103.15254,22.29599],[-103.15465,22.29841],[-103.1598,22.29599],[-103.16474,22.2971],[-103.16506,22.2948],[-103.19057,22.29853],[-103.19476,22.29237],[-103.19635,22.29249],[-103.19548,22.29054],[-103.20192,22.2803],[-103.20374,22.28125],[-103.21442,22.27751],[-103.22244,22.28258],[-103.21837,22.28891],[-103.2208,22.29236],[-103.22037,22.2964],[-103.21657,22.29933],[-103.21744,22.3018],[-103.21506,22.30165],[-103.21501,22.3058],[-103.21304,22.30692],[-103.20964,22.31457],[-103.21271,22.31905],[-103.20952,22.32019],[-103.21012,22.32826],[-103.20823,22.33308],[-103.20419,22.33437],[-103.19409,22.33198],[-103.18488,22.3386],[-103.18481,22.34103],[-103.18269,22.34292],[-103.17892,22.34257],[-103.17762,22.34603],[-103.1729,22.35016],[-103.17276,22.35237],[-103.16859,22.35462],[-103.17045,22.36183],[-103.16642,22.37059],[-103.17405,22.37776],[-103.17287,22.37962],[-103.1705,22.3789],[-103.16858,22.38501],[-103.17786,22.38672],[-103.18131,22.3904],[-103.18254,22.38877],[-103.18936,22.39025],[-103.19877,22.3806],[-103.20317,22.39877],[-103.20531,22.40053],[-103.20393,22.40407],[-103.21341,22.41007],[-103.22092,22.40959],[-103.22607,22.4045],[-103.23212,22.39339],[-103.23504,22.39712],[-103.24446,22.39943],[-103.25219,22.39895],[-103.25508,22.40482],[-103.25839,22.40644],[-103.26025,22.41186],[-103.26346,22.41065],[-103.26622,22.41195],[-103.27489,22.40955],[-103.27469,22.41139],[-103.28056,22.41166],[-103.28373,22.41416]]]}},{"type":"Feature","properties":{"cvegeo":"14040","nombre":"Hostotipaquillo"},"geometry":{"type":"Polygon","coordinates":[[[-104.08503,21.20525],[-104.08846,21.20361],[-104.0888,21.19613],[-104.09418,21.19583],[-104.10004,21.20087],[-104.10876,21.19557],[-104.10905,21.19012],[-104.11084,21.1886],[-104.12405,21.19627],[-104.12856,21.19097],[-104.13867,21.18867],[-104.14727,21.19162],[-104.15951,21.18456],[-104.16581,21.18888],[-104.17715,21.18816],[-104.19637,21.19355],[-104.20279,21.19283],[-104.2087,21.18928],[-104.21419,21.17956],[-104.2194,21.17661],[-104.21734,21.17469],[-104.21872,21.17429],[-104.21788,21.17265],[-104.22051,21.17326],[-104.22047,21.16981],[-104.22358,21.16919],[-104.22147,21.16576],[-104.22423,21.16047],[-104.22174,21.15896],[-104.22487,21.1577],[-104.22205,21.15329],[-104.22517,21.15121],[-104.22211,21.14668],[-104.22284,21.14518],[-104.22118,21.14444],[-104.22149,21.14072],[-104.21912,21.1409],[-104.219,21.13764],[-104.21514,21.13911],[-104.21496,21.13401],[-104.21269,21.13397],[-104.2106,21.13093],[-104.21233,21.12455],[-104.21111,21.12107],[-104.21271,21.12043],[-104.21086,21.1186],[-104.21476,21.11679],[-104.21214,21.11453],[-104.21547,21.11402],[-104.21459,21.10771],[-104.22084,21.10136],[-104.22142,21.09789],[-104.21806,21.09287],[-104.2183,21.08785],[-104.21672,21.08579],[-104.21985,21.08012],[-104.21872,21.0786],[-104.2226,21.07348],[-104.22181,21.07002],[-104.22913,21.06615],[-104.23479,21.06768],[-104.23924,21.05707],[-104.23781,21.05608],[-104.23839,21.05227],[-104.23162,21.05055],[-104.23105,21.04919],[-104.23078,21.05103],[-104.22516,21.05053],[-104.22737,21.04574],[-104.22655,21.0443],[-104.2358,21.04012],[-104.23465,21.03503],[-104.23595,21.03155],[-104.2397,21.02786],[-104.24184,21.0286],[-104.24271,21.02733],[-104.24073,21.02172],[-104.23708,21.02145],[-104.22959,21.01627],[-104.22427,21.00756],[-104.22527,21.0057],[-104.2232,21.00126],[-104.22498,20.99612],[-104.23387,20.99833],[-104.23553,20.99421],[-104.23847,20.99215],[-104.23666,20.9903],[-104.2381,20.98418],[-104.23596,20.98069],[-104.23654,20.97731],[-104.23313,20.96874],[-104.22789,20.96717],[-104.22714,20.96498],[-104.21856,20.96028],[-104.20096,20.95989],[-104.19568,20.95738],[-104.19198,20.94965],[-104.18997,20.95177],[-104.18866,20.96278],[-104.18615,20.96656],[-104.1848,20.95775],[-104.17833,20.95533],[-104.17603,20.95775],[-104.17169,20.95592],[-104.16969,20.95315],[-104.17289,20.94726],[-104.17574,20.94514],[-104.17862,20.94572],[-104.17758,20.94241],[-104.17971,20.94056],[-104.16677,20.93745],[-104.16545,20.9386],[-104.1598,20.93614],[-104.15686,20.93659],[-104.15742,20.93916],[-104.15414,20.93995],[-104.15172,20.94398],[-104.14944,20.94493],[-104.14925,20.94762],[-104.14693,20.94656],[-104.14446,20.94921],[-104.14165,20.94851],[-104.14125,20.94646],[-104.13777,20.94599],[-104.13856,20.94382],[-104.13358,20.93944],[-104.1311,20.94129],[-104.12739,20.94083],[-104.12665,20.94225],[-104.11789,20.94204],[-104.11592,20.94484],[-104.10939,20.9472],[-104.10602,20.94305],[-104.10017,20.94118],[-104.09839,20.94287],[-104.09156,20.94417],[-104.09247,20.94944],[-104.09756,20.95499],[-104.09998,20.95421],[-104.09662,20.95751],[-104.08973,20.95741],[-104.08796,20.95541],[-104.07934,20.95249],[-104.07448,20.95599],[-104.06176,20.95879],[-104.05195,20.976],[-104.05048,20.97521],[-104.04102,20.98146],[-104.03176,20.98037],[-104.03198,20.98547],[-104.02726,20.99518],[-104.02354,20.99412],[-104.02039,21.0027],[-104.02287,21.00609],[-104.02099,21.0043],[-104.01172,21.00793],[-104.00047,20.99169],[-104.00218,20.99008],[-103.99823,20.98751],[-103.99556,20.98301],[-103.99014,20.9802],[-103.99044,20.9782],[-103.98702,20.97706],[-103.99078,20.97172],[-103.98449,20.96841],[-103.98031,20.96157],[-103.98095,20.95948],[-103.97722,20.95961],[-103.97903,20.95752],[-103.97663,20.95628],[-103.97333,20.95763],[-103.96646,20.9556],[-103.97034,20.94605],[-103.96525,20.93864],[-103.96286,20.93707],[-103.94011,20.93699],[-103.93707,20.94484],[-103.92835,20.95055],[-103.92719,20.95944],[-103.92492,20.96181],[-103.91973,20.96233],[-103.91018,20.96736],[-103.90505,20.97395],[-103.89997,20.9762],[-103.89687,20.9803],[-103.89395,20.97987],[-103.88761,20.98418],[-103.88348,20.98414],[-103.88411,20.98672],[-103.88182,20.98982],[-103.88114,21.00538],[-103.87565,21.00868],[-103.87422,21.01312],[-103.86547,21.01588],[-103.86527,21.02186],[-103.86216,21.02733],[-103.86341,21.03833],[-103.86538,21.03774],[-103.86839,21.03944],[-103.86812,21.0374],[-103.8702,21.03613],[-103.87555,21.037],[-103.87971,21.04141],[-103.88192,21.04938],[-103.87794,21.05233],[-103.8684,21.05143],[-103.86541,21.06039],[-103.85825,21.06344],[-103.85634,21.07261],[-103.86037,21.07513],[-103.86406,21.07505],[-103.87203,21.08056],[-103.87816,21.08023],[-103.88797,21.08394],[-103.88962,21.08372],[-103.89368,21.07589],[-103.90323,21.07208],[-103.92212,21.07987],[-103.93398,21.07924],[-103.93458,21.08245],[-103.94029,21.08992],[-103.95745,21.09418],[-103.96417,21.10383],[-103.96514,21.10928],[-103.96716,21.11175],[-103.98529,21.12428],[-103.99713,21.1382],[-104.00292,21.14048],[-104.01218,21.13591],[-104.02543,21.13476],[-104.03167,21.13656],[-104.04903,21.15228],[-104.05443,21.16155],[-104.0719,21.1666],[-104.07074,21.17565],[-104.07324,21.18192],[-104.07182,21.18879],[-104.0748,21.19055],[-104.0776,21.18894],[-104.08098,21.18969],[-104.08091,21.20176],[-104.08236,21.20431],[-104.08503,21.20525]]]}},{"type":"Feature","properties":{"cvegeo":"14038","nombre":"Guachinango"},"geometry":{"type":"Polygon","coordinates":[[[-104.59073,20.93462],[-104.59151,20.93153],[-104.60099,20.93144],[-104.60714,20.92623],[-104.61072,20.92557],[-104.61184,20.92321],[-104.61889,20.92377],[-104.61448,20.90475],[-104.61474,20.89667],[-104.61247,20.89498],[-104.61392,20.88964],[-104.60493,20.88538],[-104.60212,20.87623],[-104.60051,20.8745],[-104.59781,20.87497],[-104.59285,20.8709],[-104.60095,20.86668],[-104.59693,20.86294],[-104.59222,20.86525],[-104.59047,20.85675],[-104.59253,20.85456],[-104.58665,20.84967],[-104.5927,20.84084],[-104.58776,20.8398],[-104.58799,20.83751],[-104.5903,20.83533],[-104.595,20.83692],[-104.59607,20.83547],[-104.59193,20.82532],[-104.59439,20.81784],[-104.59028,20.81468],[-104.59107,20.81133],[-104.58915,20.80973],[-104.58512,20.81237],[-104.58393,20.80958],[-104.5789,20.80818],[-104.57867,20.80439],[-104.58034,20.80377],[-104.58403,20.79453],[-104.58048,20.79161],[-104.5761,20.78387],[-104.57228,20.78244],[-104.57295,20.78028],[-104.57561,20.7802],[-104.57517,20.77867],[-104.57171,20.77512],[-104.56922,20.77582],[-104.56825,20.77401],[-104.56934,20.76919],[-104.57095,20.76864],[-104.57025,20.76459],[-104.56433,20.76117],[-104.55653,20.76249],[-104.55506,20.75242],[-104.55284,20.75173],[-104.55226,20.75381],[-104.54864,20.75307],[-104.54728,20.74952],[-104.54497,20.75004],[-104.54397,20.74678],[-104.53856,20.74295],[-104.53816,20.74133],[-104.5426,20.73473],[-104.5324,20.72357],[-104.53604,20.72098],[-104.53544,20.71906],[-104.53751,20.71746],[-104.53166,20.71154],[-104.53454,20.70859],[-104.52829,20.70358],[-104.52792,20.70103],[-104.52432,20.69963],[-104.52162,20.70088],[-104.52414,20.69289],[-104.52073,20.69222],[-104.51339,20.68344],[-104.51876,20.67914],[-104.51647,20.67045],[-104.51696,20.66666],[-104.51981,20.6644],[-104.50987,20.66292],[-104.51132,20.65804],[-104.50935,20.65646],[-104.50348,20.6591],[-104.49872,20.65486],[-104.49643,20.66004],[-104.495,20.65642],[-104.49061,20.6534],[-104.48669,20.652],[-104.48284,20.65438],[-104.48238,20.64919],[-104.47892,20.64818],[-104.48511,20.62901],[-104.48759,20.62633],[-104.49215,20.62676],[-104.49506,20.62973],[-104.50247,20.62863],[-104.50221,20.62173],[-104.50113,20.61846],[-104.49597,20.61445],[-104.49654,20.6122],[-104.49415,20.60559],[-104.49499,20.59877],[-104.4924,20.59615],[-104.48695,20.59504],[-104.48534,20.58843],[-104.48019,20.58255],[-104.47311,20.57848],[-104.46656,20.57837],[-104.46455,20.57255],[-104.46627,20.57066],[-104.46095,20.56575],[-104.46247,20.55781],[-104.46039,20.5547],[-104.45845,20.55495],[-104.4583,20.55285],[-104.45411,20.55071],[-104.44937,20.55207],[-104.44629,20.54962],[-104.44396,20.55001],[-104.44477,20.54673],[-104.44717,20.54607],[-104.45219,20.53992],[-104.4551,20.53178],[-104.44806,20.53067],[-104.44416,20.53173],[-104.44365,20.5291],[-104.43974,20.52558],[-104.44014,20.52162],[-104.43594,20.5194],[-104.43117,20.51365],[-104.42922,20.51523],[-104.42302,20.51322],[-104.4179,20.51358],[-104.41673,20.51503],[-104.41768,20.51704],[-104.41519,20.51932],[-104.40278,20.52523],[-104.40743,20.51291],[-104.40253,20.516],[-104.39089,20.51454],[-104.3792,20.52012],[-104.37961,20.51834],[-104.37435,20.51253],[-104.36323,20.51089],[-104.35771,20.50693],[-104.34853,20.51317],[-104.34565,20.51027],[-104.34169,20.51093],[-104.33735,20.50759],[-104.34196,20.5015],[-104.33362,20.49847],[-104.32921,20.50029],[-104.32768,20.49899],[-104.32849,20.50038],[-104.32388,20.49927],[-104.31607,20.49359],[-104.31675,20.48929],[-104.31888,20.48964],[-104.32265,20.48686],[-104.32214,20.48206],[-104.31926,20.47789],[-104.31498,20.47788],[-104.31206,20.47579],[-104.31072,20.47878],[-104.30736,20.48079],[-104.30581,20.47817],[-104.30716,20.47592],[-104.30459,20.47543],[-104.30614,20.47339],[-104.30147,20.47222],[-104.30086,20.47066],[-104.30277,20.47071],[-104.30267,20.46893],[-104.27938,20.45871],[-104.27214,20.47741],[-104.27238,20.4798],[-104.27595,20.48209],[-104.27589,20.48418],[-104.27826,20.48635],[-104.27815,20.4886],[-104.2809,20.49054],[-104.27795,20.49493],[-104.28007,20.49855],[-104.26896,20.4963],[-104.26794,20.49725],[-104.26725,20.49569],[-104.26343,20.49448],[-104.26244,20.49581],[-104.25823,20.49307],[-104.25464,20.49562],[-104.25447,20.49737],[-104.25214,20.49658],[-104.25268,20.49395],[-104.24976,20.49222],[-104.24851,20.49374],[-104.2511,20.4948],[-104.25086,20.49665],[-104.24802,20.49613],[-104.24752,20.49396],[-104.24546,20.49466],[-104.24005,20.49248],[-104.24021,20.49456],[-104.24517,20.49754],[-104.2433,20.50111],[-104.2515,20.51355],[-104.24514,20.51844],[-104.24516,20.52603],[-104.23639,20.52917],[-104.24879,20.53555],[-104.25484,20.53534],[-104.25446,20.53588],[-104.24354,20.53912],[-104.26807,20.55905],[-104.26587,20.56381],[-104.26231,20.56503],[-104.25943,20.56824],[-104.25858,20.57601],[-104.25435,20.58212],[-104.2515,20.58235],[-104.2432,20.58775],[-104.24365,20.59144],[-104.2401,20.59704],[-104.24872,20.59913],[-104.25264,20.60279],[-104.25871,20.60429],[-104.267,20.61418],[-104.27475,20.6169],[-104.27499,20.62217],[-104.27879,20.62384],[-104.2801,20.62817],[-104.2819,20.62876],[-104.28081,20.63538],[-104.2828,20.63623],[-104.28148,20.64124],[-104.28264,20.64268],[-104.2807,20.64701],[-104.28477,20.65289],[-104.28339,20.65764],[-104.28696,20.65861],[-104.28796,20.66041],[-104.28643,20.66833],[-104.28456,20.67062],[-104.28843,20.6754],[-104.28908,20.68287],[-104.28729,20.68749],[-104.2907,20.69099],[-104.30357,20.6927],[-104.30565,20.69417],[-104.30801,20.69684],[-104.30716,20.69982],[-104.30904,20.70366],[-104.31639,20.70696],[-104.31851,20.71349],[-104.3229,20.71403],[-104.32412,20.71754],[-104.33194,20.71675],[-104.33589,20.72146],[-104.3508,20.72534],[-104.35336,20.73595],[-104.359,20.73714],[-104.36209,20.74344],[-104.36559,20.745],[-104.37139,20.74146],[-104.37755,20.74237],[-104.37653,20.74757],[-104.37894,20.75519],[-104.38598,20.76321],[-104.38421,20.76648],[-104.38868,20.768],[-104.3914,20.77256],[-104.39501,20.77443],[-104.39662,20.78084],[-104.40184,20.78324],[-104.40365,20.78606],[-104.41252,20.78995],[-104.41412,20.79377],[-104.41915,20.79622],[-104.42337,20.79129],[-104.42726,20.79102],[-104.42906,20.79242],[-104.42931,20.79679],[-104.43434,20.8004],[-104.43574,20.80576],[-104.43861,20.80529],[-104.44095,20.80765],[-104.44935,20.80354],[-104.45548,20.80678],[-104.45841,20.80652],[-104.4584,20.80899],[-104.46296,20.81083],[-104.46002,20.8131],[-104.46431,20.81399],[-104.47425,20.81991],[-104.47693,20.81965],[-104.47553,20.82267],[-104.48032,20.82326],[-104.48024,20.82504],[-104.48356,20.82737],[-104.48529,20.83328],[-104.49014,20.83502],[-104.49321,20.83876],[-104.49994,20.83819],[-104.50322,20.84182],[-104.50158,20.84536],[-104.50426,20.84683],[-104.50639,20.86084],[-104.51061,20.85966],[-104.514,20.8665],[-104.51949,20.86915],[-104.52256,20.87971],[-104.52476,20.8805],[-104.5232,20.88295],[-104.52404,20.88522],[-104.5282,20.88587],[-104.53106,20.88266],[-104.53407,20.88349],[-104.53495,20.88775],[-104.53329,20.88966],[-104.53603,20.89389],[-104.53572,20.89586],[-104.54373,20.89801],[-104.54497,20.90324],[-104.54285,20.91194],[-104.55114,20.91708],[-104.55571,20.91812],[-104.55752,20.92081],[-104.55692,20.92415],[-104.56021,20.92615],[-104.56453,20.92627],[-104.56931,20.93089],[-104.57419,20.92997],[-104.57817,20.93395],[-104.59073,20.93462]]]}},{"type":"Feature","properties":{"cvegeo":"14037","nombre":"El Grullo"},"geometry":{"type":"Polygon","coordinates":[[[-104.256,19.90109],[-104.25735,19.89927],[-104.25702,19.89526],[-104.25966,19.89173],[-104.25761,19.89047],[-104.25824,19.88869],[-104.26134,19.88653],[-104.27022,19.89462],[-104.27077,19.89337],[-104.27877,19.89288],[-104.28375,19.89519],[-104.28814,19.89218],[-104.29032,19.89283],[-104.29276,19.88971],[-104.29012,19.88365],[-104.29135,19.88146],[-104.28436,19.87747],[-104.2879,19.86032],[-104.29031,19.85793],[-104.28271,19.84889],[-104.28267,19.83057],[-104.27463,19.82339],[-104.25712,19.82752],[-104.24898,19.82305],[-104.24374,19.82453],[-104.24191,19.82364],[-104.24091,19.82045],[-104.24328,19.81968],[-104.24103,19.81562],[-104.23925,19.80206],[-104.23594,19.79756],[-104.23001,19.79471],[-104.23161,19.79157],[-104.22534,19.78947],[-104.22573,19.77733],[-104.22746,19.77521],[-104.2228,19.77294],[-104.22171,19.77399],[-104.22217,19.77256],[-104.21909,19.77292],[-104.21882,19.77417],[-104.21739,19.77335],[-104.21733,19.76805],[-104.21523,19.7638],[-104.21565,19.75891],[-104.21063,19.75627],[-104.21029,19.75323],[-104.20629,19.75428],[-104.20235,19.75265],[-104.20087,19.75009],[-104.19655,19.75182],[-104.19319,19.74983],[-104.19289,19.74684],[-104.19133,19.74613],[-104.19046,19.74813],[-104.18739,19.74763],[-104.18698,19.74255],[-104.18503,19.73956],[-104.17998,19.73925],[-104.18112,19.74421],[-104.17468,19.74113],[-104.17376,19.73913],[-104.1752,19.73492],[-104.17206,19.7326],[-104.16687,19.73199],[-104.1636,19.73661],[-104.15844,19.72774],[-104.15949,19.72155],[-104.15623,19.71599],[-104.15322,19.71655],[-104.15413,19.71441],[-104.15208,19.71035],[-104.15407,19.70613],[-104.14574,19.70719],[-104.14245,19.70197],[-104.14289,19.69862],[-104.14991,19.69562],[-104.14751,19.69029],[-104.13514,19.69237],[-104.12034,19.69152],[-104.11031,19.69413],[-104.10918,19.69772],[-104.11016,19.70114],[-104.11505,19.70391],[-104.11429,19.70864],[-104.11607,19.71015],[-104.11686,19.71482],[-104.113,19.71913],[-104.11694,19.72667],[-104.11452,19.73171],[-104.11493,19.73574],[-104.11368,19.73623],[-104.118,19.74131],[-104.1236,19.74387],[-104.12297,19.74529],[-104.11436,19.7484],[-104.11628,19.75224],[-104.1145,19.75875],[-104.12109,19.7635],[-104.12023,19.76625],[-104.12708,19.76683],[-104.12706,19.76954],[-104.12893,19.76965],[-104.13215,19.77564],[-104.12802,19.79524],[-104.12348,19.79542],[-104.12179,19.8034],[-104.11618,19.80631],[-104.11666,19.81128],[-104.1232,19.81075],[-104.12562,19.81294],[-104.13491,19.80836],[-104.13865,19.80824],[-104.14317,19.80901],[-104.14656,19.81193],[-104.15776,19.81327],[-104.16779,19.80884],[-104.18567,19.80605],[-104.18434,19.80849],[-104.18586,19.81043],[-104.18717,19.80952],[-104.19193,19.81493],[-104.1883,19.8159],[-104.18255,19.82711],[-104.17574,19.83277],[-104.17687,19.83953],[-104.17279,19.84504],[-104.17514,19.85308],[-104.19904,19.86113],[-104.2015,19.86317],[-104.20669,19.86207],[-104.20774,19.86475],[-104.21183,19.86292],[-104.21295,19.86599],[-104.215,19.86318],[-104.23706,19.87498],[-104.22985,19.88691],[-104.23124,19.88852],[-104.23234,19.88745],[-104.23658,19.89247],[-104.24762,19.89468],[-104.25316,19.90019],[-104.256,19.90109]]]}},{"type":"Feature","properties":{"cvegeo":"14036","nombre":"Etzatlán"},"geometry":{"type":"Polygon","coordinates":[[[-104.13811,20.88612],[-104.14119,20.88607],[-104.14229,20.87962],[-104.14722,20.87945],[-104.14892,20.87771],[-104.14868,20.87443],[-104.15396,20.87123],[-104.15536,20.86775],[-104.15301,20.86396],[-104.1542,20.8632],[-104.15356,20.85886],[-104.14573,20.85602],[-104.1437,20.85808],[-104.14233,20.85714],[-104.14298,20.85454],[-104.13945,20.85125],[-104.13243,20.84957],[-104.12734,20.84506],[-104.12799,20.84191],[-104.13289,20.84013],[-104.1281,20.83575],[-104.12783,20.83335],[-104.13211,20.8278],[-104.1285,20.82476],[-104.13404,20.82384],[-104.13684,20.81867],[-104.1318,20.81138],[-104.12926,20.81185],[-104.12787,20.81439],[-104.12432,20.81486],[-104.12595,20.81178],[-104.1348,20.80892],[-104.13617,20.80607],[-104.13319,20.80268],[-104.13441,20.7993],[-104.13791,20.79962],[-104.1348,20.79317],[-104.13519,20.78944],[-104.13664,20.78875],[-104.13621,20.78463],[-104.12985,20.7818],[-104.13005,20.77895],[-104.12504,20.77881],[-104.12687,20.77718],[-104.12616,20.77576],[-104.13075,20.77069],[-104.19827,20.7843],[-104.2024,20.77313],[-104.20482,20.77621],[-104.20617,20.77259],[-104.20524,20.76478],[-104.20296,20.76337],[-104.20174,20.75725],[-104.19776,20.75552],[-104.19512,20.75141],[-104.19894,20.74801],[-104.19964,20.74885],[-104.20118,20.74401],[-104.19439,20.73873],[-104.19458,20.7343],[-104.20665,20.72865],[-104.21068,20.7313],[-104.21416,20.7313],[-104.21417,20.72963],[-104.22006,20.72501],[-104.22489,20.72658],[-104.22916,20.72439],[-104.23445,20.72614],[-104.23888,20.72571],[-104.24152,20.72377],[-104.24784,20.72652],[-104.24658,20.71828],[-104.24222,20.71515],[-104.24143,20.70998],[-104.24738,20.70557],[-104.24752,20.69766],[-104.24278,20.69429],[-104.2433,20.69175],[-104.24733,20.68992],[-104.23981,20.69038],[-104.23902,20.69214],[-104.23373,20.69457],[-104.23184,20.6918],[-104.2282,20.6919],[-104.22415,20.68969],[-104.22197,20.68478],[-104.21652,20.68019],[-104.21555,20.67757],[-104.21827,20.67028],[-104.21209,20.66544],[-104.21359,20.66036],[-104.20946,20.65868],[-104.20102,20.6606],[-104.19862,20.65844],[-104.19295,20.66251],[-104.18889,20.66304],[-104.18456,20.66119],[-104.18201,20.65832],[-104.18259,20.65678],[-104.18041,20.65708],[-104.17541,20.65373],[-104.15722,20.65016],[-104.15191,20.65043],[-104.15229,20.65163],[-104.14899,20.65245],[-104.14832,20.65069],[-104.14263,20.64829],[-104.13612,20.64832],[-104.13583,20.64994],[-104.13002,20.64766],[-104.12685,20.6483],[-104.12511,20.65481],[-104.1177,20.65138],[-104.11476,20.64579],[-104.10678,20.63828],[-104.10262,20.63844],[-104.09781,20.63531],[-104.09358,20.63638],[-104.09482,20.63943],[-104.089,20.64044],[-104.08761,20.64444],[-104.08013,20.65202],[-104.07572,20.65367],[-104.07963,20.65646],[-104.07489,20.65645],[-104.06998,20.65257],[-104.06382,20.65252],[-104.0625,20.65562],[-104.05834,20.6585],[-104.05908,20.66127],[-104.0562,20.66223],[-104.05736,20.68023],[-104.05626,20.68715],[-104.05203,20.69205],[-104.03222,20.72783],[-104.03021,20.729],[-104.03084,20.73547],[-104.0277,20.73567],[-104.02607,20.74091],[-104.02483,20.74265],[-104.02338,20.742],[-104.02419,20.744],[-104.02099,20.7448],[-104.02031,20.74675],[-104.02533,20.74636],[-104.01947,20.74786],[-104.02056,20.7484],[-104.01692,20.7553],[-104.02553,20.76309],[-104.0322,20.76357],[-104.03638,20.75874],[-104.04477,20.7575],[-104.048,20.75485],[-104.05109,20.7584],[-104.05666,20.75816],[-104.05943,20.75984],[-104.05755,20.7631],[-104.04792,20.76973],[-104.05414,20.77796],[-104.06824,20.78524],[-104.0643,20.81071],[-104.07127,20.81173],[-104.07486,20.81775],[-104.07148,20.81966],[-104.06886,20.82585],[-104.06555,20.82849],[-104.0682,20.84323],[-104.06581,20.84567],[-104.06008,20.84599],[-104.06534,20.8512],[-104.07407,20.85435],[-104.07548,20.86199],[-104.07165,20.86826],[-104.07033,20.88309],[-104.08035,20.88293],[-104.07934,20.87789],[-104.08043,20.87493],[-104.08428,20.87216],[-104.08472,20.86843],[-104.08707,20.86942],[-104.08528,20.88088],[-104.09263,20.88335],[-104.09223,20.88588],[-104.09774,20.88707],[-104.09813,20.88546],[-104.10567,20.88302],[-104.10843,20.88468],[-104.11817,20.88332],[-104.12201,20.88473],[-104.12881,20.88418],[-104.13141,20.88217],[-104.13811,20.88612]]]}},{"type":"Feature","properties":{"cvegeo":"14019","nombre":"Bolaños"},"geometry":{"type":"Polygon","coordinates":[[[-103.8884,22.02637],[-103.88965,22.02219],[-103.89315,22.02039],[-103.91365,22.01867],[-103.91916,22.01463],[-103.91879,22.01055],[-103.91147,22.00297],[-103.91185,22.0003],[-103.90906,21.99442],[-103.9097,21.99149],[-103.9059,21.98869],[-103.91019,21.98184],[-103.91468,21.98026],[-103.91924,21.97672],[-103.91934,21.97503],[-103.92469,21.97246],[-103.92406,21.96969],[-103.91774,21.96209],[-103.92232,21.95102],[-103.91778,21.94886],[-103.91791,21.94576],[-103.92166,21.94216],[-103.92005,21.93479],[-103.92437,21.93692],[-103.92536,21.94327],[-103.93013,21.94502],[-103.93039,21.94806],[-103.93386,21.95104],[-103.93754,21.94764],[-103.94264,21.94575],[-103.93841,21.94207],[-103.93832,21.93125],[-103.94061,21.92906],[-103.94512,21.93],[-103.94914,21.9344],[-103.9523,21.93559],[-103.96026,21.93685],[-103.96331,21.93478],[-103.96233,21.93791],[-103.9583,21.94023],[-103.95816,21.94475],[-103.9699,21.94316],[-103.97405,21.94564],[-103.97773,21.95078],[-103.99463,21.94512],[-104.00029,21.93385],[-104.0067,21.93315],[-104.01485,21.92918],[-104.01844,21.93104],[-104.01997,21.93542],[-104.02295,21.93653],[-104.02492,21.93988],[-104.03051,21.93937],[-104.03835,21.94708],[-104.04828,21.95275],[-104.06076,21.94291],[-104.06372,21.927],[-104.06837,21.92301],[-104.06963,21.91706],[-104.07827,21.91237],[-104.0836,21.90224],[-104.085,21.89544],[-104.0835,21.8939],[-104.0862,21.89365],[-104.08829,21.88986],[-104.09079,21.89251],[-104.09405,21.89284],[-104.09836,21.89818],[-104.09835,21.89578],[-104.10365,21.89852],[-104.10948,21.8982],[-104.113,21.89976],[-104.11578,21.89524],[-104.12079,21.89508],[-104.1234,21.89701],[-104.12206,21.89944],[-104.12326,21.90241],[-104.119,21.90849],[-104.11545,21.91028],[-104.12096,21.90992],[-104.1292,21.90522],[-104.13477,21.90563],[-104.14183,21.92029],[-104.14877,21.92442],[-104.15397,21.91994],[-104.15528,21.91402],[-104.15432,21.91186],[-104.15635,21.90592],[-104.15893,21.90423],[-104.16029,21.89889],[-104.16509,21.89493],[-104.16742,21.89372],[-104.17745,21.89511],[-104.17846,21.8926],[-104.17832,21.89649],[-104.18477,21.89211],[-104.18494,21.88938],[-104.1875,21.88851],[-104.19196,21.89265],[-104.19997,21.89427],[-104.20104,21.89148],[-104.19869,21.889],[-104.19604,21.87949],[-104.19089,21.8772],[-104.18639,21.86801],[-104.1788,21.86763],[-104.17556,21.87191],[-104.17223,21.87132],[-104.17777,21.86514],[-104.17959,21.86009],[-104.197,21.85077],[-104.19664,21.85053],[-104.19496,21.85041],[-104.19071,21.85106],[-104.18719,21.83788],[-104.18212,21.83714],[-104.18072,21.83416],[-104.17661,21.83224],[-104.17004,21.82046],[-104.16462,21.81597],[-104.16378,21.81233],[-104.162,21.81252],[-104.16175,21.80984],[-104.15618,21.81079],[-104.15406,21.8076],[-104.14653,21.80643],[-104.1438,21.80227],[-104.13878,21.8003],[-104.13458,21.79374],[-104.13038,21.79045],[-104.1215,21.7905],[-104.10946,21.78733],[-104.10659,21.79087],[-104.10168,21.79028],[-104.09844,21.79282],[-104.09325,21.79124],[-104.09332,21.78456],[-104.08398,21.78576],[-104.07986,21.78241],[-104.07998,21.78556],[-104.07718,21.78709],[-104.07624,21.78972],[-104.06625,21.78982],[-104.06529,21.79419],[-104.05661,21.79232],[-104.05225,21.79476],[-104.03921,21.78913],[-104.03374,21.79074],[-104.02796,21.78763],[-104.02092,21.78711],[-104.01074,21.78195],[-104.00263,21.78295],[-103.99707,21.77927],[-103.98915,21.77986],[-103.98494,21.77522],[-103.98445,21.77258],[-103.98093,21.77433],[-103.97776,21.77133],[-103.97534,21.77247],[-103.97436,21.77084],[-103.97015,21.7708],[-103.9669,21.7724],[-103.95808,21.77203],[-103.95744,21.77349],[-103.95364,21.7737],[-103.95286,21.77604],[-103.95113,21.77393],[-103.94451,21.77682],[-103.9408,21.77543],[-103.9345,21.7759],[-103.93143,21.77364],[-103.92746,21.77434],[-103.9226,21.77099],[-103.92184,21.7737],[-103.91142,21.77931],[-103.88913,21.77966],[-103.88039,21.82434],[-103.86112,21.82736],[-103.84858,21.82085],[-103.84949,21.81777],[-103.84615,21.81435],[-103.83537,21.81336],[-103.812,21.79853],[-103.79199,21.79709],[-103.7908,21.80056],[-103.78299,21.80155],[-103.7828,21.80271],[-103.7667,21.80347],[-103.76591,21.80216],[-103.75543,21.80926],[-103.75317,21.80208],[-103.74045,21.80261],[-103.73148,21.82302],[-103.72189,21.82038],[-103.71912,21.82546],[-103.71389,21.82851],[-103.71042,21.82587],[-103.68761,21.84869],[-103.67423,21.84469],[-103.66448,21.84985],[-103.66508,21.8616],[-103.66998,21.86152],[-103.67524,21.86437],[-103.68136,21.86327],[-103.68297,21.86156],[-103.68843,21.86187],[-103.68998,21.85896],[-103.69527,21.85769],[-103.70044,21.85693],[-103.70407,21.85813],[-103.70636,21.85413],[-103.70981,21.85255],[-103.71194,21.85482],[-103.70867,21.85501],[-103.70577,21.85812],[-103.70614,21.86465],[-103.70307,21.87142],[-103.70497,21.87333],[-103.70161,21.87691],[-103.7032,21.88337],[-103.70121,21.88503],[-103.70095,21.88769],[-103.7047,21.90356],[-103.70227,21.90483],[-103.70307,21.906],[-103.70057,21.90911],[-103.70017,21.91406],[-103.69069,21.91697],[-103.68389,21.92572],[-103.68347,21.92891],[-103.68047,21.93147],[-103.68125,21.93585],[-103.67949,21.93973],[-103.68142,21.94288],[-103.68908,21.94678],[-103.69212,21.94573],[-103.6937,21.94784],[-103.70386,21.94899],[-103.70132,21.95265],[-103.70126,21.9622],[-103.70618,21.96526],[-103.70815,21.96891],[-103.71128,21.96996],[-103.71835,21.96801],[-103.72223,21.9698],[-103.72484,21.97463],[-103.73302,21.97308],[-103.73967,21.97567],[-103.74368,21.97619],[-103.74677,21.97461],[-103.74773,21.97593],[-103.7578,21.97761],[-103.76652,21.97001],[-103.77403,21.96808],[-103.7782,21.96233],[-103.7829,21.96286],[-103.78886,21.95835],[-103.79573,21.94418],[-103.7938,21.94364],[-103.79377,21.94028],[-103.79778,21.93508],[-103.81014,21.93516],[-103.81148,21.93637],[-103.81596,21.93322],[-103.82017,21.93338],[-103.83377,21.92692],[-103.83869,21.92613],[-103.8407,21.9293],[-103.82546,21.93708],[-103.84282,21.93657],[-103.8428,21.93858],[-103.83816,21.94376],[-103.83294,21.9461],[-103.83204,21.94945],[-103.82829,21.95166],[-103.83033,21.95373],[-103.83346,21.95313],[-103.83389,21.95082],[-103.83825,21.9536],[-103.84172,21.95334],[-103.85117,21.96283],[-103.84844,21.9692],[-103.85052,21.97428],[-103.84756,21.97632],[-103.84163,21.97635],[-103.8387,21.97862],[-103.83536,21.98803],[-103.83536,21.99048],[-103.83733,21.99196],[-103.83644,21.99538],[-103.83928,22.01035],[-103.84414,22.014],[-103.85258,22.00996],[-103.86895,22.01071],[-103.87675,22.00812],[-103.88011,22.0042],[-103.88245,22.00378],[-103.88662,22.01525],[-103.8884,22.02637]]]}},{"type":"Feature","properties":{"cvegeo":"14001","nombre":"Acatic"},"geometry":{"type":"Polygon","coordinates":[[[-102.86104,20.87375],[-102.8661,20.87146],[-102.87204,20.87382],[-102.8732,20.86936],[-102.88366,20.8625],[-102.88913,20.85569],[-102.89719,20.8519],[-102.90156,20.85125],[-102.90729,20.85297],[-102.91319,20.85068],[-102.92031,20.85326],[-102.92372,20.84523],[-102.92853,20.84255],[-102.92907,20.83953],[-102.93764,20.8412],[-102.94822,20.83727],[-102.95239,20.83771],[-102.95456,20.83431],[-102.95734,20.83355],[-102.95991,20.82875],[-102.96683,20.82932],[-102.97202,20.82138],[-102.98077,20.8158],[-102.98329,20.80884],[-102.9829,20.80422],[-102.98999,20.80291],[-102.9985,20.7984],[-103.00542,20.80071],[-103.01158,20.80047],[-103.02007,20.79392],[-103.02471,20.79245],[-103.02686,20.76503],[-103.03845,20.75741],[-103.04158,20.75736],[-103.04207,20.75576],[-103.03512,20.75573],[-103.02337,20.7488],[-103.0256,20.74865],[-103.02852,20.7434],[-103.02465,20.73666],[-103.0222,20.73567],[-103.01802,20.74244],[-103.01526,20.74005],[-103.00951,20.73971],[-103.00945,20.73652],[-103.00293,20.73436],[-103.00405,20.72375],[-103.00535,20.72311],[-102.99932,20.71535],[-102.99552,20.71547],[-102.99222,20.71311],[-102.99307,20.70408],[-102.99139,20.702],[-102.98909,20.70314],[-102.99325,20.69559],[-102.99116,20.69432],[-102.99081,20.68816],[-102.97502,20.6978],[-102.9724,20.70147],[-102.95877,20.70685],[-102.95978,20.70426],[-102.95849,20.69588],[-102.95548,20.69667],[-102.95165,20.70083],[-102.94888,20.69743],[-102.94716,20.69842],[-102.94741,20.68697],[-102.92521,20.6788],[-102.92121,20.67323],[-102.91985,20.67366],[-102.91316,20.66652],[-102.90988,20.66601],[-102.90709,20.6632],[-102.90456,20.66552],[-102.90535,20.66787],[-102.90243,20.67206],[-102.89646,20.67504],[-102.89719,20.68054],[-102.90126,20.68326],[-102.90128,20.68607],[-102.90346,20.68607],[-102.90414,20.68937],[-102.90878,20.69272],[-102.89747,20.69257],[-102.89575,20.69378],[-102.89391,20.69277],[-102.89018,20.69448],[-102.88547,20.69348],[-102.88354,20.69475],[-102.8841,20.69789],[-102.8796,20.70002],[-102.87319,20.69926],[-102.87219,20.70052],[-102.86707,20.6988],[-102.8641,20.70183],[-102.85836,20.70129],[-102.85571,20.70314],[-102.8509,20.70125],[-102.84796,20.70254],[-102.83987,20.7012],[-102.83659,20.70348],[-102.83424,20.70276],[-102.83315,20.70644],[-102.82362,20.70373],[-102.81664,20.70612],[-102.8172,20.70812],[-102.8153,20.71002],[-102.81628,20.71222],[-102.81367,20.71429],[-102.81495,20.71612],[-102.81424,20.71947],[-102.81606,20.7185],[-102.82199,20.72031],[-102.82349,20.72366],[-102.82555,20.72412],[-102.82178,20.72542],[-102.82039,20.72856],[-102.82245,20.73119],[-102.82239,20.73664],[-102.81874,20.74625],[-102.81886,20.75014],[-102.81279,20.74997],[-102.81177,20.75669],[-102.81642,20.76568],[-102.8122,20.77044],[-102.81403,20.77815],[-102.80944,20.77764],[-102.81048,20.77965],[-102.80449,20.78],[-102.80919,20.78624],[-102.81604,20.78937],[-102.81466,20.79102],[-102.8047,20.79318],[-102.80652,20.79451],[-102.80512,20.7971],[-102.8064,20.80354],[-102.8095,20.80522],[-102.80907,20.80873],[-102.81188,20.81054],[-102.80972,20.8137],[-102.81314,20.81388],[-102.81471,20.81919],[-102.81289,20.82062],[-102.81371,20.82277],[-102.80935,20.82663],[-102.8093,20.83102],[-102.81245,20.83353],[-102.81466,20.82983],[-102.82204,20.83039],[-102.82304,20.82759],[-102.82747,20.83017],[-102.82986,20.83391],[-102.82575,20.84647],[-102.84245,20.85213],[-102.84255,20.85787],[-102.85176,20.86968],[-102.86104,20.87375]]]}},{"type":"Feature","properties":{"cvegeo":"14004","nombre":"Amacueca"},"geometry":{"type":"Polygon","coordinates":[[[-103.62051,20.06803],[-103.62148,20.06385],[-103.63091,20.0624],[-103.63191,20.05082],[-103.63678,20.05284],[-103.64915,20.05355],[-103.65056,20.0554],[-103.65379,20.05571],[-103.65806,20.05216],[-103.66297,20.04457],[-103.6634,20.04234],[-103.66025,20.0387],[-103.66111,20.0327],[-103.66301,20.03267],[-103.6648,20.01879],[-103.66906,20.01911],[-103.66865,20.01554],[-103.67198,20.01507],[-103.67025,20.01278],[-103.67169,20.00793],[-103.6745,20.00677],[-103.67386,19.99168],[-103.67545,19.98541],[-103.67333,19.9748],[-103.67999,19.9566],[-103.68434,19.95298],[-103.66999,19.95425],[-103.66669,19.95766],[-103.66425,19.9555],[-103.65718,19.95811],[-103.65561,19.95007],[-103.65281,19.94789],[-103.65379,19.94603],[-103.65584,19.9476],[-103.656,19.94515],[-103.65245,19.94054],[-103.65762,19.94044],[-103.66127,19.93856],[-103.66151,19.93595],[-103.65807,19.93433],[-103.65381,19.93613],[-103.64756,19.93516],[-103.64564,19.93456],[-103.64629,19.93104],[-103.63244,19.92763],[-103.63448,19.92522],[-103.62174,19.92116],[-103.61972,19.91723],[-103.60946,19.9086],[-103.61341,19.92973],[-103.60896,19.92906],[-103.60825,19.93133],[-103.60645,19.92879],[-103.6086,19.93321],[-103.61186,19.95772],[-103.60881,19.96197],[-103.59338,19.97419],[-103.58242,19.99392],[-103.56776,20.01528],[-103.56568,20.01429],[-103.55754,20.01974],[-103.54804,20.02248],[-103.54392,20.02867],[-103.54437,20.0314],[-103.54934,20.03709],[-103.56022,20.04526],[-103.56514,20.04432],[-103.58091,20.04938],[-103.58376,20.0433],[-103.58744,20.04281],[-103.59123,20.04448],[-103.6055,20.06016],[-103.60823,20.06602],[-103.62051,20.06803]]]}},{"type":"Feature","properties":{"cvegeo":"14006","nombre":"Ameca"},"geometry":{"type":"Polygon","coordinates":[[[-104.23351,20.69456],[-104.23902,20.69214],[-104.23981,20.69038],[-104.24799,20.68968],[-104.2479,20.68646],[-104.25316,20.6823],[-104.24579,20.67381],[-104.2469,20.67091],[-104.23698,20.66509],[-104.23666,20.66226],[-104.25531,20.65328],[-104.25713,20.64591],[-104.26039,20.64284],[-104.26024,20.64133],[-104.24692,20.63149],[-104.24802,20.62936],[-104.25377,20.63061],[-104.25475,20.61838],[-104.25305,20.61823],[-104.25193,20.61449],[-104.25531,20.61253],[-104.25544,20.6108],[-104.2515,20.60828],[-104.25291,20.6076],[-104.25364,20.60342],[-104.2568,20.60347],[-104.25264,20.60279],[-104.24754,20.59868],[-104.24033,20.5979],[-104.24021,20.59617],[-104.24365,20.59144],[-104.24354,20.58736],[-104.2515,20.58235],[-104.25435,20.58212],[-104.25858,20.57601],[-104.25943,20.56824],[-104.26231,20.56503],[-104.26587,20.56381],[-104.26807,20.55905],[-104.24354,20.53912],[-104.25484,20.53534],[-104.24879,20.53555],[-104.23639,20.52917],[-104.24516,20.52603],[-104.24514,20.51844],[-104.25138,20.51416],[-104.24567,20.50619],[-104.24623,20.50374],[-104.2433,20.50111],[-104.24517,20.49754],[-104.23971,20.49397],[-104.2404,20.49145],[-104.23307,20.48872],[-104.22439,20.48029],[-104.22403,20.47645],[-104.21978,20.47195],[-104.21567,20.47234],[-104.21261,20.46828],[-104.20608,20.4694],[-104.19703,20.46439],[-104.19616,20.46339],[-104.19809,20.46183],[-104.19215,20.46004],[-104.18714,20.45369],[-104.18794,20.45224],[-104.18185,20.46071],[-104.18276,20.46729],[-104.1805,20.46947],[-104.17155,20.46675],[-104.16916,20.46861],[-104.16653,20.45821],[-104.15894,20.45778],[-104.1528,20.4555],[-104.14932,20.45306],[-104.14945,20.4494],[-104.14613,20.44636],[-104.14297,20.44647],[-104.14188,20.44978],[-104.1331,20.45257],[-104.13229,20.45115],[-104.13581,20.4478],[-104.13551,20.44515],[-104.13778,20.44215],[-104.14064,20.44023],[-104.14574,20.43977],[-104.15004,20.43402],[-104.14613,20.43186],[-104.147,20.42679],[-104.13535,20.42276],[-104.13214,20.42286],[-104.13129,20.42447],[-104.11479,20.41744],[-104.10745,20.40858],[-104.10177,20.40637],[-104.09293,20.39073],[-104.0856,20.38193],[-104.08333,20.37506],[-104.08171,20.37854],[-104.07726,20.37724],[-104.06926,20.37939],[-104.06889,20.37751],[-104.06189,20.37736],[-104.05802,20.38139],[-104.05595,20.38925],[-104.05093,20.39135],[-104.04945,20.39479],[-104.03525,20.39259],[-104.02855,20.3873],[-104.02266,20.38614],[-104.01961,20.38951],[-104.0159,20.3886],[-104.01453,20.38656],[-104.01288,20.38971],[-104.00963,20.38969],[-104.00563,20.39269],[-103.9994,20.39203],[-103.99653,20.39424],[-103.99583,20.39307],[-103.99407,20.39598],[-103.99039,20.3967],[-103.98841,20.40116],[-103.9922,20.40623],[-103.99715,20.40846],[-104.00338,20.41824],[-104.00154,20.42021],[-104.00107,20.42746],[-103.99915,20.42829],[-103.9998,20.43338],[-103.99724,20.43634],[-103.9908,20.45224],[-103.99378,20.4526],[-103.99268,20.45959],[-103.99547,20.46018],[-103.99178,20.46973],[-103.98849,20.47092],[-103.9792,20.46968],[-103.9762,20.48232],[-103.95657,20.46225],[-103.95359,20.45737],[-103.95124,20.46037],[-103.95012,20.45932],[-103.94788,20.46113],[-103.94709,20.46329],[-103.94489,20.46206],[-103.94647,20.47404],[-103.9426,20.48109],[-103.94464,20.48542],[-103.9404,20.48468],[-103.93829,20.48791],[-103.93692,20.48706],[-103.93502,20.48963],[-103.93372,20.48887],[-103.93142,20.49191],[-103.92951,20.49069],[-103.92715,20.4938],[-103.92338,20.49129],[-103.92095,20.49441],[-103.92479,20.49686],[-103.9223,20.49988],[-103.92422,20.50102],[-103.92174,20.50403],[-103.9274,20.5077],[-103.92492,20.5107],[-103.92815,20.51287],[-103.92572,20.51599],[-103.9271,20.5169],[-103.91797,20.51838],[-103.91522,20.52074],[-103.91579,20.5241],[-103.91334,20.52578],[-103.90033,20.52322],[-103.89274,20.52864],[-103.89032,20.52702],[-103.88763,20.5302],[-103.88633,20.52954],[-103.8793,20.53783],[-103.87976,20.5397],[-103.87735,20.53923],[-103.88844,20.54763],[-103.88891,20.55023],[-103.8937,20.55264],[-103.86466,20.56594],[-103.85678,20.57384],[-103.85848,20.5769],[-103.86086,20.57544],[-103.884,20.57459],[-103.87977,20.58633],[-103.8812,20.59755],[-103.88987,20.59851],[-103.89497,20.60914],[-103.89878,20.60862],[-103.89825,20.61132],[-103.90038,20.61395],[-103.89897,20.61669],[-103.90041,20.61723],[-103.89907,20.62007],[-103.90021,20.62216],[-103.90544,20.62394],[-103.90321,20.62701],[-103.91034,20.63134],[-103.91569,20.63718],[-103.91442,20.64063],[-103.91038,20.63858],[-103.92012,20.6445],[-103.92782,20.63795],[-103.932,20.63923],[-103.93511,20.63822],[-103.93705,20.63994],[-103.9403,20.63619],[-103.94558,20.63605],[-103.9504,20.63265],[-103.95002,20.63014],[-103.95636,20.6251],[-103.9718,20.61982],[-103.98096,20.61116],[-103.98742,20.61159],[-104.00237,20.61741],[-104.01394,20.62457],[-104.03069,20.63952],[-104.03182,20.64223],[-104.0348,20.64327],[-104.05717,20.66272],[-104.05908,20.66127],[-104.05834,20.6585],[-104.0625,20.65562],[-104.06382,20.65252],[-104.06998,20.65257],[-104.07489,20.65645],[-104.07963,20.65646],[-104.07572,20.65367],[-104.08013,20.65202],[-104.08761,20.64444],[-104.089,20.64044],[-104.09482,20.63943],[-104.09358,20.63638],[-104.09781,20.63531],[-104.10262,20.63844],[-104.10678,20.63828],[-104.11476,20.64579],[-104.1177,20.65138],[-104.12511,20.65481],[-104.12685,20.6483],[-104.13002,20.64766],[-104.13583,20.64994],[-104.13612,20.64832],[-104.14263,20.64829],[-104.14832,20.65069],[-104.14899,20.65245],[-104.15229,20.65163],[-104.15191,20.65043],[-104.15722,20.65016],[-104.17541,20.65373],[-104.18041,20.65708],[-104.18259,20.65678],[-104.18201,20.65832],[-104.18456,20.66119],[-104.18889,20.66304],[-104.19295,20.66251],[-104.19862,20.65844],[-104.20102,20.6606],[-104.20946,20.65868],[-104.21359,20.66036],[-104.21209,20.66544],[-104.21827,20.67028],[-104.21551,20.67718],[-104.21652,20.68019],[-104.22197,20.68478],[-104.22415,20.68969],[-104.2282,20.6919],[-104.23184,20.6918],[-104.23351,20.69456]]]}},{"type":"Feature","properties":{"cvegeo":"14007","nombre":"San Juanito de Escobedo"},"geometry":{"type":"Polygon","coordinates":[[[-104.05877,20.91155],[-104.06608,20.90574],[-104.07177,20.90582],[-104.07524,20.90333],[-104.07978,20.90315],[-104.07951,20.90068],[-104.07682,20.89898],[-104.07957,20.89275],[-104.08141,20.89342],[-104.0822,20.89152],[-104.08404,20.89219],[-104.08482,20.89031],[-104.0866,20.89096],[-104.08766,20.88875],[-104.09157,20.88799],[-104.09259,20.88394],[-104.08528,20.88088],[-104.08707,20.86942],[-104.08472,20.86843],[-104.08428,20.87216],[-104.08043,20.87493],[-104.07934,20.87789],[-104.08035,20.88293],[-104.07033,20.88309],[-104.07165,20.86826],[-104.07548,20.86199],[-104.07407,20.85435],[-104.06534,20.8512],[-104.06008,20.84599],[-104.06581,20.84567],[-104.0682,20.84323],[-104.06555,20.82849],[-104.06886,20.82585],[-104.07148,20.81966],[-104.07486,20.81775],[-104.07127,20.81173],[-104.0643,20.81071],[-104.06824,20.78524],[-104.05414,20.77796],[-104.04809,20.77078],[-104.049,20.7681],[-104.05755,20.7631],[-104.05943,20.75984],[-104.05666,20.75816],[-104.05109,20.7584],[-104.048,20.75485],[-104.04477,20.7575],[-104.03638,20.75874],[-104.0322,20.76357],[-104.02553,20.76309],[-104.01692,20.7553],[-104.02056,20.7484],[-104.01947,20.74786],[-104.02533,20.74636],[-104.02031,20.74675],[-104.02099,20.7448],[-104.02419,20.744],[-104.02338,20.742],[-104.02483,20.74265],[-104.02607,20.74091],[-104.0277,20.73567],[-104.03084,20.73547],[-104.03069,20.73197],[-104.02662,20.73141],[-104.02516,20.72831],[-104.02258,20.72722],[-104.01729,20.7266],[-104.0116,20.72849],[-104.00658,20.7254],[-104.00262,20.72531],[-103.99652,20.71591],[-103.99361,20.71873],[-103.99196,20.71615],[-103.98866,20.71614],[-103.97688,20.71916],[-103.97346,20.72615],[-103.97596,20.72771],[-103.97321,20.7263],[-103.97039,20.73165],[-103.96463,20.73451],[-103.96105,20.74053],[-103.96158,20.74798],[-103.95608,20.75408],[-103.95176,20.75754],[-103.94792,20.75585],[-103.94637,20.75714],[-103.94332,20.75551],[-103.94243,20.75717],[-103.94071,20.75671],[-103.942,20.7585],[-103.94054,20.76213],[-103.94155,20.76875],[-103.9387,20.77104],[-103.93319,20.77198],[-103.93042,20.77592],[-103.92731,20.77591],[-103.92554,20.77932],[-103.92744,20.78444],[-103.92128,20.79755],[-103.91817,20.79959],[-103.91713,20.80438],[-103.91455,20.80536],[-103.91473,20.80844],[-103.90947,20.8133],[-103.915,20.81463],[-103.92616,20.82486],[-103.92612,20.82782],[-103.92174,20.83183],[-103.92381,20.83904],[-103.9343,20.84304],[-103.93586,20.84063],[-103.93998,20.84001],[-103.93883,20.8374],[-103.94474,20.8321],[-103.94382,20.83083],[-103.95823,20.82591],[-103.96528,20.82133],[-103.96621,20.82327],[-103.96424,20.82525],[-103.96677,20.82415],[-103.96756,20.8253],[-103.9666,20.83013],[-103.97351,20.8314],[-103.97834,20.8389],[-103.9831,20.8414],[-103.98523,20.84577],[-104.02122,20.84418],[-104.02051,20.89225],[-104.03114,20.89221],[-104.03107,20.90821],[-104.03675,20.91147],[-104.05877,20.91155]]]}},{"type":"Feature","properties":{"cvegeo":"14008","nombre":"Arandas"},"geometry":{"type":"Polygon","coordinates":[[[-102.1641,20.91087],[-102.1763,20.90764],[-102.18114,20.90868],[-102.18492,20.90524],[-102.19245,20.90426],[-102.19527,20.90239],[-102.20334,20.9078],[-102.20762,20.90507],[-102.21119,20.90504],[-102.21549,20.90988],[-102.22339,20.91088],[-102.22455,20.90853],[-102.223,20.9073],[-102.22558,20.90301],[-102.22545,20.89947],[-102.23406,20.89977],[-102.23701,20.89447],[-102.23682,20.88501],[-102.24412,20.88295],[-102.25537,20.88662],[-102.27439,20.88432],[-102.27421,20.88613],[-102.27179,20.887],[-102.27098,20.8946],[-102.27797,20.89542],[-102.27771,20.89155],[-102.28295,20.89678],[-102.29074,20.89698],[-102.29562,20.89004],[-102.30313,20.88808],[-102.30784,20.88382],[-102.31946,20.88621],[-102.32317,20.88221],[-102.32678,20.88509],[-102.33628,20.88586],[-102.34375,20.88934],[-102.34559,20.88733],[-102.34475,20.88311],[-102.35171,20.88297],[-102.35541,20.88647],[-102.3551,20.88859],[-102.37337,20.89176],[-102.38181,20.88208],[-102.3911,20.88566],[-102.39135,20.88405],[-102.39667,20.88566],[-102.39688,20.88456],[-102.40269,20.88515],[-102.40227,20.88282],[-102.40444,20.88059],[-102.40781,20.88128],[-102.41226,20.88565],[-102.42217,20.88832],[-102.43643,20.86648],[-102.45951,20.86465],[-102.46434,20.85758],[-102.46419,20.84964],[-102.46893,20.84947],[-102.46862,20.8465],[-102.47415,20.84591],[-102.47423,20.84931],[-102.47628,20.8494],[-102.47734,20.84456],[-102.47504,20.83433],[-102.46821,20.83099],[-102.46337,20.82643],[-102.46638,20.82083],[-102.4655,20.81809],[-102.46095,20.82187],[-102.45131,20.8252],[-102.45165,20.82654],[-102.43574,20.82818],[-102.43514,20.7889],[-102.43325,20.78861],[-102.46953,20.67313],[-102.49103,20.66848],[-102.50379,20.66909],[-102.51452,20.67229],[-102.51784,20.6773],[-102.52857,20.68136],[-102.53527,20.68736],[-102.53524,20.69456],[-102.54351,20.70326],[-102.54856,20.6958],[-102.54816,20.68816],[-102.55011,20.68587],[-102.5449,20.68648],[-102.546,20.68019],[-102.54973,20.67585],[-102.54806,20.66889],[-102.54443,20.66596],[-102.53744,20.66582],[-102.53255,20.65918],[-102.53018,20.65812],[-102.52757,20.65942],[-102.52801,20.65826],[-102.52536,20.65782],[-102.52342,20.65497],[-102.5245,20.65368],[-102.52281,20.65265],[-102.51953,20.6537],[-102.51585,20.64803],[-102.51306,20.64747],[-102.50946,20.6481],[-102.50995,20.6515],[-102.50854,20.65361],[-102.49794,20.662],[-102.49405,20.66731],[-102.49088,20.66707],[-102.48775,20.66146],[-102.46912,20.65845],[-102.46224,20.66171],[-102.44569,20.65314],[-102.44219,20.64868],[-102.44405,20.64447],[-102.4398,20.64511],[-102.43251,20.64026],[-102.42935,20.6407],[-102.42777,20.63281],[-102.42435,20.6291],[-102.42514,20.62789],[-102.41953,20.62292],[-102.42446,20.61756],[-102.42476,20.61103],[-102.42878,20.61],[-102.43049,20.60724],[-102.43324,20.6097],[-102.4413,20.60796],[-102.44341,20.59395],[-102.44137,20.59099],[-102.4359,20.58798],[-102.42458,20.58937],[-102.41899,20.58831],[-102.41571,20.59199],[-102.41654,20.59413],[-102.40781,20.5993],[-102.3986,20.60044],[-102.39252,20.59979],[-102.39088,20.59779],[-102.38311,20.59817],[-102.38265,20.60048],[-102.37574,20.60153],[-102.36725,20.60934],[-102.36151,20.60402],[-102.35841,20.60987],[-102.35205,20.60889],[-102.34146,20.59599],[-102.3356,20.59487],[-102.32063,20.59844],[-102.3114,20.60317],[-102.30725,20.60162],[-102.30459,20.59696],[-102.28741,20.59743],[-102.28251,20.60327],[-102.28595,20.60735],[-102.28329,20.60925],[-102.27945,20.61769],[-102.27291,20.62556],[-102.26282,20.63029],[-102.25823,20.63556],[-102.25123,20.63564],[-102.24321,20.63825],[-102.24725,20.64949],[-102.2477,20.65706],[-102.25067,20.65575],[-102.25687,20.65615],[-102.26206,20.66657],[-102.26304,20.67277],[-102.25411,20.68158],[-102.2396,20.6835],[-102.23841,20.68838],[-102.2293,20.70069],[-102.22016,20.70367],[-102.2234,20.71058],[-102.22071,20.70992],[-102.22106,20.70828],[-102.21298,20.70734],[-102.20797,20.71408],[-102.20635,20.71928],[-102.20216,20.72301],[-102.1934,20.7219],[-102.18919,20.72486],[-102.19065,20.74336],[-102.18256,20.74962],[-102.16989,20.74841],[-102.1652,20.75054],[-102.16081,20.75556],[-102.16568,20.76181],[-102.16247,20.76958],[-102.15716,20.77312],[-102.14391,20.77442],[-102.13053,20.78668],[-102.11986,20.78684],[-102.10613,20.77817],[-102.10062,20.76291],[-102.09464,20.75953],[-102.09038,20.77595],[-102.08768,20.77885],[-102.09085,20.7785],[-102.09051,20.78065],[-102.09591,20.78005],[-102.09456,20.78141],[-102.09583,20.78286],[-102.09225,20.78983],[-102.08974,20.79107],[-102.09029,20.79626],[-102.08709,20.80146],[-102.0852,20.79999],[-102.0805,20.80119],[-102.08127,20.8058],[-102.07861,20.80756],[-102.07686,20.81177],[-102.07772,20.81559],[-102.07619,20.81939],[-102.07987,20.82907],[-102.07815,20.83131],[-102.07643,20.83105],[-102.07679,20.83457],[-102.07345,20.83631],[-102.07368,20.83792],[-102.06988,20.83909],[-102.06437,20.83821],[-102.06315,20.84174],[-102.05774,20.84329],[-102.05491,20.84633],[-102.06028,20.84919],[-102.06417,20.85527],[-102.05593,20.86223],[-102.0541,20.87081],[-102.05151,20.87164],[-102.05591,20.87995],[-102.06001,20.88412],[-102.06767,20.88099],[-102.07036,20.88149],[-102.07433,20.87802],[-102.08208,20.88054],[-102.08414,20.87573],[-102.0881,20.87398],[-102.08983,20.87015],[-102.09944,20.87074],[-102.10268,20.86929],[-102.11966,20.87661],[-102.15285,20.87204],[-102.153,20.87511],[-102.15943,20.87707],[-102.15744,20.88202],[-102.15341,20.88495],[-102.15357,20.89246],[-102.14976,20.89568],[-102.14869,20.8999],[-102.1594,20.90566],[-102.1641,20.91087]]]}},{"type":"Feature","properties":{"cvegeo":"14009","nombre":"El Arenal"},"geometry":{"type":"Polygon","coordinates":[[[-103.69216,20.82448],[-103.70087,20.81537],[-103.70063,20.80978],[-103.7046,20.79231],[-103.70763,20.79308],[-103.71602,20.7838],[-103.71108,20.78091],[-103.71373,20.77679],[-103.71635,20.77737],[-103.71646,20.77528],[-103.72511,20.77155],[-103.72852,20.77392],[-103.73135,20.76885],[-103.74424,20.7633],[-103.74456,20.76489],[-103.75285,20.76783],[-103.7592,20.75574],[-103.75477,20.75185],[-103.75797,20.74543],[-103.7551,20.74352],[-103.75848,20.742],[-103.76138,20.73698],[-103.75418,20.73799],[-103.74923,20.73534],[-103.74356,20.73737],[-103.73541,20.73214],[-103.73566,20.72653],[-103.7326,20.72387],[-103.73003,20.72554],[-103.72497,20.72372],[-103.7197,20.72393],[-103.71261,20.71955],[-103.70858,20.72114],[-103.70321,20.71935],[-103.69715,20.71971],[-103.69061,20.72243],[-103.68626,20.72118],[-103.68443,20.71822],[-103.68742,20.70339],[-103.63476,20.71817],[-103.6349,20.70317],[-103.63626,20.70008],[-103.62929,20.69391],[-103.62175,20.69223],[-103.61716,20.69519],[-103.61887,20.69613],[-103.61992,20.7053],[-103.61705,20.70969],[-103.62068,20.71253],[-103.6182,20.7152],[-103.62113,20.7166],[-103.62073,20.71833],[-103.62296,20.7177],[-103.62295,20.72189],[-103.618,20.7281],[-103.61089,20.7296],[-103.6111,20.73469],[-103.60817,20.73826],[-103.60508,20.73916],[-103.60456,20.74129],[-103.60397,20.74675],[-103.60699,20.74804],[-103.60709,20.75058],[-103.6096,20.75236],[-103.60867,20.761],[-103.6109,20.7647],[-103.61048,20.76666],[-103.62117,20.77002],[-103.62475,20.76633],[-103.62459,20.76445],[-103.62707,20.76252],[-103.63112,20.75425],[-103.63316,20.75318],[-103.63398,20.75426],[-103.63487,20.75268],[-103.63603,20.75392],[-103.63901,20.75347],[-103.6393,20.75084],[-103.65185,20.75495],[-103.65104,20.76172],[-103.64845,20.76513],[-103.65095,20.76698],[-103.65293,20.76619],[-103.65571,20.76785],[-103.6576,20.76382],[-103.66039,20.76212],[-103.66173,20.76306],[-103.66359,20.75995],[-103.66495,20.76846],[-103.66018,20.77375],[-103.66219,20.77782],[-103.66135,20.78239],[-103.65907,20.78414],[-103.65894,20.79003],[-103.66101,20.79377],[-103.64706,20.80017],[-103.64459,20.79944],[-103.64004,20.80283],[-103.64534,20.80622],[-103.648,20.81362],[-103.64691,20.81888],[-103.64829,20.82051],[-103.64867,20.81799],[-103.6577,20.82011],[-103.66233,20.81636],[-103.66145,20.8132],[-103.66596,20.81014],[-103.66618,20.81199],[-103.67094,20.81071],[-103.67294,20.81365],[-103.67769,20.81017],[-103.67743,20.82064],[-103.67921,20.82115],[-103.68304,20.81848],[-103.68789,20.82021],[-103.68754,20.82145],[-103.69216,20.82448]]]}},{"type":"Feature","properties":{"cvegeo":"14035","nombre":"Encarnación de Díaz"},"geometry":{"type":"Polygon","coordinates":[[[-102.07904,21.75369],[-102.07768,21.75055],[-102.08373,21.74906],[-102.10466,21.75185],[-102.10934,21.74944],[-102.11174,21.74551],[-102.11591,21.74468],[-102.11643,21.74306],[-102.11386,21.74076],[-102.11558,21.73604],[-102.12089,21.73645],[-102.1256,21.72572],[-102.12829,21.72668],[-102.13027,21.72319],[-102.13635,21.72049],[-102.1421,21.70537],[-102.14364,21.70625],[-102.14559,21.70444],[-102.14731,21.70578],[-102.15486,21.70004],[-102.1666,21.7025],[-102.16643,21.70601],[-102.17143,21.707],[-102.17789,21.68816],[-102.21427,21.69482],[-102.21423,21.6866],[-102.21854,21.68343],[-102.21801,21.67769],[-102.2217,21.67249],[-102.22055,21.67158],[-102.22636,21.65777],[-102.23361,21.6532],[-102.23603,21.65379],[-102.23762,21.652],[-102.25092,21.65514],[-102.27522,21.65397],[-102.27963,21.66065],[-102.27944,21.66444],[-102.30399,21.66668],[-102.30193,21.66127],[-102.30265,21.6546],[-102.29537,21.6531],[-102.31017,21.62663],[-102.32105,21.63009],[-102.32572,21.62227],[-102.36687,21.64275],[-102.36953,21.65059],[-102.3844,21.65189],[-102.38908,21.64265],[-102.38747,21.63125],[-102.38592,21.62955],[-102.3862,21.62392],[-102.38871,21.62079],[-102.3975,21.619],[-102.39839,21.6158],[-102.40032,21.61483],[-102.40121,21.60482],[-102.40446,21.59686],[-102.40324,21.59575],[-102.40521,21.59191],[-102.40251,21.58752],[-102.39923,21.5864],[-102.39987,21.58291],[-102.39779,21.58099],[-102.40022,21.57964],[-102.39885,21.5685],[-102.40298,21.56613],[-102.40181,21.56248],[-102.40323,21.56069],[-102.39949,21.56014],[-102.39858,21.56354],[-102.39654,21.56207],[-102.39498,21.56458],[-102.39274,21.56452],[-102.39346,21.56895],[-102.39208,21.57071],[-102.39028,21.57051],[-102.38972,21.56812],[-102.38794,21.56958],[-102.38724,21.57112],[-102.38949,21.57396],[-102.3869,21.57428],[-102.3862,21.57828],[-102.3878,21.57948],[-102.38539,21.58449],[-102.38224,21.58431],[-102.38155,21.58007],[-102.37525,21.58187],[-102.37375,21.58104],[-102.37059,21.57805],[-102.36868,21.57337],[-102.36961,21.57057],[-102.36754,21.56702],[-102.36769,21.55126],[-102.36938,21.54206],[-102.36486,21.52781],[-102.36832,21.52162],[-102.36819,21.51726],[-102.37037,21.5171],[-102.37056,21.51548],[-102.37317,21.51689],[-102.37895,21.50762],[-102.38174,21.50876],[-102.39158,21.50229],[-102.39225,21.49998],[-102.39544,21.50082],[-102.39975,21.4975],[-102.40378,21.4889],[-102.40396,21.48505],[-102.40825,21.47802],[-102.40717,21.47087],[-102.40336,21.46631],[-102.40853,21.46305],[-102.40686,21.45732],[-102.40495,21.45604],[-102.40533,21.45399],[-102.42633,21.44438],[-102.43398,21.43512],[-102.43711,21.43498],[-102.43049,21.4334],[-102.42398,21.42808],[-102.42077,21.41708],[-102.42344,21.41656],[-102.42364,21.4152],[-102.4284,21.41535],[-102.41498,21.41166],[-102.41225,21.40968],[-102.41169,21.40644],[-102.40317,21.40514],[-102.40035,21.38951],[-102.39297,21.38877],[-102.39072,21.38543],[-102.38741,21.38698],[-102.38157,21.38606],[-102.38013,21.39208],[-102.3784,21.39213],[-102.37669,21.39514],[-102.37125,21.39894],[-102.35159,21.40656],[-102.34903,21.40995],[-102.34076,21.41273],[-102.32928,21.40816],[-102.33164,21.4045],[-102.32971,21.40364],[-102.33003,21.40099],[-102.3254,21.39702],[-102.32611,21.39574],[-102.32282,21.38805],[-102.31683,21.38713],[-102.31351,21.38449],[-102.31031,21.384],[-102.30983,21.38618],[-102.298,21.3821],[-102.28894,21.38519],[-102.28653,21.38352],[-102.28266,21.38339],[-102.28124,21.38537],[-102.2785,21.38384],[-102.27472,21.38564],[-102.27475,21.38849],[-102.26718,21.38903],[-102.26558,21.3918],[-102.25884,21.39645],[-102.2505,21.38897],[-102.2417,21.38633],[-102.24363,21.38191],[-102.22996,21.38167],[-102.22895,21.38526],[-102.22733,21.38537],[-102.22719,21.38825],[-102.22916,21.38868],[-102.22737,21.39651],[-102.21848,21.39896],[-102.21866,21.40198],[-102.21112,21.4028],[-102.21517,21.39402],[-102.21399,21.38809],[-102.21651,21.38383],[-102.21441,21.38273],[-102.20561,21.38385],[-102.20073,21.38769],[-102.19696,21.38718],[-102.1908,21.39126],[-102.18055,21.39253],[-102.17948,21.39657],[-102.17732,21.39258],[-102.16887,21.38712],[-102.16618,21.38329],[-102.1593,21.38148],[-102.15707,21.38534],[-102.15212,21.38518],[-102.14848,21.38948],[-102.14532,21.39004],[-102.14889,21.39267],[-102.14245,21.39741],[-102.13687,21.39641],[-102.13705,21.39868],[-102.13135,21.40085],[-102.12101,21.41308],[-102.12154,21.42131],[-102.11664,21.42661],[-102.12078,21.42975],[-102.12925,21.43037],[-102.13726,21.43492],[-102.13655,21.43986],[-102.13141,21.44087],[-102.13332,21.4432],[-102.12615,21.44153],[-102.11937,21.44502],[-102.11488,21.45036],[-102.10656,21.45311],[-102.09642,21.45151],[-102.09124,21.45362],[-102.08791,21.45726],[-102.0696,21.46034],[-102.06405,21.46397],[-102.05804,21.46091],[-102.05222,21.46174],[-102.05238,21.46857],[-102.04758,21.47207],[-102.04664,21.47454],[-102.04853,21.47938],[-102.04786,21.48457],[-102.06403,21.49459],[-102.06038,21.49409],[-102.05441,21.49595],[-102.04966,21.50092],[-102.04793,21.50736],[-102.04991,21.51129],[-102.03601,21.50946],[-102.03144,21.5063],[-102.02296,21.5082],[-102.02405,21.51294],[-102.02704,21.51469],[-102.0268,21.52814],[-102.02492,21.53108],[-102.01701,21.5265],[-102.01213,21.52784],[-102.00208,21.55105],[-102.00355,21.55685],[-101.99839,21.56114],[-101.99763,21.56934],[-101.999,21.57284],[-101.99365,21.57836],[-101.98399,21.58273],[-101.98117,21.58593],[-101.9803,21.59147],[-101.97795,21.59451],[-101.98421,21.60167],[-101.99249,21.60798],[-101.99066,21.61633],[-101.98701,21.62244],[-101.97154,21.63345],[-101.99654,21.66151],[-101.99545,21.66726],[-101.99261,21.67093],[-101.99043,21.66692],[-101.98756,21.66536],[-101.98469,21.66609],[-101.98445,21.66454],[-101.98171,21.66463],[-101.98142,21.66213],[-101.97853,21.66142],[-101.97958,21.67292],[-101.97389,21.6873],[-101.97216,21.70342],[-101.97708,21.70839],[-101.98242,21.70436],[-101.98026,21.71126],[-101.98278,21.71307],[-101.98179,21.71546],[-101.9844,21.71906],[-101.98272,21.72306],[-101.98667,21.72181],[-101.9874,21.72705],[-101.99949,21.7138],[-102.00779,21.71654],[-102.00985,21.71962],[-102.0094,21.72662],[-102.02221,21.73037],[-102.02507,21.72782],[-102.02389,21.73102],[-102.02475,21.73838],[-102.01895,21.74802],[-102.02119,21.75244],[-102.02284,21.75055],[-102.03931,21.75088],[-102.04027,21.75222],[-102.05543,21.75131],[-102.06215,21.74908],[-102.06506,21.74929],[-102.06609,21.75304],[-102.07904,21.75369]]]}},{"type":"Feature","properties":{"cvegeo":"14011","nombre":"Atengo"},"geometry":{"type":"Polygon","coordinates":[[[-104.24643,20.43635],[-104.25257,20.43189],[-104.25131,20.43088],[-104.25564,20.42891],[-104.26199,20.43047],[-104.26393,20.41952],[-104.26713,20.41845],[-104.27196,20.41178],[-104.27504,20.41413],[-104.27925,20.41449],[-104.28034,20.41715],[-104.28349,20.41839],[-104.28903,20.41852],[-104.29126,20.42075],[-104.29955,20.4196],[-104.3041,20.42162],[-104.30957,20.42016],[-104.31328,20.41372],[-104.32016,20.41241],[-104.3177,20.40783],[-104.3187,20.40454],[-104.32558,20.39659],[-104.32738,20.39012],[-104.32541,20.38878],[-104.32854,20.38651],[-104.32133,20.38375],[-104.32025,20.38121],[-104.32606,20.37818],[-104.32884,20.37381],[-104.33768,20.37497],[-104.34048,20.37325],[-104.34433,20.37449],[-104.34868,20.37178],[-104.35585,20.37485],[-104.36551,20.3758],[-104.37454,20.37234],[-104.38015,20.37256],[-104.38631,20.37056],[-104.3873,20.36899],[-104.38506,20.36363],[-104.39004,20.35719],[-104.39006,20.34245],[-104.39291,20.33978],[-104.39888,20.34075],[-104.3985,20.33912],[-104.39343,20.33618],[-104.38832,20.32532],[-104.38937,20.32216],[-104.39795,20.31968],[-104.39074,20.31261],[-104.38499,20.30216],[-104.3926,20.30258],[-104.39551,20.29861],[-104.40534,20.3017],[-104.40959,20.29669],[-104.41018,20.29287],[-104.40478,20.29105],[-104.40243,20.29541],[-104.40183,20.28967],[-104.39439,20.28964],[-104.39318,20.2842],[-104.38752,20.27989],[-104.38497,20.2752],[-104.38973,20.26907],[-104.38242,20.26793],[-104.38073,20.2659],[-104.37499,20.26629],[-104.37164,20.25454],[-104.36475,20.24749],[-104.36411,20.23945],[-104.3554,20.22853],[-104.3452,20.24141],[-104.33178,20.23764],[-104.32467,20.23204],[-104.31786,20.23247],[-104.30981,20.22673],[-104.30623,20.22871],[-104.29691,20.22676],[-104.29138,20.21697],[-104.29222,20.21583],[-104.28881,20.21396],[-104.2862,20.20982],[-104.28222,20.209],[-104.28333,20.2045],[-104.25184,20.20974],[-104.24972,20.21149],[-104.24279,20.20944],[-104.24095,20.21309],[-104.2397,20.2111],[-104.23719,20.21189],[-104.19346,20.24743],[-104.18541,20.23958],[-104.17879,20.27731],[-104.15639,20.29512],[-104.16315,20.29613],[-104.16418,20.29922],[-104.16124,20.30358],[-104.1632,20.30644],[-104.15958,20.30628],[-104.16128,20.30845],[-104.1597,20.31252],[-104.16082,20.31277],[-104.16042,20.31594],[-104.15875,20.31716],[-104.16385,20.3166],[-104.16726,20.32078],[-104.16001,20.32171],[-104.16115,20.32629],[-104.1642,20.32792],[-104.16228,20.32873],[-104.16324,20.33298],[-104.16088,20.33419],[-104.16104,20.33286],[-104.15809,20.33176],[-104.15786,20.33598],[-104.1601,20.33643],[-104.15854,20.33783],[-104.16009,20.34623],[-104.15897,20.34882],[-104.16302,20.35688],[-104.17107,20.36378],[-104.17359,20.36294],[-104.17328,20.36432],[-104.176,20.36465],[-104.17714,20.36655],[-104.18084,20.36434],[-104.18522,20.36593],[-104.18514,20.36402],[-104.18736,20.36509],[-104.18638,20.36598],[-104.18788,20.36802],[-104.1848,20.37034],[-104.18305,20.38038],[-104.18438,20.38258],[-104.18619,20.38253],[-104.18718,20.38645],[-104.19057,20.38835],[-104.18815,20.39798],[-104.19061,20.40722],[-104.19278,20.40955],[-104.19252,20.41895],[-104.19451,20.42023],[-104.1979,20.41887],[-104.19803,20.42055],[-104.20044,20.41997],[-104.20151,20.42219],[-104.20515,20.42337],[-104.20218,20.42698],[-104.2023,20.43052],[-104.20658,20.43258],[-104.2068,20.42666],[-104.21156,20.42271],[-104.2159,20.42308],[-104.21971,20.42131],[-104.22482,20.42324],[-104.22734,20.42146],[-104.22631,20.42361],[-104.23098,20.42344],[-104.23224,20.41654],[-104.23435,20.41813],[-104.23517,20.42297],[-104.23717,20.42356],[-104.23793,20.42667],[-104.24182,20.42449],[-104.24648,20.43187],[-104.24643,20.43635]]]}},{"type":"Feature","properties":{"cvegeo":"14016","nombre":"Ayotlán"},"geometry":{"type":"Polygon","coordinates":[[[-102.35841,20.60987],[-102.36142,20.60402],[-102.36725,20.60934],[-102.37574,20.60153],[-102.38254,20.60054],[-102.38439,20.59779],[-102.39088,20.59779],[-102.39252,20.59979],[-102.3986,20.60044],[-102.41047,20.59863],[-102.41654,20.59413],[-102.41571,20.59199],[-102.41811,20.58884],[-102.4213,20.58817],[-102.42461,20.57697],[-102.42377,20.55044],[-102.41645,20.54809],[-102.41304,20.54374],[-102.41828,20.52928],[-102.41849,20.52487],[-102.42312,20.5212],[-102.42359,20.51666],[-102.42816,20.51497],[-102.432,20.50507],[-102.43649,20.5063],[-102.43639,20.50455],[-102.44025,20.50252],[-102.44179,20.49881],[-102.43965,20.4959],[-102.44158,20.49562],[-102.44404,20.48702],[-102.44608,20.48721],[-102.44635,20.48518],[-102.46073,20.48636],[-102.46203,20.4786],[-102.46423,20.47885],[-102.46474,20.47482],[-102.46266,20.47459],[-102.46291,20.47262],[-102.46071,20.47337],[-102.46078,20.47149],[-102.45896,20.47038],[-102.45377,20.46967],[-102.4534,20.46661],[-102.45134,20.46694],[-102.45119,20.46566],[-102.44692,20.46585],[-102.44531,20.46345],[-102.44168,20.46411],[-102.44442,20.45026],[-102.45536,20.44571],[-102.45574,20.44112],[-102.45077,20.43664],[-102.45033,20.43769],[-102.43902,20.43573],[-102.43823,20.43136],[-102.43419,20.43096],[-102.4348,20.42978],[-102.42423,20.42513],[-102.42153,20.42349],[-102.42206,20.42231],[-102.40815,20.4159],[-102.41037,20.41214],[-102.40799,20.41195],[-102.4087,20.41077],[-102.4073,20.41038],[-102.40893,20.40895],[-102.40421,20.40721],[-102.40495,20.40592],[-102.39961,20.40539],[-102.39856,20.40234],[-102.39161,20.40167],[-102.39101,20.40036],[-102.39272,20.40056],[-102.38608,20.38607],[-102.38477,20.37585],[-102.36747,20.37725],[-102.34695,20.3755],[-102.34175,20.36155],[-102.34112,20.35261],[-102.34408,20.34909],[-102.3436,20.34503],[-102.34906,20.34006],[-102.34724,20.33474],[-102.34396,20.33622],[-102.34207,20.34027],[-102.33595,20.34154],[-102.32722,20.34948],[-102.31947,20.34476],[-102.31609,20.34459],[-102.30904,20.35715],[-102.3066,20.35816],[-102.30047,20.35652],[-102.29638,20.35313],[-102.29206,20.35298],[-102.29361,20.34591],[-102.28986,20.34084],[-102.28583,20.34539],[-102.28281,20.34532],[-102.27712,20.34316],[-102.2742,20.33868],[-102.26716,20.33549],[-102.26096,20.33585],[-102.25908,20.33937],[-102.25416,20.33527],[-102.24713,20.33902],[-102.24136,20.33934],[-102.23803,20.34181],[-102.23184,20.34149],[-102.22622,20.34447],[-102.22181,20.34407],[-102.21935,20.3511],[-102.23095,20.35503],[-102.29179,20.35919],[-102.31217,20.43216],[-102.30925,20.43517],[-102.31034,20.4379],[-102.30654,20.44229],[-102.3079,20.44679],[-102.30624,20.45004],[-102.30819,20.45371],[-102.30761,20.45597],[-102.30222,20.45784],[-102.29846,20.45738],[-102.29444,20.46267],[-102.28837,20.46408],[-102.28717,20.46608],[-102.2836,20.46523],[-102.28086,20.46707],[-102.27155,20.46802],[-102.26512,20.4763],[-102.26065,20.47913],[-102.25506,20.47992],[-102.25406,20.48269],[-102.25158,20.4826],[-102.25325,20.48587],[-102.24982,20.48624],[-102.24933,20.48789],[-102.24484,20.48713],[-102.2438,20.48938],[-102.23359,20.4882],[-102.22886,20.49371],[-102.22673,20.4941],[-102.22344,20.49923],[-102.22493,20.50489],[-102.22328,20.51019],[-102.23238,20.51126],[-102.22881,20.52096],[-102.23537,20.52679],[-102.23797,20.52631],[-102.23516,20.5309],[-102.23652,20.53365],[-102.24858,20.54457],[-102.24877,20.55426],[-102.2427,20.55713],[-102.2462,20.56246],[-102.25457,20.56434],[-102.25224,20.56924],[-102.25764,20.57433],[-102.26223,20.57347],[-102.26759,20.57506],[-102.2632,20.57895],[-102.25978,20.57878],[-102.25573,20.58229],[-102.25253,20.59167],[-102.27223,20.58623],[-102.27466,20.58287],[-102.27756,20.58535],[-102.2804,20.58467],[-102.27946,20.58624],[-102.28168,20.59016],[-102.27858,20.59105],[-102.27954,20.59371],[-102.27729,20.59397],[-102.27774,20.59705],[-102.2822,20.5967],[-102.28212,20.5989],[-102.28446,20.60136],[-102.28818,20.59717],[-102.30459,20.59696],[-102.30725,20.60162],[-102.3114,20.60317],[-102.32063,20.59844],[-102.3356,20.59487],[-102.34146,20.59599],[-102.35205,20.60889],[-102.35841,20.60987]]]}},{"type":"Feature","properties":{"cvegeo":"14020","nombre":"Cabo Corrientes"},"geometry":{"type":"Polygon","coordinates":[[[-105.32815,20.51304],[-105.33623,20.51176],[-105.34405,20.50735],[-105.34756,20.5068],[-105.35292,20.50853],[-105.36973,20.50416],[-105.37232,20.50645],[-105.37577,20.50437],[-105.3794,20.50599],[-105.38272,20.50493],[-105.3862,20.5074],[-105.39112,20.50595],[-105.40088,20.50892],[-105.40203,20.50676],[-105.41117,20.50435],[-105.41183,20.50278],[-105.41691,20.50399],[-105.4251,20.50012],[-105.44224,20.50117],[-105.44581,20.49854],[-105.44556,20.49555],[-105.44256,20.49177],[-105.4455,20.48838],[-105.44841,20.48885],[-105.4563,20.4949],[-105.46578,20.49651],[-105.47511,20.49602],[-105.48122,20.49341],[-105.48422,20.49401],[-105.48944,20.4901],[-105.49488,20.4894],[-105.50261,20.49253],[-105.5076,20.49161],[-105.51787,20.49351],[-105.54034,20.48945],[-105.5448,20.48625],[-105.55444,20.48822],[-105.56077,20.48647],[-105.56629,20.4826],[-105.57388,20.48377],[-105.59257,20.47365],[-105.59409,20.47499],[-105.59501,20.47374],[-105.60415,20.47577],[-105.606,20.47336],[-105.6083,20.4737],[-105.60901,20.47126],[-105.6155,20.47078],[-105.62428,20.45689],[-105.6356,20.44584],[-105.64296,20.44235],[-105.64821,20.4451],[-105.64815,20.44318],[-105.6513,20.44126],[-105.64973,20.4384],[-105.65442,20.42809],[-105.6566,20.42794],[-105.65756,20.42591],[-105.65952,20.42741],[-105.66776,20.42802],[-105.67127,20.42588],[-105.67083,20.42211],[-105.67261,20.41786],[-105.67059,20.41419],[-105.67404,20.41386],[-105.6717,20.40891],[-105.67318,20.40691],[-105.67831,20.40854],[-105.68012,20.41197],[-105.68155,20.4109],[-105.68761,20.41203],[-105.68887,20.41035],[-105.69496,20.40923],[-105.69277,20.38823],[-105.68634,20.37325],[-105.68537,20.36926],[-105.68655,20.36721],[-105.67631,20.35235],[-105.67655,20.34785],[-105.67057,20.33808],[-105.65945,20.32535],[-105.65616,20.31771],[-105.61218,20.28259],[-105.59021,20.26305],[-105.58478,20.25561],[-105.58401,20.25077],[-105.58571,20.24888],[-105.58254,20.24715],[-105.583,20.24409],[-105.57913,20.23995],[-105.58202,20.23866],[-105.58096,20.23673],[-105.57516,20.23482],[-105.57451,20.23829],[-105.5723,20.23904],[-105.5596,20.23198],[-105.55334,20.22156],[-105.54793,20.20715],[-105.54321,20.18135],[-105.54197,20.18257],[-105.539,20.18126],[-105.53107,20.18166],[-105.52117,20.18569],[-105.51615,20.18536],[-105.51482,20.18388],[-105.51379,20.18803],[-105.49696,20.19363],[-105.49713,20.19693],[-105.49034,20.19671],[-105.48934,20.20147],[-105.47518,20.20337],[-105.47199,20.21034],[-105.46935,20.21008],[-105.47147,20.21239],[-105.46734,20.21611],[-105.46509,20.21436],[-105.46272,20.21682],[-105.46253,20.23186],[-105.45307,20.23147],[-105.45135,20.23276],[-105.44637,20.22938],[-105.4468,20.22577],[-105.44093,20.22489],[-105.43878,20.22639],[-105.41846,20.21662],[-105.4118,20.21735],[-105.3996,20.2232],[-105.39446,20.22192],[-105.39369,20.21283],[-105.38957,20.21053],[-105.38073,20.20986],[-105.37732,20.20692],[-105.37871,20.20166],[-105.37391,20.19655],[-105.37628,20.18707],[-105.37037,20.18892],[-105.37012,20.18652],[-105.37307,20.18459],[-105.36591,20.18193],[-105.36858,20.17585],[-105.36633,20.17583],[-105.36093,20.16982],[-105.35651,20.17154],[-105.35399,20.168],[-105.35057,20.16802],[-105.34784,20.17112],[-105.34539,20.16976],[-105.34365,20.17185],[-105.33449,20.17373],[-105.33287,20.17634],[-105.32997,20.17606],[-105.32996,20.17853],[-105.32614,20.17764],[-105.32043,20.18157],[-105.31831,20.1797],[-105.3171,20.18102],[-105.31497,20.18012],[-105.31297,20.18233],[-105.31041,20.18166],[-105.30787,20.18322],[-105.29868,20.17828],[-105.28895,20.17855],[-105.28446,20.18635],[-105.27734,20.18603],[-105.27089,20.19082],[-105.26559,20.19136],[-105.26471,20.18693],[-105.2661,20.18497],[-105.25899,20.17983],[-105.25802,20.17501],[-105.25957,20.16497],[-105.25544,20.16236],[-105.2537,20.16351],[-105.25077,20.16223],[-105.25026,20.15909],[-105.25389,20.15413],[-105.25316,20.15317],[-105.24718,20.1565],[-105.24269,20.16126],[-105.24094,20.16585],[-105.22312,20.1709],[-105.21202,20.16856],[-105.19496,20.17057],[-105.19084,20.16593],[-105.18697,20.16429],[-105.18301,20.17161],[-105.17203,20.17708],[-105.16538,20.17601],[-105.1612,20.18082],[-105.15757,20.18188],[-105.15519,20.1845],[-105.15605,20.18809],[-105.15267,20.191],[-105.14782,20.18864],[-105.14266,20.19074],[-105.14133,20.18565],[-105.13831,20.18356],[-105.13629,20.18425],[-105.13516,20.18706],[-105.13169,20.18602],[-105.13109,20.1898],[-105.14121,20.19223],[-105.1486,20.20609],[-105.14788,20.20837],[-105.15041,20.21442],[-105.14894,20.21564],[-105.14963,20.22196],[-105.17077,20.23191],[-105.1817,20.23238],[-105.1806,20.23549],[-105.18448,20.23524],[-105.18656,20.23801],[-105.19383,20.23525],[-105.19508,20.2379],[-105.19943,20.23893],[-105.19902,20.24562],[-105.20178,20.24965],[-105.19765,20.25296],[-105.19383,20.25314],[-105.19085,20.25872],[-105.18477,20.25981],[-105.18415,20.26534],[-105.17977,20.27259],[-105.1767,20.27447],[-105.17652,20.27807],[-105.17345,20.27973],[-105.17349,20.2824],[-105.17522,20.28318],[-105.17536,20.28616],[-105.17319,20.28837],[-105.17573,20.29235],[-105.17507,20.29362],[-105.17923,20.2994],[-105.18068,20.30485],[-105.18425,20.30563],[-105.18422,20.31155],[-105.1816,20.31607],[-105.18251,20.33153],[-105.17712,20.35834],[-105.17131,20.3646],[-105.17194,20.37105],[-105.16537,20.36791],[-105.15972,20.37147],[-105.15536,20.37136],[-105.15736,20.37356],[-105.15748,20.37916],[-105.15882,20.37916],[-105.15893,20.38081],[-105.16137,20.38008],[-105.16225,20.38218],[-105.17021,20.38136],[-105.17889,20.38421],[-105.18064,20.38401],[-105.18176,20.38159],[-105.18429,20.38411],[-105.18786,20.38108],[-105.19295,20.38062],[-105.19299,20.38432],[-105.19601,20.38538],[-105.19482,20.38937],[-105.197,20.38912],[-105.19804,20.39067],[-105.20142,20.38838],[-105.20271,20.39069],[-105.20446,20.38928],[-105.20549,20.39012],[-105.20449,20.39225],[-105.20791,20.39182],[-105.20817,20.39498],[-105.20996,20.39408],[-105.21727,20.39661],[-105.21969,20.40139],[-105.21826,20.40499],[-105.21923,20.40942],[-105.21762,20.4106],[-105.21997,20.41644],[-105.22381,20.41855],[-105.22495,20.42097],[-105.22145,20.42176],[-105.22676,20.42334],[-105.22457,20.4252],[-105.22619,20.42575],[-105.22635,20.43],[-105.2312,20.42992],[-105.23149,20.43165],[-105.23584,20.43184],[-105.23121,20.43456],[-105.23376,20.43687],[-105.23496,20.43525],[-105.23501,20.43799],[-105.23192,20.44132],[-105.2292,20.43983],[-105.22911,20.44212],[-105.23358,20.44731],[-105.2327,20.45376],[-105.23536,20.45778],[-105.22636,20.47315],[-105.2263,20.47724],[-105.2305,20.48357],[-105.23749,20.48617],[-105.24033,20.48383],[-105.24863,20.48567],[-105.25518,20.48492],[-105.26074,20.48767],[-105.26341,20.48639],[-105.26832,20.49047],[-105.27598,20.4893],[-105.26906,20.49487],[-105.26828,20.49867],[-105.27063,20.50741],[-105.27435,20.51244],[-105.27854,20.50961],[-105.28472,20.51176],[-105.3019,20.50678],[-105.3048,20.49719],[-105.2995,20.49297],[-105.29509,20.48224],[-105.29926,20.47913],[-105.30253,20.48015],[-105.30756,20.47833],[-105.31931,20.47779],[-105.31379,20.48177],[-105.3178,20.48301],[-105.32277,20.48795],[-105.32206,20.49263],[-105.32446,20.49807],[-105.32435,20.5117],[-105.32815,20.51304]]]}},{"type":"Feature","properties":{"cvegeo":"14021","nombre":"Casimiro Castillo"},"geometry":{"type":"Polygon","coordinates":[[[-104.46707,19.77646],[-104.47054,19.77226],[-104.47423,19.77174],[-104.46668,19.76102],[-104.47149,19.75162],[-104.47429,19.74958],[-104.47392,19.74499],[-104.476,19.7427],[-104.47417,19.74109],[-104.47728,19.73047],[-104.4765,19.72778],[-104.4785,19.7241],[-104.47612,19.72164],[-104.47736,19.71826],[-104.47378,19.71092],[-104.4766,19.70769],[-104.47522,19.70474],[-104.47752,19.6979],[-104.48011,19.69609],[-104.47897,19.67999],[-104.48069,19.67635],[-104.48164,19.6782],[-104.49351,19.68458],[-104.49662,19.68868],[-104.50072,19.6866],[-104.51035,19.6905],[-104.51353,19.6894],[-104.51753,19.68445],[-104.52079,19.68332],[-104.52313,19.67645],[-104.52124,19.67249],[-104.51852,19.67173],[-104.51999,19.66965],[-104.51497,19.66523],[-104.51168,19.6571],[-104.51656,19.65821],[-104.51987,19.65267],[-104.52015,19.65673],[-104.52524,19.65848],[-104.52616,19.66252],[-104.52908,19.66339],[-104.53117,19.66965],[-104.54164,19.66523],[-104.54801,19.64952],[-104.54954,19.63644],[-104.55568,19.62834],[-104.56162,19.63041],[-104.57002,19.6369],[-104.57879,19.63762],[-104.58017,19.64119],[-104.58565,19.64202],[-104.5875,19.64632],[-104.59038,19.6435],[-104.59267,19.64448],[-104.59476,19.6364],[-104.59826,19.63254],[-104.59714,19.62388],[-104.59888,19.62315],[-104.59706,19.61453],[-104.60224,19.61038],[-104.60095,19.60362],[-104.60388,19.60137],[-104.60651,19.60286],[-104.60811,19.60136],[-104.61028,19.60201],[-104.61602,19.59604],[-104.6204,19.59526],[-104.61721,19.5924],[-104.61471,19.58414],[-104.61775,19.57946],[-104.60925,19.57811],[-104.60557,19.5734],[-104.60588,19.55537],[-104.60456,19.5547],[-104.60335,19.55749],[-104.59854,19.55856],[-104.59538,19.56459],[-104.58413,19.56876],[-104.58189,19.56009],[-104.58302,19.55658],[-104.57106,19.553],[-104.57189,19.54775],[-104.56615,19.54581],[-104.55962,19.5377],[-104.55722,19.53876],[-104.5568,19.54364],[-104.54751,19.54054],[-104.54412,19.54297],[-104.53511,19.52496],[-104.52783,19.52529],[-104.55128,19.50103],[-104.54278,19.48716],[-104.54016,19.48525],[-104.53641,19.47502],[-104.53113,19.47017],[-104.52876,19.46338],[-104.51248,19.45921],[-104.50702,19.45959],[-104.5068,19.45757],[-104.5054,19.45776],[-104.50544,19.45357],[-104.50387,19.45492],[-104.50206,19.45395],[-104.50234,19.45872],[-104.49274,19.45565],[-104.48814,19.45714],[-104.47812,19.45514],[-104.47509,19.45595],[-104.4712,19.45255],[-104.47008,19.45589],[-104.46513,19.45367],[-104.46414,19.4569],[-104.46247,19.45594],[-104.46233,19.45291],[-104.45638,19.45051],[-104.45798,19.45653],[-104.45705,19.45761],[-104.45169,19.46032],[-104.44872,19.45945],[-104.44573,19.46176],[-104.4482,19.46306],[-104.44828,19.46826],[-104.45095,19.47107],[-104.45111,19.47881],[-104.45871,19.48372],[-104.4589,19.48853],[-104.46347,19.49051],[-104.46227,19.49463],[-104.46472,19.49735],[-104.46553,19.50456],[-104.46898,19.50867],[-104.45648,19.51111],[-104.45234,19.51645],[-104.43938,19.52108],[-104.4366,19.51836],[-104.43144,19.51727],[-104.42542,19.51988],[-104.42061,19.51766],[-104.41471,19.51784],[-104.41306,19.51922],[-104.40586,19.51701],[-104.39697,19.52002],[-104.39407,19.5195],[-104.39305,19.51718],[-104.3831,19.51954],[-104.37811,19.52283],[-104.37846,19.52778],[-104.37653,19.52788],[-104.37937,19.53205],[-104.37477,19.53438],[-104.36671,19.54642],[-104.3629,19.54889],[-104.3644,19.55223],[-104.3587,19.55634],[-104.35812,19.56044],[-104.36497,19.56211],[-104.35935,19.57275],[-104.3587,19.5828],[-104.35562,19.58416],[-104.35923,19.59012],[-104.35946,19.59707],[-104.35255,19.59884],[-104.34777,19.60323],[-104.35104,19.61365],[-104.36066,19.6157],[-104.36374,19.61799],[-104.37535,19.61838],[-104.39036,19.62631],[-104.38108,19.62692],[-104.37303,19.63397],[-104.37236,19.63867],[-104.37491,19.64128],[-104.37404,19.64547],[-104.37582,19.64698],[-104.37442,19.64876],[-104.37651,19.65173],[-104.37548,19.65291],[-104.37763,19.65476],[-104.37487,19.65864],[-104.37954,19.6613],[-104.37825,19.66468],[-104.3798,19.66676],[-104.37644,19.67278],[-104.37874,19.67545],[-104.37455,19.67893],[-104.3687,19.6898],[-104.37516,19.69071],[-104.37793,19.69386],[-104.38685,19.69807],[-104.38793,19.7012],[-104.38616,19.70595],[-104.38659,19.71067],[-104.39268,19.71522],[-104.38913,19.71765],[-104.38455,19.71813],[-104.38277,19.72226],[-104.38389,19.72943],[-104.37996,19.73026],[-104.37565,19.73382],[-104.37326,19.73299],[-104.37074,19.7414],[-104.37409,19.74027],[-104.37284,19.74393],[-104.3853,19.74157],[-104.37879,19.73554],[-104.38797,19.73961],[-104.39319,19.7354],[-104.39653,19.73589],[-104.40457,19.73166],[-104.40864,19.7326],[-104.42475,19.74381],[-104.42619,19.75116],[-104.42528,19.75945],[-104.43668,19.75591],[-104.44088,19.7586],[-104.44564,19.7578],[-104.45016,19.75965],[-104.45367,19.75826],[-104.4565,19.75988],[-104.45744,19.76526],[-104.45973,19.76635],[-104.46385,19.77478],[-104.46707,19.77646]]]}},{"type":"Feature","properties":{"cvegeo":"14022","nombre":"Cihuatlán"},"geometry":{"type":"Polygon","coordinates":[[[-104.67156,19.37635],[-104.68022,19.37297],[-104.67764,19.36947],[-104.67757,19.36567],[-104.68108,19.36605],[-104.68419,19.36104],[-104.68796,19.36107],[-104.69363,19.35781],[-104.69813,19.35997],[-104.70271,19.3585],[-104.70567,19.35244],[-104.70975,19.35499],[-104.71257,19.35371],[-104.71455,19.34826],[-104.71807,19.34702],[-104.71914,19.34024],[-104.72721,19.34165],[-104.72923,19.33988],[-104.73304,19.34357],[-104.73935,19.34233],[-104.7402,19.34397],[-104.74374,19.34468],[-104.7457,19.34229],[-104.75475,19.34184],[-104.7561,19.34372],[-104.75774,19.34337],[-104.7628,19.33849],[-104.77223,19.33654],[-104.77332,19.33232],[-104.76539,19.32981],[-104.76806,19.32909],[-104.76429,19.32566],[-104.76806,19.32016],[-104.76837,19.32173],[-104.77,19.32112],[-104.76928,19.31928],[-104.77149,19.31913],[-104.77644,19.31273],[-104.77828,19.31447],[-104.78408,19.31366],[-104.78463,19.31542],[-104.78781,19.3151],[-104.79106,19.31782],[-104.79282,19.31588],[-104.79896,19.32106],[-104.79994,19.31524],[-104.79679,19.31144],[-104.7926,19.3113],[-104.78796,19.30875],[-104.78386,19.3035],[-104.77927,19.29213],[-104.76635,19.29149],[-104.76663,19.2873],[-104.75715,19.28499],[-104.77556,19.2573],[-104.77616,19.2487],[-104.78489,19.25058],[-104.78635,19.24417],[-104.77394,19.2411],[-104.77523,19.23915],[-104.77139,19.23796],[-104.77206,19.2326],[-104.76918,19.23053],[-104.76113,19.23163],[-104.75821,19.2285],[-104.75188,19.23732],[-104.74602,19.23502],[-104.73925,19.24],[-104.73656,19.23821],[-104.73293,19.23923],[-104.73045,19.23674],[-104.73186,19.23461],[-104.72955,19.23134],[-104.73156,19.22836],[-104.73588,19.22866],[-104.73384,19.22158],[-104.73081,19.22253],[-104.72669,19.21878],[-104.72347,19.22153],[-104.72195,19.21877],[-104.71705,19.21905],[-104.71605,19.21675],[-104.71244,19.215],[-104.71431,19.22034],[-104.7107,19.22266],[-104.70252,19.22195],[-104.69604,19.21818],[-104.68691,19.20873],[-104.68441,19.20206],[-104.68639,19.19887],[-104.68561,19.19757],[-104.6888,19.19859],[-104.69134,19.19666],[-104.68998,19.19517],[-104.69139,19.18869],[-104.69507,19.18698],[-104.69733,19.18782],[-104.70346,19.18038],[-104.70281,19.17813],[-104.70076,19.17992],[-104.69838,19.1791],[-104.69801,19.17551],[-104.69559,19.17566],[-104.69534,19.17716],[-104.69386,19.17355],[-104.69057,19.17409],[-104.6889,19.18417],[-104.6852,19.18482],[-104.68443,19.18238],[-104.68094,19.18377],[-104.68033,19.18551],[-104.68271,19.18756],[-104.68157,19.18857],[-104.68361,19.18996],[-104.67998,19.19317],[-104.67515,19.1855],[-104.65367,19.18262],[-104.62934,19.17291],[-104.62628,19.17585],[-104.62603,19.1782],[-104.61882,19.18085],[-104.61609,19.17796],[-104.6153,19.1741],[-104.61591,19.17057],[-104.61896,19.16767],[-104.61678,19.16624],[-104.61575,19.16168],[-104.61147,19.161],[-104.61283,19.15548],[-104.60817,19.15493],[-104.60332,19.15206],[-104.58984,19.1501],[-104.58704,19.15352],[-104.58578,19.16181],[-104.59614,19.16405],[-104.59607,19.17161],[-104.60029,19.17905],[-104.5955,19.18426],[-104.59003,19.18653],[-104.58667,19.18539],[-104.58399,19.17799],[-104.58098,19.17762],[-104.57694,19.1802],[-104.57436,19.18576],[-104.57477,19.19303],[-104.5697,19.19702],[-104.56725,19.20127],[-104.5696,19.20588],[-104.57054,19.21368],[-104.56911,19.2187],[-104.5673,19.21976],[-104.56242,19.21823],[-104.5599,19.22008],[-104.56029,19.22818],[-104.55452,19.2371],[-104.54847,19.24335],[-104.53705,19.25103],[-104.53378,19.25804],[-104.5253,19.26112],[-104.52332,19.26037],[-104.51408,19.24814],[-104.50838,19.24423],[-104.50609,19.24508],[-104.50143,19.25259],[-104.49738,19.2545],[-104.49454,19.25395],[-104.48845,19.24723],[-104.49014,19.23273],[-104.48895,19.22994],[-104.48385,19.23054],[-104.47726,19.2387],[-104.47401,19.23655],[-104.47339,19.23023],[-104.47167,19.22884],[-104.4669,19.23101],[-104.46478,19.23004],[-104.46302,19.23296],[-104.46324,19.23749],[-104.46701,19.24511],[-104.46302,19.24737],[-104.46006,19.24598],[-104.4557,19.24804],[-104.4598,19.25445],[-104.45753,19.25942],[-104.44893,19.259],[-104.43841,19.26287],[-104.43575,19.27016],[-104.43974,19.27696],[-104.43922,19.27967],[-104.44104,19.28099],[-104.43741,19.2817],[-104.43736,19.28666],[-104.43571,19.2883],[-104.43557,19.29623],[-104.43364,19.29851],[-104.43446,19.30182],[-104.43618,19.30267],[-104.43443,19.30679],[-104.4412,19.30943],[-104.44148,19.31524],[-104.44446,19.31463],[-104.44654,19.31623],[-104.44448,19.32335],[-104.45195,19.3345],[-104.45133,19.33981],[-104.45377,19.34129],[-104.45264,19.35064],[-104.45428,19.35504],[-104.45671,19.35152],[-104.46758,19.35252],[-104.46644,19.36097],[-104.46302,19.36525],[-104.46414,19.36673],[-104.46692,19.36789],[-104.4843,19.36118],[-104.48559,19.35654],[-104.493,19.3497],[-104.49596,19.35145],[-104.4982,19.35082],[-104.50235,19.35594],[-104.5088,19.36],[-104.51343,19.36049],[-104.51791,19.35851],[-104.5295,19.36115],[-104.53301,19.36043],[-104.53289,19.35801],[-104.53511,19.35701],[-104.53585,19.34896],[-104.53949,19.34928],[-104.53653,19.34581],[-104.53936,19.34279],[-104.5431,19.34377],[-104.54413,19.34225],[-104.54302,19.33924],[-104.55123,19.33957],[-104.55135,19.33562],[-104.55335,19.33543],[-104.55486,19.33912],[-104.56244,19.33966],[-104.56549,19.33654],[-104.56328,19.33491],[-104.5648,19.33328],[-104.56954,19.33397],[-104.57208,19.33077],[-104.57594,19.33144],[-104.57886,19.32695],[-104.58421,19.32518],[-104.58384,19.32255],[-104.59048,19.3267],[-104.59145,19.32433],[-104.59389,19.32436],[-104.59327,19.32132],[-104.59906,19.32157],[-104.59866,19.32424],[-104.5998,19.32442],[-104.60381,19.31536],[-104.60491,19.31805],[-104.60323,19.3201],[-104.60453,19.32085],[-104.61318,19.31461],[-104.61187,19.31139],[-104.61528,19.3095],[-104.61707,19.31032],[-104.61955,19.30815],[-104.62328,19.30123],[-104.64411,19.31615],[-104.64556,19.32118],[-104.64373,19.32833],[-104.64873,19.33709],[-104.64726,19.34222],[-104.64763,19.34948],[-104.64199,19.35023],[-104.63366,19.35644],[-104.62578,19.35333],[-104.62905,19.35743],[-104.63304,19.35879],[-104.63276,19.36034],[-104.63731,19.35955],[-104.64197,19.36091],[-104.64415,19.36463],[-104.64862,19.36384],[-104.65011,19.36043],[-104.65249,19.36331],[-104.65146,19.3653],[-104.65314,19.36608],[-104.65174,19.3689],[-104.65717,19.37343],[-104.66186,19.37368],[-104.66297,19.37536],[-104.66882,19.3744],[-104.67156,19.37635]]]}},{"type":"Feature","properties":{"cvegeo":"14023","nombre":"Zapotlán el Grande"},"geometry":{"type":"Polygon","coordinates":[[[-103.44648,19.78892],[-103.4472,19.78455],[-103.45222,19.78781],[-103.45818,19.78379],[-103.45721,19.78004],[-103.45378,19.77978],[-103.45373,19.77686],[-103.4618,19.77101],[-103.46022,19.76994],[-103.46047,19.76784],[-103.4644,19.77071],[-103.46709,19.77026],[-103.46749,19.77199],[-103.47518,19.77718],[-103.47254,19.77106],[-103.47522,19.77242],[-103.48345,19.77222],[-103.48852,19.76923],[-103.48769,19.76713],[-103.48954,19.76526],[-103.4972,19.76224],[-103.4967,19.7592],[-103.49795,19.75867],[-103.50027,19.75972],[-103.50077,19.76508],[-103.50288,19.76736],[-103.50787,19.76937],[-103.5163,19.76982],[-103.52468,19.77495],[-103.52735,19.77438],[-103.52804,19.77185],[-103.53833,19.77429],[-103.54694,19.7744],[-103.5513,19.77684],[-103.55813,19.77633],[-103.56683,19.77182],[-103.57298,19.77186],[-103.57667,19.7743],[-103.58321,19.7653],[-103.5891,19.77217],[-103.59277,19.77143],[-103.59965,19.77396],[-103.60476,19.77136],[-103.60875,19.7729],[-103.61438,19.76596],[-103.62381,19.76958],[-103.61615,19.76398],[-103.6125,19.75819],[-103.61751,19.74664],[-103.61533,19.7403],[-103.62057,19.72903],[-103.61658,19.72033],[-103.61245,19.717],[-103.61578,19.71219],[-103.61203,19.71265],[-103.61295,19.71106],[-103.60948,19.71198],[-103.61138,19.70767],[-103.60507,19.70579],[-103.60638,19.70419],[-103.59827,19.70397],[-103.60103,19.70094],[-103.59603,19.69881],[-103.59988,19.69848],[-103.59804,19.69778],[-103.5976,19.69542],[-103.59992,19.69379],[-103.58339,19.69604],[-103.58078,19.69547],[-103.57858,19.69263],[-103.57917,19.68696],[-103.5741,19.68579],[-103.56735,19.68701],[-103.57147,19.68038],[-103.57343,19.6729],[-103.57051,19.66355],[-103.57198,19.65771],[-103.57064,19.65585],[-103.56931,19.65739],[-103.56772,19.65528],[-103.56989,19.65274],[-103.5677,19.65075],[-103.56249,19.65288],[-103.5608,19.65169],[-103.55842,19.65396],[-103.55781,19.65208],[-103.55521,19.65229],[-103.55787,19.65095],[-103.55721,19.64909],[-103.56001,19.64323],[-103.55896,19.64199],[-103.56118,19.63958],[-103.55436,19.64264],[-103.54069,19.64428],[-103.53614,19.64204],[-103.52769,19.62989],[-103.53302,19.62639],[-103.53043,19.62512],[-103.5333,19.62379],[-103.5318,19.62339],[-103.53284,19.62241],[-103.53192,19.61877],[-103.52851,19.61997],[-103.53048,19.61745],[-103.53317,19.61687],[-103.53266,19.61505],[-103.52871,19.61543],[-103.53186,19.61223],[-103.52514,19.61687],[-103.52182,19.61701],[-103.51482,19.61414],[-103.50786,19.60566],[-103.50813,19.60973],[-103.50486,19.61371],[-103.50473,19.61133],[-103.50236,19.61189],[-103.49897,19.60991],[-103.48435,19.61627],[-103.48014,19.61858],[-103.47703,19.62285],[-103.46494,19.62793],[-103.47525,19.656],[-103.47176,19.65638],[-103.46857,19.65935],[-103.4674,19.65824],[-103.46543,19.66618],[-103.45997,19.66563],[-103.45328,19.67302],[-103.45067,19.67308],[-103.44631,19.67766],[-103.44645,19.67964],[-103.44408,19.6808],[-103.44253,19.68583],[-103.44045,19.68545],[-103.4386,19.68743],[-103.43836,19.68591],[-103.437,19.68689],[-103.43602,19.68542],[-103.43351,19.68932],[-103.42182,19.69879],[-103.41205,19.70159],[-103.40943,19.6996],[-103.40808,19.70911],[-103.40972,19.7105],[-103.40786,19.712],[-103.40949,19.71248],[-103.40925,19.71432],[-103.40085,19.7188],[-103.40625,19.73088],[-103.40541,19.73931],[-103.41437,19.74674],[-103.41556,19.75762],[-103.41175,19.76628],[-103.41205,19.77267],[-103.42239,19.7718],[-103.4243,19.76913],[-103.42723,19.76964],[-103.42941,19.77301],[-103.42913,19.77858],[-103.42596,19.7848],[-103.42792,19.78865],[-103.43095,19.78118],[-103.43325,19.77957],[-103.43606,19.7816],[-103.43856,19.78082],[-103.43733,19.78213],[-103.44127,19.78121],[-103.44241,19.78551],[-103.44606,19.78637],[-103.44648,19.78892]]]}},{"type":"Feature","properties":{"cvegeo":"14024","nombre":"Cocula"},"geometry":{"type":"Polygon","coordinates":[[[-103.82479,20.5414],[-103.83938,20.53828],[-103.83627,20.52665],[-103.84148,20.52304],[-103.84203,20.51797],[-103.84914,20.51098],[-103.84627,20.50767],[-103.8473,20.50593],[-103.84402,20.50505],[-103.84517,20.49758],[-103.84663,20.49601],[-103.85372,20.49538],[-103.85606,20.49023],[-103.85467,20.4834],[-103.86583,20.48083],[-103.86517,20.47812],[-103.86754,20.47596],[-103.8662,20.47452],[-103.87087,20.47433],[-103.87086,20.472],[-103.86938,20.47222],[-103.87119,20.47124],[-103.87065,20.46879],[-103.87289,20.46889],[-103.87303,20.46762],[-103.87422,20.46877],[-103.87601,20.46651],[-103.8762,20.45997],[-103.87367,20.46026],[-103.87368,20.4558],[-103.87229,20.45564],[-103.8759,20.44296],[-103.87379,20.44221],[-103.87179,20.42981],[-103.87379,20.42993],[-103.87944,20.41729],[-103.8834,20.41389],[-103.88269,20.40941],[-103.88035,20.40888],[-103.87169,20.39448],[-103.87175,20.39784],[-103.86886,20.39721],[-103.86837,20.39951],[-103.86276,20.39708],[-103.86137,20.39873],[-103.85124,20.39553],[-103.8511,20.39345],[-103.84946,20.39305],[-103.8505,20.39021],[-103.84601,20.38901],[-103.85454,20.3847],[-103.85568,20.38199],[-103.85309,20.38037],[-103.85133,20.38191],[-103.84287,20.37447],[-103.84903,20.37196],[-103.85599,20.36546],[-103.88024,20.36528],[-103.87923,20.36317],[-103.88159,20.3642],[-103.88193,20.36166],[-103.88433,20.35963],[-103.89078,20.36519],[-103.89074,20.37219],[-103.89856,20.37505],[-103.90075,20.37853],[-103.8993,20.38144],[-103.90087,20.38294],[-103.90063,20.3834],[-103.89924,20.38173],[-103.89864,20.38342],[-103.9003,20.38649],[-103.90465,20.38021],[-103.90316,20.37945],[-103.90728,20.37056],[-103.90771,20.3651],[-103.91024,20.36414],[-103.91469,20.35642],[-103.91529,20.35391],[-103.91158,20.35353],[-103.91247,20.35041],[-103.91112,20.34931],[-103.91263,20.34663],[-103.9161,20.34655],[-103.92045,20.34312],[-103.92418,20.34349],[-103.92242,20.34146],[-103.9233,20.3395],[-103.92509,20.33985],[-103.93041,20.33579],[-103.93267,20.32743],[-103.93867,20.32505],[-103.94675,20.32444],[-103.94853,20.32111],[-103.93505,20.31008],[-103.92778,20.31056],[-103.92504,20.30466],[-103.92203,20.30361],[-103.92236,20.30115],[-103.91219,20.29622],[-103.91239,20.29498],[-103.90853,20.29505],[-103.90702,20.29653],[-103.90493,20.29443],[-103.90533,20.29071],[-103.90041,20.29759],[-103.90096,20.30197],[-103.89056,20.30413],[-103.88752,20.30244],[-103.88738,20.30398],[-103.88595,20.30326],[-103.88448,20.30497],[-103.87998,20.30175],[-103.87402,20.30139],[-103.87198,20.29951],[-103.86715,20.3013],[-103.86358,20.29979],[-103.85885,20.30134],[-103.85239,20.29895],[-103.8495,20.2921],[-103.84569,20.28973],[-103.841,20.29013],[-103.8312,20.29778],[-103.82701,20.29631],[-103.82077,20.29805],[-103.82272,20.29526],[-103.82148,20.28895],[-103.82277,20.28775],[-103.81059,20.26793],[-103.80893,20.27619],[-103.8006,20.27192],[-103.79649,20.27426],[-103.78737,20.27197],[-103.78753,20.26852],[-103.78298,20.2652],[-103.77657,20.26595],[-103.77061,20.26921],[-103.76202,20.26629],[-103.77238,20.29436],[-103.77276,20.3032],[-103.77482,20.30369],[-103.77702,20.30699],[-103.77904,20.31331],[-103.77782,20.31597],[-103.77024,20.31698],[-103.77028,20.32819],[-103.76234,20.32953],[-103.76066,20.33169],[-103.7602,20.33546],[-103.76388,20.34166],[-103.76317,20.34316],[-103.75423,20.33918],[-103.75283,20.34307],[-103.74698,20.34574],[-103.74518,20.35063],[-103.74299,20.35115],[-103.73748,20.35903],[-103.73755,20.3607],[-103.73964,20.36112],[-103.73945,20.36402],[-103.74415,20.36729],[-103.74237,20.37001],[-103.74363,20.37226],[-103.74181,20.37328],[-103.74587,20.37942],[-103.74493,20.38545],[-103.74693,20.38913],[-103.7493,20.39068],[-103.75705,20.39106],[-103.7624,20.3955],[-103.7613,20.39827],[-103.75506,20.40176],[-103.75502,20.40323],[-103.75879,20.4046],[-103.75693,20.40788],[-103.75649,20.41498],[-103.74921,20.42275],[-103.75367,20.43058],[-103.75202,20.43669],[-103.75216,20.44521],[-103.75486,20.44824],[-103.76091,20.44824],[-103.76336,20.44608],[-103.76444,20.44806],[-103.77067,20.44752],[-103.77079,20.44942],[-103.77268,20.45019],[-103.77552,20.44473],[-103.77773,20.44895],[-103.77839,20.45649],[-103.78333,20.47012],[-103.78461,20.46993],[-103.78309,20.4724],[-103.7851,20.47134],[-103.78647,20.47311],[-103.78593,20.47541],[-103.78334,20.47427],[-103.78039,20.48266],[-103.78039,20.48742],[-103.78981,20.49386],[-103.78981,20.49548],[-103.78666,20.49466],[-103.78001,20.49802],[-103.78344,20.49966],[-103.78111,20.50021],[-103.78357,20.50138],[-103.77808,20.5032],[-103.78086,20.50477],[-103.78025,20.50793],[-103.77692,20.51173],[-103.77269,20.51139],[-103.7702,20.51714],[-103.77284,20.51835],[-103.77373,20.5226],[-103.77934,20.52589],[-103.77851,20.5267],[-103.78627,20.5299],[-103.78942,20.5297],[-103.78913,20.53146],[-103.80318,20.53298],[-103.80631,20.53478],[-103.80875,20.53332],[-103.81162,20.53387],[-103.81378,20.53237],[-103.81389,20.53016],[-103.81787,20.53016],[-103.82092,20.5323],[-103.82344,20.53218],[-103.82342,20.53011],[-103.82857,20.53512],[-103.82753,20.53744],[-103.82382,20.53887],[-103.82479,20.5414]]]}},{"type":"Feature","properties":{"cvegeo":"14026","nombre":"Concepción de Buenos Aires"},"geometry":{"type":"Polygon","coordinates":[[[-103.22637,20.07844],[-103.22943,20.0795],[-103.22927,20.07648],[-103.233,20.07733],[-103.23311,20.07421],[-103.23058,20.07197],[-103.24351,20.07272],[-103.24284,20.07061],[-103.24448,20.07035],[-103.24803,20.07188],[-103.2499,20.07491],[-103.26329,20.07565],[-103.26878,20.07283],[-103.26941,20.06927],[-103.27584,20.06768],[-103.27825,20.06469],[-103.28038,20.06052],[-103.26661,20.04937],[-103.26637,20.03657],[-103.26832,20.03608],[-103.26871,20.03373],[-103.26871,20.03487],[-103.27043,20.03428],[-103.27101,20.03291],[-103.26901,20.03286],[-103.27078,20.03157],[-103.26967,20.02398],[-103.27447,20.01859],[-103.27113,20.01811],[-103.27255,20.01745],[-103.27088,20.01337],[-103.28569,20.01849],[-103.2906,20.02602],[-103.29199,20.02531],[-103.29594,20.03098],[-103.30031,20.03309],[-103.30222,20.03717],[-103.3013,20.04301],[-103.30266,20.04394],[-103.30947,20.04296],[-103.31251,20.04415],[-103.31328,20.04608],[-103.31396,20.04508],[-103.32332,20.04836],[-103.32457,20.04715],[-103.33081,20.05186],[-103.33326,20.04952],[-103.32821,20.04428],[-103.32595,20.04425],[-103.32632,20.04189],[-103.32307,20.04076],[-103.32453,20.03747],[-103.31734,20.03466],[-103.32209,20.02886],[-103.32128,20.02648],[-103.3258,20.02642],[-103.32128,20.02599],[-103.32177,20.02245],[-103.32433,20.01998],[-103.32554,20.0211],[-103.32853,20.01715],[-103.31948,20.01384],[-103.31513,20.00939],[-103.31616,20.00774],[-103.3214,20.00726],[-103.3205,20.00546],[-103.31399,20.00073],[-103.30798,19.99885],[-103.29743,19.98755],[-103.29896,19.98472],[-103.29684,19.97584],[-103.30786,19.98114],[-103.32571,19.97666],[-103.33001,19.97064],[-103.33003,19.96646],[-103.33291,19.96053],[-103.33164,19.94886],[-103.33335,19.94437],[-103.3255,19.94268],[-103.31684,19.94519],[-103.31449,19.93985],[-103.30605,19.93757],[-103.30156,19.9304],[-103.29212,19.9264],[-103.28567,19.91656],[-103.28022,19.91543],[-103.27934,19.90689],[-103.2811,19.89939],[-103.27717,19.89703],[-103.2771,19.8934],[-103.27418,19.8895],[-103.27313,19.88469],[-103.26024,19.88405],[-103.2638,19.88162],[-103.26402,19.87912],[-103.25912,19.87775],[-103.25603,19.88305],[-103.25789,19.88442],[-103.25718,19.88836],[-103.2583,19.8898],[-103.25621,19.89083],[-103.25538,19.89571],[-103.24938,19.89557],[-103.24597,19.90029],[-103.23832,19.90052],[-103.23542,19.90225],[-103.23629,19.90682],[-103.23091,19.91708],[-103.23342,19.91908],[-103.23339,19.92277],[-103.23854,19.9291],[-103.23072,19.93033],[-103.22537,19.93313],[-103.2159,19.92775],[-103.20988,19.92663],[-103.20879,19.92134],[-103.20616,19.92015],[-103.20559,19.92115],[-103.20365,19.91805],[-103.19717,19.91888],[-103.19345,19.91558],[-103.19129,19.91641],[-103.19046,19.91502],[-103.18585,19.91443],[-103.18743,19.91284],[-103.18144,19.88469],[-103.17868,19.88428],[-103.17532,19.88013],[-103.16719,19.87996],[-103.16772,19.87881],[-103.16581,19.87765],[-103.16431,19.88043],[-103.16679,19.88283],[-103.16474,19.90257],[-103.16913,19.90112],[-103.17041,19.90222],[-103.166,19.91035],[-103.16812,19.91442],[-103.16621,19.91789],[-103.16494,19.91663],[-103.16145,19.92109],[-103.16222,19.92604],[-103.16096,19.92725],[-103.15584,19.92556],[-103.15054,19.92969],[-103.15235,19.94203],[-103.1583,19.95199],[-103.15813,19.96129],[-103.15547,19.96237],[-103.1548,19.96521],[-103.15763,19.96961],[-103.15784,19.97561],[-103.16602,19.97836],[-103.1673,19.98095],[-103.16309,19.9937],[-103.16324,19.99516],[-103.16784,19.99567],[-103.1653,19.9974],[-103.16585,20.00226],[-103.16111,20.00188],[-103.16153,20.0038],[-103.16341,20.0032],[-103.16272,20.00527],[-103.17149,20.01003],[-103.17328,20.00627],[-103.17889,20.00982],[-103.18279,20.00861],[-103.18712,20.01384],[-103.18616,20.01566],[-103.18099,20.01727],[-103.17905,20.01546],[-103.1739,20.0149],[-103.16911,20.01755],[-103.15866,20.02497],[-103.16054,20.03187],[-103.17109,20.05554],[-103.17535,20.05577],[-103.17892,20.05199],[-103.18365,20.05608],[-103.18885,20.05387],[-103.19029,20.05666],[-103.18913,20.05855],[-103.19024,20.06451],[-103.19551,20.06449],[-103.19768,20.06284],[-103.19812,20.06883],[-103.20443,20.06799],[-103.21242,20.07132],[-103.21574,20.06967],[-103.21681,20.07174],[-103.2244,20.07387],[-103.22637,20.07844]]]}},{"type":"Feature","properties":{"cvegeo":"14029","nombre":"Cuquío"},"geometry":{"type":"Polygon","coordinates":[[[-103.01466,21.108],[-103.01617,21.1042],[-103.03845,21.09616],[-103.04621,21.10496],[-103.05384,21.10186],[-103.05832,21.09847],[-103.05648,21.09932],[-103.05932,21.09307],[-103.06455,21.09079],[-103.06496,21.08695],[-103.07539,21.07579],[-103.07464,21.07431],[-103.07736,21.07243],[-103.07815,21.0734],[-103.08285,21.07191],[-103.08997,21.06512],[-103.09764,21.06479],[-103.10503,21.06202],[-103.1077,21.06543],[-103.11297,21.06578],[-103.11442,21.06791],[-103.12402,21.06642],[-103.12149,21.06241],[-103.12716,21.05213],[-103.13354,21.05119],[-103.13831,21.04793],[-103.1366,21.04637],[-103.13983,21.04251],[-103.13964,21.03888],[-103.14412,21.03579],[-103.14612,21.03193],[-103.14761,21.03316],[-103.14895,21.03191],[-103.14926,21.02411],[-103.14671,21.02142],[-103.1457,21.01518],[-103.1478,21.00743],[-103.1498,21.00581],[-103.14915,21.00156],[-103.1537,20.99452],[-103.15415,20.9905],[-103.1508,20.98766],[-103.15156,20.98569],[-103.14915,20.98323],[-103.14801,20.98779],[-103.13574,20.99835],[-103.119,20.99498],[-103.11926,20.97748],[-103.12908,20.97839],[-103.13324,20.97589],[-103.13214,20.9727],[-103.12582,20.9706],[-103.12286,20.96424],[-103.11949,20.96109],[-103.12371,20.96187],[-103.12824,20.95714],[-103.13169,20.95809],[-103.13074,20.95623],[-103.13215,20.95645],[-103.13292,20.953],[-103.13455,20.95679],[-103.13337,20.95998],[-103.13732,20.9609],[-103.1359,20.95859],[-103.1393,20.95318],[-103.14882,20.95486],[-103.1568,20.94973],[-103.16985,20.94608],[-103.17095,20.94815],[-103.17324,20.94757],[-103.17914,20.94117],[-103.18268,20.94224],[-103.18257,20.93419],[-103.17009,20.93247],[-103.16466,20.92934],[-103.15765,20.92909],[-103.15218,20.925],[-103.14696,20.90942],[-103.14911,20.90732],[-103.14761,20.90399],[-103.14857,20.89701],[-103.15034,20.89342],[-103.15446,20.89019],[-103.15247,20.88877],[-103.15119,20.89069],[-103.14979,20.8855],[-103.1439,20.88629],[-103.14363,20.88462],[-103.14075,20.88474],[-103.13836,20.87569],[-103.12013,20.88492],[-103.11574,20.88077],[-103.11572,20.87908],[-103.10239,20.87713],[-103.10025,20.85539],[-103.09229,20.85212],[-103.09155,20.85011],[-103.09371,20.84915],[-103.09097,20.84795],[-103.0904,20.84282],[-103.08677,20.8392],[-103.08656,20.834],[-103.07854,20.83479],[-103.07881,20.82832],[-103.07381,20.82836],[-103.07456,20.81908],[-103.07332,20.8179],[-103.07462,20.81466],[-103.07199,20.81162],[-103.07112,20.80732],[-103.06979,20.80711],[-103.0699,20.80179],[-103.07343,20.7964],[-103.07762,20.79465],[-103.07738,20.79133],[-103.06853,20.79138],[-103.06301,20.79553],[-103.05888,20.79617],[-103.02988,20.79584],[-103.02317,20.79243],[-103.01105,20.80061],[-103.00542,20.80071],[-103.00069,20.79846],[-102.99592,20.79915],[-102.98999,20.80291],[-102.98255,20.80452],[-102.98329,20.80884],[-102.98077,20.8158],[-102.97202,20.82138],[-102.96683,20.82932],[-102.9602,20.82858],[-102.95734,20.83355],[-102.95456,20.83431],[-102.95239,20.83771],[-102.94822,20.83727],[-102.93764,20.8412],[-102.92907,20.83953],[-102.92853,20.84255],[-102.92372,20.84523],[-102.922,20.84859],[-102.9204,20.85721],[-102.92367,20.8616],[-102.93623,20.86601],[-102.94268,20.8721],[-102.94071,20.88604],[-102.93586,20.88852],[-102.93297,20.89259],[-102.93509,20.89495],[-102.94321,20.89727],[-102.94375,20.90476],[-102.93832,20.91465],[-102.9318,20.92177],[-102.92757,20.93308],[-102.92413,20.93437],[-102.91701,20.93376],[-102.91264,20.93691],[-102.90585,20.94766],[-102.90415,20.95377],[-102.90705,20.96102],[-102.90189,20.96507],[-102.90165,20.97155],[-102.90521,20.97343],[-102.9059,20.97544],[-102.90352,20.97743],[-102.89699,20.97862],[-102.89327,20.98691],[-102.88672,20.98944],[-102.88689,20.99454],[-102.88466,20.99751],[-102.87867,21.00053],[-102.87593,21.00611],[-102.87557,21.00998],[-102.88237,21.00967],[-102.88872,21.00631],[-102.89157,21.00699],[-102.8946,21.00211],[-102.89711,21.00423],[-102.90813,21.00687],[-102.91003,21.0117],[-102.90567,21.01637],[-102.90491,21.02296],[-102.9072,21.02197],[-102.91302,21.02441],[-102.91877,21.02398],[-102.92212,21.02672],[-102.92302,21.03127],[-102.92486,21.03066],[-102.92449,21.03241],[-102.92701,21.03099],[-102.93035,21.03156],[-102.92828,21.03046],[-102.92973,21.02853],[-102.93597,21.03214],[-102.93845,21.03557],[-102.94216,21.03526],[-102.9442,21.03902],[-102.94998,21.03953],[-102.95004,21.04132],[-102.95415,21.0427],[-102.95579,21.04533],[-102.95504,21.04936],[-102.96402,21.05761],[-102.963,21.06127],[-102.96508,21.0702],[-102.96318,21.07727],[-102.96096,21.07895],[-102.96291,21.08469],[-102.96627,21.08642],[-102.97439,21.08687],[-102.9779,21.09149],[-102.98088,21.0911],[-102.98212,21.08924],[-102.99054,21.09149],[-102.99784,21.10081],[-103.01466,21.108]]]}},{"type":"Feature","properties":{"cvegeo":"14030","nombre":"Chapala"},"geometry":{"type":"Polygon","coordinates":[[[-103.1205,20.40619],[-103.12311,20.40118],[-103.12085,20.39879],[-103.12401,20.39875],[-103.12496,20.39614],[-103.12353,20.39419],[-103.13014,20.39687],[-103.13246,20.39405],[-103.13427,20.39542],[-103.13663,20.38831],[-103.12727,20.38691],[-103.12756,20.38212],[-103.12586,20.38194],[-103.12736,20.37116],[-103.12561,20.36115],[-103.13391,20.34883],[-103.13914,20.34533],[-103.14635,20.33579],[-103.15447,20.34358],[-103.15707,20.34389],[-103.15811,20.33654],[-103.16893,20.33582],[-103.16891,20.33457],[-103.17398,20.33234],[-103.17773,20.33665],[-103.17834,20.33506],[-103.1842,20.33489],[-103.18441,20.32739],[-103.19535,20.32576],[-103.19937,20.32883],[-103.20169,20.32807],[-103.20615,20.32953],[-103.20642,20.3278],[-103.21729,20.33444],[-103.23248,20.33829],[-103.24375,20.33922],[-103.24894,20.33677],[-103.2605,20.34038],[-103.27168,20.34163],[-103.28228,20.33828],[-103.28438,20.33366],[-103.28919,20.33141],[-103.29114,20.32664],[-103.29966,20.32527],[-103.30106,20.32364],[-103.29826,20.31521],[-103.30042,20.31186],[-103.29979,20.30432],[-103.30289,20.30111],[-103.29976,20.28679],[-103.32044,20.28759],[-103.33048,20.28392],[-103.33807,20.28307],[-103.34576,20.28786],[-103.35092,20.28913],[-103.3759,20.28932],[-103.37596,20.29322],[-103.38193,20.29111],[-103.38638,20.29194],[-103.38728,20.28946],[-103.39085,20.28976],[-103.39603,20.28677],[-103.41044,20.28871],[-103.4122,20.28754],[-103.41783,20.27783],[-103.4196,20.26243],[-103.41866,20.25904],[-103.42145,20.25703],[-103.42184,20.24425],[-103.4194,20.23295],[-103.41565,20.23208],[-103.4104,20.22557],[-103.40261,20.22325],[-103.39722,20.2231],[-103.38844,20.2266],[-103.37917,20.22559],[-103.37303,20.22748],[-103.36403,20.22579],[-103.36194,20.22714],[-103.3606,20.22525],[-103.36145,20.22177],[-103.35769,20.21875],[-103.34993,20.21765],[-103.34599,20.21455],[-103.33722,20.21484],[-103.33135,20.21077],[-103.32584,20.21066],[-103.3092,20.20284],[-103.30126,20.19612],[-103.29978,20.1969],[-103.29599,20.1952],[-103.29433,20.197],[-103.28898,20.196],[-103.27606,20.19781],[-103.25737,20.19559],[-103.25156,20.19056],[-103.23882,20.18384],[-103.22329,20.184],[-103.21869,20.18189],[-103.21319,20.17618],[-103.20021,20.17552],[-103.19015,20.1669],[-103.18537,20.15817],[-103.17669,20.15731],[-103.17537,20.15538],[-103.16833,20.15265],[-103.16334,20.15447],[-103.15473,20.15415],[-103.15414,20.15648],[-103.14794,20.15985],[-103.14621,20.16307],[-103.13512,20.16723],[-103.12088,20.1669],[-103.11118,20.16086],[-103.09601,20.16379],[-103.09003,20.15922],[-103.07782,20.15943],[-103.07422,20.16031],[-103.07501,20.16324],[-103.0601,20.17579],[-103.05989,20.17773],[-103.05712,20.17804],[-103.05613,20.17662],[-103.05355,20.17948],[-103.03651,20.18142],[-103.02295,20.28683],[-103.02542,20.29038],[-103.03386,20.33407],[-103.03694,20.33517],[-103.04191,20.33215],[-103.0506,20.33317],[-103.05126,20.33015],[-103.05517,20.3295],[-103.05941,20.33041],[-103.05867,20.33379],[-103.06444,20.33114],[-103.06475,20.33267],[-103.07248,20.33192],[-103.0745,20.33468],[-103.07832,20.33357],[-103.08055,20.33519],[-103.08255,20.3309],[-103.09002,20.33068],[-103.09096,20.32606],[-103.09364,20.32672],[-103.09383,20.32429],[-103.09776,20.32501],[-103.10153,20.32226],[-103.10253,20.32474],[-103.10453,20.32515],[-103.11262,20.32127],[-103.11573,20.33055],[-103.10887,20.34518],[-103.10256,20.34956],[-103.09785,20.34713],[-103.09783,20.34947],[-103.09443,20.35045],[-103.09398,20.35201],[-103.08985,20.35228],[-103.0876,20.35508],[-103.08696,20.35994],[-103.07816,20.35972],[-103.07203,20.36152],[-103.06621,20.37128],[-103.06366,20.37283],[-103.06329,20.37635],[-103.06679,20.37919],[-103.08871,20.38778],[-103.09231,20.39508],[-103.08229,20.39626],[-103.08303,20.3999],[-103.09594,20.40007],[-103.10085,20.40271],[-103.11319,20.40261],[-103.1205,20.40619]]]}},{"type":"Feature","properties":{"cvegeo":"14032","nombre":"Chiquilistlán"},"geometry":{"type":"Polygon","coordinates":[[[-103.84083,20.20122],[-103.84803,20.18398],[-103.86831,20.17647],[-103.87324,20.17185],[-103.8828,20.16805],[-103.8917,20.15972],[-103.89759,20.1579],[-103.90011,20.15977],[-103.90413,20.1597],[-103.90429,20.155],[-103.90574,20.15712],[-103.91178,20.15787],[-103.91394,20.16024],[-103.91828,20.15767],[-103.9229,20.15811],[-103.92145,20.15463],[-103.92404,20.14886],[-103.92367,20.13882],[-103.92688,20.13399],[-103.92573,20.13124],[-103.92889,20.12842],[-103.92862,20.11932],[-103.93505,20.11642],[-103.93826,20.12256],[-103.94033,20.12158],[-103.94031,20.11346],[-103.94346,20.11166],[-103.94433,20.1063],[-103.94912,20.10198],[-103.94617,20.09547],[-103.94874,20.09171],[-103.95202,20.09122],[-103.95466,20.0886],[-103.95544,20.08557],[-103.9594,20.08551],[-103.96441,20.08205],[-103.96209,20.07999],[-103.9655,20.07048],[-103.96355,20.06761],[-103.96386,20.06219],[-103.96907,20.05908],[-103.97372,20.05149],[-103.9809,20.04626],[-103.98173,20.04258],[-103.98024,20.03794],[-103.98383,20.033],[-103.98385,20.02973],[-103.98678,20.0289],[-103.98831,20.02409],[-103.98084,20.0189],[-103.96247,20.01705],[-103.95678,20.01132],[-103.95307,19.98904],[-103.95016,19.98337],[-103.95461,19.97469],[-103.95598,19.9648],[-103.9593,19.95829],[-103.92999,19.96783],[-103.92435,19.96532],[-103.91986,19.97599],[-103.92129,19.98221],[-103.92005,19.98545],[-103.91139,19.99095],[-103.90256,19.99216],[-103.89775,20.002],[-103.89403,20.00233],[-103.89363,20.00878],[-103.89062,20.00483],[-103.88523,20.00328],[-103.8865,20.00493],[-103.88276,20.01073],[-103.87939,20.00978],[-103.8744,20.01681],[-103.86945,20.01658],[-103.86551,20.01453],[-103.86314,20.01585],[-103.86094,20.01374],[-103.85625,20.01605],[-103.85015,20.00886],[-103.84417,20.0054],[-103.84272,20.00774],[-103.8299,20.00402],[-103.82802,20.00527],[-103.82928,20.00808],[-103.82479,20.00649],[-103.82468,20.01074],[-103.83012,20.01591],[-103.83101,20.01967],[-103.83587,20.02576],[-103.83707,20.03174],[-103.84114,20.03513],[-103.83927,20.04884],[-103.83526,20.04929],[-103.83431,20.05142],[-103.83449,20.05595],[-103.83626,20.05721],[-103.8404,20.05604],[-103.84156,20.05789],[-103.83822,20.06376],[-103.83455,20.06508],[-103.82574,20.06425],[-103.80902,20.07332],[-103.80602,20.07123],[-103.80172,20.07578],[-103.80042,20.08197],[-103.79318,20.08819],[-103.775,20.09291],[-103.76849,20.103],[-103.771,20.10645],[-103.76334,20.10665],[-103.75313,20.11247],[-103.75364,20.11397],[-103.74642,20.11668],[-103.76044,20.11511],[-103.76625,20.11943],[-103.76887,20.13647],[-103.77087,20.14228],[-103.77318,20.14403],[-103.77958,20.14329],[-103.78048,20.13824],[-103.78375,20.13556],[-103.79354,20.14177],[-103.79914,20.14113],[-103.81378,20.14453],[-103.82097,20.15283],[-103.81834,20.15679],[-103.81987,20.15689],[-103.81812,20.16169],[-103.82172,20.16303],[-103.82088,20.16625],[-103.82475,20.16542],[-103.82773,20.16714],[-103.82633,20.17026],[-103.82357,20.17038],[-103.82636,20.17532],[-103.82074,20.18217],[-103.82733,20.18622],[-103.83014,20.19109],[-103.83316,20.19286],[-103.83557,20.1981],[-103.84083,20.20122]]]}},{"type":"Feature","properties":{"cvegeo":"14033","nombre":"Degollado"},"geometry":{"type":"Polygon","coordinates":[[[-102.08419,20.56147],[-102.08732,20.56189],[-102.09674,20.55743],[-102.10232,20.55253],[-102.10308,20.55033],[-102.09964,20.54638],[-102.0991,20.54346],[-102.10259,20.54208],[-102.10284,20.5358],[-102.10587,20.53092],[-102.10766,20.52931],[-102.11091,20.53007],[-102.11354,20.52644],[-102.11655,20.52631],[-102.122,20.52282],[-102.12396,20.52646],[-102.13617,20.5269],[-102.14816,20.52163],[-102.15141,20.52272],[-102.15585,20.51984],[-102.16027,20.51917],[-102.16994,20.52507],[-102.18101,20.52728],[-102.18274,20.52947],[-102.18902,20.52993],[-102.18857,20.52709],[-102.19337,20.52434],[-102.20047,20.52459],[-102.21346,20.5203],[-102.22328,20.51019],[-102.22493,20.50489],[-102.22344,20.49923],[-102.22673,20.4941],[-102.22886,20.49371],[-102.23359,20.4882],[-102.2438,20.48938],[-102.24511,20.48704],[-102.24933,20.48789],[-102.24982,20.48624],[-102.25325,20.48587],[-102.25158,20.4826],[-102.25406,20.48269],[-102.25506,20.47992],[-102.26065,20.47913],[-102.26512,20.4763],[-102.27155,20.46802],[-102.28086,20.46707],[-102.2836,20.46523],[-102.28717,20.46608],[-102.28837,20.46408],[-102.29444,20.46267],[-102.29846,20.45738],[-102.30222,20.45784],[-102.30761,20.45597],[-102.30819,20.45371],[-102.30624,20.45004],[-102.3079,20.44679],[-102.30654,20.44229],[-102.31034,20.4379],[-102.30925,20.43517],[-102.31217,20.43216],[-102.29179,20.35919],[-102.23095,20.35503],[-102.21935,20.3511],[-102.21176,20.35215],[-102.20792,20.3567],[-102.20675,20.35494],[-102.20348,20.35487],[-102.19596,20.35049],[-102.1893,20.35371],[-102.17421,20.35662],[-102.17459,20.36171],[-102.17767,20.36414],[-102.17808,20.36705],[-102.17648,20.36843],[-102.17326,20.36923],[-102.16574,20.36699],[-102.15821,20.3668],[-102.16005,20.3749],[-102.16748,20.37625],[-102.16817,20.37874],[-102.15053,20.37851],[-102.14101,20.37533],[-102.13431,20.37591],[-102.13371,20.3797],[-102.13092,20.38122],[-102.1238,20.37817],[-102.11515,20.38113],[-102.10678,20.37831],[-102.09625,20.38413],[-102.0969,20.38922],[-102.09093,20.38902],[-102.08732,20.394],[-102.08846,20.39562],[-102.0862,20.39647],[-102.08453,20.40501],[-102.0805,20.40405],[-102.08079,20.40712],[-102.07824,20.40683],[-102.07736,20.40933],[-102.07088,20.40902],[-102.07134,20.41447],[-102.07606,20.41531],[-102.07574,20.41924],[-102.07933,20.42092],[-102.07857,20.42284],[-102.07397,20.42506],[-102.07623,20.42591],[-102.07662,20.42816],[-102.07393,20.4283],[-102.07128,20.43381],[-102.0678,20.43515],[-102.06807,20.43658],[-102.06644,20.43697],[-102.06802,20.43856],[-102.06614,20.43903],[-102.06612,20.44083],[-102.06451,20.4396],[-102.06184,20.4448],[-102.05758,20.44536],[-102.05801,20.44681],[-102.0558,20.44825],[-102.0563,20.45203],[-102.05181,20.45241],[-102.0513,20.45452],[-102.04965,20.45276],[-102.04759,20.45322],[-102.04399,20.45659],[-102.04535,20.4641],[-102.04266,20.46831],[-102.04513,20.4718],[-102.04215,20.47448],[-102.04618,20.48198],[-102.04407,20.48629],[-102.0405,20.48768],[-102.03875,20.49138],[-102.03333,20.49509],[-102.02819,20.49654],[-102.0286,20.50136],[-102.02657,20.50115],[-102.02552,20.50611],[-102.02065,20.50817],[-102.0203,20.51526],[-102.0139,20.52358],[-102.01038,20.5256],[-102.00867,20.53263],[-102.01414,20.5426],[-102.00939,20.545],[-102.0167,20.54988],[-102.02356,20.55072],[-102.02907,20.54995],[-102.03791,20.54338],[-102.04306,20.54893],[-102.05105,20.54917],[-102.04996,20.54809],[-102.05269,20.54637],[-102.05149,20.5422],[-102.05373,20.54057],[-102.05538,20.53446],[-102.05766,20.53653],[-102.06283,20.53697],[-102.08178,20.5292],[-102.08877,20.52884],[-102.09548,20.54822],[-102.09242,20.55117],[-102.08837,20.55131],[-102.0891,20.55345],[-102.08625,20.55502],[-102.08419,20.56147]]]}},{"type":"Feature","properties":{"cvegeo":"14034","nombre":"Ejutla"},"geometry":{"type":"Polygon","coordinates":[[[-104.08779,19.99036],[-104.09622,19.97982],[-104.10314,19.97964],[-104.1089,19.9756],[-104.11222,19.97846],[-104.11582,19.97534],[-104.11834,19.97648],[-104.1254,19.97516],[-104.13107,19.97708],[-104.13437,19.98087],[-104.13475,19.97839],[-104.13907,19.97642],[-104.13862,19.97397],[-104.14078,19.96999],[-104.14002,19.9617],[-104.14138,19.96067],[-104.14289,19.96212],[-104.14639,19.95923],[-104.14848,19.95942],[-104.15443,19.96335],[-104.15617,19.9623],[-104.16288,19.96396],[-104.16797,19.95962],[-104.16902,19.96063],[-104.17549,19.95152],[-104.1738,19.94918],[-104.17355,19.94206],[-104.17944,19.93998],[-104.18201,19.9313],[-104.19183,19.9285],[-104.1959,19.92574],[-104.20238,19.92827],[-104.20337,19.91905],[-104.21027,19.89864],[-104.21437,19.89369],[-104.2146,19.89044],[-104.2219,19.89024],[-104.22464,19.88716],[-104.22985,19.88691],[-104.23706,19.87498],[-104.215,19.86318],[-104.21295,19.86599],[-104.21183,19.86292],[-104.20774,19.86475],[-104.20669,19.86207],[-104.2015,19.86317],[-104.17801,19.85394],[-104.17123,19.85785],[-104.15062,19.86489],[-104.12389,19.86478],[-104.09106,19.8749],[-104.08929,19.87348],[-104.08688,19.87416],[-104.08646,19.86979],[-104.0815,19.86875],[-104.08136,19.87698],[-104.07976,19.87571],[-104.07035,19.87776],[-104.06815,19.88169],[-104.06917,19.88378],[-104.06626,19.88717],[-104.06804,19.89133],[-104.07486,19.8945],[-104.07031,19.89957],[-104.06811,19.91026],[-104.06333,19.91406],[-104.05596,19.91335],[-104.05625,19.91873],[-104.05223,19.9204],[-104.04957,19.92391],[-104.04929,19.92965],[-104.04032,19.9253],[-104.03905,19.92222],[-104.03619,19.92055],[-104.03497,19.91587],[-104.03157,19.91379],[-104.03042,19.91002],[-104.03404,19.9054],[-104.03605,19.89817],[-104.04005,19.89435],[-104.03134,19.89163],[-104.0302,19.88676],[-104.04863,19.87806],[-104.04757,19.87237],[-104.05138,19.87386],[-104.05089,19.87264],[-104.05691,19.86547],[-104.0554,19.86355],[-104.05907,19.85491],[-104.06579,19.84771],[-104.07354,19.85078],[-104.07489,19.8456],[-104.07671,19.84532],[-104.07395,19.83847],[-104.0757,19.8358],[-104.076,19.82492],[-104.074,19.82353],[-104.06974,19.82627],[-104.06877,19.8259],[-104.0704,19.8244],[-104.06722,19.82194],[-104.05804,19.82159],[-104.04798,19.81878],[-104.04374,19.81458],[-104.04299,19.81625],[-104.04151,19.81453],[-104.0375,19.81481],[-104.03865,19.81292],[-104.03002,19.81217],[-104.03051,19.81648],[-104.02668,19.81915],[-104.02069,19.83173],[-104.02162,19.83383],[-104.02582,19.83507],[-104.02937,19.84193],[-104.02191,19.84968],[-104.01248,19.8704],[-104.00394,19.86705],[-103.99807,19.86198],[-103.97532,19.86037],[-103.97293,19.8549],[-103.96956,19.85359],[-103.96844,19.86026],[-103.97162,19.86921],[-103.97853,19.87665],[-103.9783,19.87823],[-103.97691,19.87631],[-103.97602,19.87736],[-103.97489,19.88373],[-103.9795,19.88717],[-103.97786,19.89495],[-103.97384,19.8972],[-103.97689,19.89937],[-103.97412,19.90153],[-103.97474,19.90554],[-103.96912,19.91662],[-103.97384,19.92039],[-103.97368,19.92949],[-103.96995,19.93104],[-103.96513,19.92993],[-103.96136,19.93725],[-103.96081,19.95605],[-103.95598,19.9648],[-103.95461,19.97469],[-103.95016,19.98337],[-103.95307,19.98904],[-103.97094,19.98202],[-103.98297,19.98524],[-103.99612,19.98382],[-104.00102,19.977],[-104.01493,19.97326],[-104.01864,19.97132],[-104.0224,19.96629],[-104.04359,19.96453],[-104.04519,19.96319],[-104.04868,19.96462],[-104.05451,19.96395],[-104.06234,19.97056],[-104.06674,19.96891],[-104.07303,19.97389],[-104.07898,19.97467],[-104.08378,19.97841],[-104.08351,19.98004],[-104.08874,19.98031],[-104.08779,19.99036]]]}},{"type":"Feature","properties":{"cvegeo":"14069","nombre":"Quitupan"},"geometry":{"type":"Polygon","coordinates":[[[-102.88179,19.97565],[-102.8821,19.96959],[-102.88558,19.97023],[-102.90262,19.96686],[-102.90887,19.97073],[-102.90984,19.95833],[-102.91389,19.9477],[-102.9162,19.94597],[-102.91941,19.9389],[-102.92142,19.92646],[-102.91936,19.92647],[-102.92014,19.92391],[-102.91731,19.92077],[-102.91946,19.91304],[-102.91798,19.91163],[-102.9198,19.90698],[-102.91834,19.90578],[-102.91876,19.90115],[-102.91524,19.89909],[-102.92379,19.89683],[-102.92568,19.89459],[-102.92368,19.89236],[-102.92808,19.89083],[-102.93907,19.89183],[-102.93969,19.89001],[-102.94798,19.88636],[-102.95103,19.88256],[-102.95481,19.88231],[-102.9527,19.87982],[-102.95345,19.87701],[-102.9583,19.87363],[-102.96226,19.86822],[-102.96755,19.86735],[-102.97403,19.86902],[-102.97828,19.86685],[-102.97892,19.86808],[-102.97901,19.86328],[-102.97586,19.86416],[-102.9813,19.86118],[-102.97985,19.85873],[-102.98199,19.85951],[-102.97804,19.85671],[-102.97968,19.85529],[-102.97804,19.85522],[-102.97899,19.85345],[-102.97702,19.85161],[-102.97471,19.85224],[-102.97692,19.84871],[-102.97244,19.84615],[-102.97481,19.84507],[-102.97341,19.84249],[-102.97897,19.82958],[-102.97325,19.81823],[-102.98576,19.80236],[-102.97926,19.79682],[-102.97155,19.79488],[-102.96821,19.7955],[-102.96596,19.79395],[-102.96953,19.78421],[-102.96749,19.77979],[-102.96335,19.7798],[-102.96797,19.77273],[-102.9828,19.76713],[-102.98372,19.75884],[-102.98779,19.75155],[-102.98226,19.74732],[-102.97065,19.74685],[-102.97304,19.74271],[-102.97466,19.7331],[-102.97159,19.73169],[-102.9713,19.72865],[-102.96381,19.72605],[-102.95893,19.72062],[-102.96317,19.7139],[-102.96136,19.7121],[-102.96416,19.70431],[-102.96441,19.69715],[-102.95678,19.69556],[-102.95238,19.68989],[-102.94983,19.69004],[-102.95001,19.68851],[-102.94303,19.6807],[-102.94353,19.67749],[-102.94872,19.67233],[-102.95156,19.66253],[-102.95486,19.65842],[-102.95947,19.65898],[-102.96104,19.66103],[-102.96624,19.66077],[-102.96657,19.65851],[-102.96862,19.65737],[-102.96739,19.6552],[-102.97026,19.65448],[-102.96771,19.64997],[-102.9685,19.64699],[-102.97004,19.64676],[-102.96956,19.63844],[-102.97314,19.63525],[-102.97046,19.62965],[-102.97197,19.62873],[-102.9665,19.62541],[-102.96854,19.62122],[-102.96657,19.6173],[-102.9665,19.61238],[-102.96222,19.61541],[-102.96143,19.623],[-102.95789,19.62317],[-102.95662,19.62166],[-102.9553,19.62516],[-102.94897,19.63157],[-102.94779,19.62961],[-102.9402,19.6327],[-102.93033,19.62851],[-102.92919,19.63409],[-102.92517,19.63538],[-102.92034,19.63218],[-102.91665,19.63288],[-102.91161,19.6289],[-102.91076,19.62534],[-102.90857,19.62541],[-102.90033,19.63637],[-102.89675,19.63604],[-102.89455,19.63138],[-102.8927,19.63092],[-102.88658,19.63038],[-102.88139,19.6341],[-102.88242,19.62974],[-102.87881,19.62686],[-102.87579,19.63102],[-102.87622,19.63376],[-102.86901,19.63913],[-102.8667,19.65084],[-102.85865,19.6557],[-102.85474,19.65526],[-102.85181,19.6572],[-102.83661,19.65405],[-102.82883,19.65706],[-102.82318,19.65049],[-102.82058,19.65145],[-102.82331,19.65606],[-102.82285,19.65732],[-102.82033,19.65678],[-102.82,19.66141],[-102.81058,19.66116],[-102.80006,19.66435],[-102.7927,19.66256],[-102.79116,19.66806],[-102.79274,19.67074],[-102.7912,19.67319],[-102.79239,19.67462],[-102.79968,19.67312],[-102.80039,19.67492],[-102.80566,19.67484],[-102.79763,19.67812],[-102.7955,19.68472],[-102.79063,19.68686],[-102.79223,19.68842],[-102.78528,19.6948],[-102.78223,19.69521],[-102.78309,19.69819],[-102.78048,19.70432],[-102.78221,19.70719],[-102.78547,19.7082],[-102.78562,19.71255],[-102.79217,19.71767],[-102.79581,19.72837],[-102.79832,19.72878],[-102.80488,19.73468],[-102.80494,19.73826],[-102.80685,19.73996],[-102.8108,19.74102],[-102.80938,19.74339],[-102.80259,19.74663],[-102.80393,19.75216],[-102.80525,19.75295],[-102.81627,19.74991],[-102.8166,19.75187],[-102.80861,19.75956],[-102.8132,19.76637],[-102.81185,19.77399],[-102.81281,19.77595],[-102.81953,19.77794],[-102.79231,19.81412],[-102.78725,19.81361],[-102.78498,19.81545],[-102.78175,19.81305],[-102.77466,19.81272],[-102.76978,19.80948],[-102.76273,19.81006],[-102.75908,19.80798],[-102.75521,19.81396],[-102.75057,19.81427],[-102.74998,19.81275],[-102.74523,19.81197],[-102.74465,19.81423],[-102.7394,19.81583],[-102.73918,19.81768],[-102.74498,19.82483],[-102.74521,19.828],[-102.7485,19.82905],[-102.74958,19.83214],[-102.75333,19.83412],[-102.74934,19.83448],[-102.74314,19.8446],[-102.73505,19.84731],[-102.73434,19.8504],[-102.73035,19.85321],[-102.73488,19.86039],[-102.73557,19.86744],[-102.73368,19.86982],[-102.73537,19.87219],[-102.73477,19.87452],[-102.74249,19.87876],[-102.73979,19.88577],[-102.73252,19.89038],[-102.73122,19.89951],[-102.7448,19.90787],[-102.77063,19.92987],[-102.78404,19.95124],[-102.77534,19.95856],[-102.77687,19.96015],[-102.77992,19.96004],[-102.7903,19.9511],[-102.79435,19.95032],[-102.80304,19.9526],[-102.80571,19.95719],[-102.80771,19.95619],[-102.80934,19.95911],[-102.8185,19.96252],[-102.8191,19.9612],[-102.82197,19.96458],[-102.82468,19.96295],[-102.84671,19.96833],[-102.85647,19.96804],[-102.86139,19.96979],[-102.85978,19.97137],[-102.8638,19.97064],[-102.88179,19.97565]]]}},{"type":"Feature","properties":{"cvegeo":"14123","nombre":"Zapotlán del Rey"},"geometry":{"type":"Polygon","coordinates":[[[-102.89836,20.55007],[-102.90752,20.5479],[-102.91243,20.53765],[-102.91127,20.53518],[-102.91787,20.53301],[-102.91854,20.5276],[-102.90959,20.52578],[-102.90636,20.52168],[-102.90701,20.51946],[-102.91722,20.51545],[-102.92083,20.51085],[-102.92896,20.50922],[-102.93108,20.50529],[-102.9365,20.50249],[-102.94708,20.50305],[-102.94915,20.50137],[-102.95425,20.50263],[-102.96604,20.50779],[-102.97692,20.5166],[-102.98809,20.51921],[-103.00899,20.52944],[-103.0082,20.52791],[-103.01063,20.52509],[-103.01369,20.51586],[-103.01292,20.51166],[-103.02246,20.51043],[-103.02773,20.51418],[-103.03449,20.51369],[-103.03119,20.51191],[-103.03629,20.51087],[-103.03617,20.50919],[-103.03458,20.50979],[-103.03243,20.50785],[-103.0348,20.50808],[-103.03213,20.50569],[-103.03397,20.50619],[-103.03535,20.50465],[-103.0339,20.50482],[-103.03308,20.50294],[-103.03484,20.50309],[-103.03073,20.49964],[-103.03466,20.494],[-103.03438,20.49232],[-103.04988,20.48997],[-103.06799,20.49583],[-103.0721,20.49399],[-103.07716,20.49594],[-103.07726,20.49279],[-103.0826,20.48465],[-103.0813,20.48288],[-103.08596,20.44079],[-103.08886,20.43134],[-103.08826,20.4241],[-103.09132,20.4161],[-103.0893,20.41002],[-103.08502,20.40539],[-103.0843,20.40022],[-103.05874,20.40586],[-103.04557,20.41038],[-103.0339,20.4071],[-103.03281,20.4101],[-103.03473,20.41532],[-103.02918,20.42121],[-103.02602,20.42227],[-103.02181,20.42087],[-103.00513,20.40799],[-102.99162,20.40177],[-102.97899,20.40142],[-102.96536,20.40326],[-102.95356,20.40223],[-102.94792,20.39599],[-102.94107,20.39553],[-102.93734,20.39263],[-102.93524,20.38812],[-102.93072,20.38616],[-102.92469,20.38614],[-102.90638,20.38157],[-102.88565,20.38239],[-102.88008,20.38695],[-102.8814,20.39391],[-102.87237,20.40389],[-102.85925,20.41081],[-102.8401,20.41676],[-102.80849,20.41066],[-102.80034,20.42305],[-102.79303,20.42757],[-102.79158,20.43004],[-102.78926,20.43601],[-102.78975,20.44484],[-102.78824,20.44712],[-102.77731,20.44542],[-102.77674,20.44678],[-102.76894,20.44647],[-102.76746,20.44793],[-102.76436,20.43957],[-102.75951,20.43741],[-102.75857,20.43534],[-102.75965,20.43307],[-102.75811,20.4324],[-102.75952,20.4575],[-102.76437,20.47297],[-102.76484,20.49112],[-102.77191,20.49467],[-102.78135,20.49237],[-102.78709,20.49432],[-102.78571,20.49479],[-102.78543,20.5009],[-102.79163,20.50184],[-102.79785,20.50805],[-102.79827,20.51147],[-102.80217,20.51044],[-102.80186,20.5128],[-102.80327,20.51275],[-102.80214,20.51599],[-102.80476,20.51571],[-102.81262,20.52283],[-102.81188,20.53097],[-102.81827,20.52826],[-102.84692,20.52504],[-102.85939,20.51983],[-102.88199,20.54649],[-102.89836,20.55007]]]}},{"type":"Feature","properties":{"cvegeo":"14094","nombre":"Tequila"},"geometry":{"type":"Polygon","coordinates":[[[-103.53858,21.44441],[-103.54077,21.44342],[-103.54385,21.43734],[-103.54826,21.44048],[-103.55291,21.43609],[-103.55464,21.43795],[-103.55838,21.43619],[-103.56041,21.43022],[-103.56546,21.43824],[-103.56772,21.4393],[-103.56976,21.43837],[-103.57115,21.43971],[-103.57376,21.43596],[-103.57588,21.43615],[-103.57752,21.43427],[-103.57599,21.42855],[-103.57843,21.42913],[-103.58154,21.42745],[-103.58047,21.42469],[-103.58232,21.42403],[-103.58228,21.41762],[-103.58442,21.41007],[-103.58709,21.40789],[-103.58727,21.40286],[-103.58517,21.40269],[-103.58639,21.39237],[-103.58975,21.39187],[-103.58882,21.39361],[-103.59268,21.39363],[-103.59531,21.39091],[-103.59814,21.39447],[-103.60058,21.39363],[-103.60031,21.39823],[-103.61028,21.40533],[-103.60981,21.40724],[-103.6157,21.40769],[-103.61584,21.41169],[-103.62291,21.41311],[-103.62433,21.4185],[-103.6285,21.41679],[-103.62953,21.41865],[-103.6401,21.42164],[-103.64408,21.4194],[-103.64668,21.41483],[-103.65193,21.4138],[-103.65197,21.41237],[-103.65872,21.40628],[-103.66197,21.40564],[-103.66416,21.40226],[-103.67111,21.40379],[-103.68225,21.3985],[-103.68556,21.39528],[-103.69857,21.39439],[-103.70451,21.39116],[-103.702,21.38502],[-103.70522,21.37992],[-103.71231,21.38108],[-103.7152,21.37859],[-103.71806,21.37976],[-103.72101,21.37794],[-103.72456,21.37853],[-103.7274,21.3764],[-103.72648,21.37475],[-103.72777,21.37338],[-103.73536,21.36913],[-103.7432,21.36718],[-103.7472,21.35851],[-103.74432,21.35228],[-103.74832,21.34515],[-103.75227,21.34327],[-103.75239,21.3411],[-103.74964,21.34145],[-103.74935,21.33671],[-103.7531,21.33584],[-103.75561,21.33769],[-103.75743,21.33548],[-103.7574,21.32979],[-103.76416,21.32847],[-103.76683,21.3265],[-103.76829,21.32242],[-103.77253,21.32033],[-103.77612,21.32167],[-103.77768,21.31153],[-103.78064,21.30851],[-103.78483,21.3073],[-103.78548,21.30574],[-103.79196,21.30558],[-103.79905,21.30326],[-103.80357,21.30031],[-103.80785,21.28892],[-103.81213,21.28664],[-103.81467,21.28712],[-103.82035,21.28104],[-103.82009,21.27652],[-103.825,21.27126],[-103.82114,21.26647],[-103.82098,21.26171],[-103.81701,21.25614],[-103.81725,21.25109],[-103.82054,21.24787],[-103.84002,21.23982],[-103.845,21.2403],[-103.85299,21.24614],[-103.86189,21.24887],[-103.8639,21.24632],[-103.87414,21.24227],[-103.87525,21.23864],[-103.88261,21.24191],[-103.88686,21.23921],[-103.89231,21.23843],[-103.89689,21.22685],[-103.89836,21.22649],[-103.90306,21.23342],[-103.9179,21.23103],[-103.9197,21.23419],[-103.91757,21.24127],[-103.91858,21.24563],[-103.93106,21.26255],[-103.9338,21.26087],[-103.93546,21.25418],[-103.92864,21.24976],[-103.92402,21.23457],[-103.9304,21.23534],[-103.93656,21.23853],[-103.94587,21.23802],[-103.95171,21.24459],[-103.95227,21.24778],[-103.95839,21.25275],[-103.96057,21.25118],[-103.96352,21.25409],[-103.96927,21.25569],[-103.96925,21.25687],[-103.97345,21.25633],[-103.97448,21.2518],[-103.98531,21.24921],[-103.98786,21.24431],[-104.00357,21.23646],[-104.00609,21.22804],[-104.01749,21.2272],[-104.01464,21.22068],[-104.01682,21.21858],[-104.01514,21.21383],[-104.01719,21.21191],[-104.01602,21.20746],[-104.01864,21.20512],[-104.02232,21.20511],[-104.02233,21.21079],[-104.02498,21.21294],[-104.02941,21.20866],[-104.03287,21.20269],[-104.0264,21.20048],[-104.02797,21.19467],[-104.0353,21.19595],[-104.03573,21.20121],[-104.03842,21.20444],[-104.04518,21.1992],[-104.05284,21.20541],[-104.05504,21.20461],[-104.05479,21.19651],[-104.05628,21.19414],[-104.05946,21.19393],[-104.06257,21.20032],[-104.06855,21.19739],[-104.06933,21.19415],[-104.0661,21.18972],[-104.06829,21.18679],[-104.07179,21.18859],[-104.07218,21.18753],[-104.07308,21.18047],[-104.07074,21.17565],[-104.07247,21.16722],[-104.0643,21.1635],[-104.05443,21.16155],[-104.04903,21.15228],[-104.0326,21.13695],[-104.02543,21.13476],[-104.01218,21.13591],[-104.00292,21.14048],[-103.99713,21.1382],[-103.98529,21.12428],[-103.96716,21.11175],[-103.96514,21.10928],[-103.96417,21.10383],[-103.95745,21.09418],[-103.94029,21.08992],[-103.93349,21.07899],[-103.92212,21.07987],[-103.90323,21.07208],[-103.89368,21.07589],[-103.88962,21.08372],[-103.88797,21.08394],[-103.87816,21.08023],[-103.87203,21.08056],[-103.86406,21.07505],[-103.86037,21.07513],[-103.85634,21.07261],[-103.85825,21.06344],[-103.86541,21.06039],[-103.8684,21.05143],[-103.87794,21.05233],[-103.88192,21.04938],[-103.87971,21.04141],[-103.87555,21.037],[-103.8702,21.03613],[-103.86812,21.0374],[-103.86839,21.03944],[-103.86538,21.03774],[-103.86341,21.03833],[-103.86216,21.02733],[-103.86527,21.02186],[-103.86547,21.01588],[-103.87422,21.01312],[-103.87565,21.00868],[-103.88114,21.00538],[-103.88182,20.98982],[-103.88411,20.98672],[-103.88348,20.98414],[-103.88761,20.98418],[-103.89395,20.97987],[-103.89687,20.9803],[-103.89997,20.9762],[-103.90505,20.97395],[-103.91018,20.96736],[-103.91973,20.96233],[-103.92492,20.96181],[-103.92719,20.95944],[-103.92835,20.95055],[-103.93707,20.94484],[-103.94011,20.93699],[-103.96286,20.93707],[-103.96525,20.93864],[-103.9453,20.91103],[-103.94616,20.90733],[-103.94338,20.90675],[-103.94162,20.91124],[-103.93969,20.91103],[-103.93962,20.90622],[-103.93512,20.90977],[-103.93512,20.9075],[-103.93,20.90882],[-103.92837,20.91298],[-103.91985,20.91468],[-103.91912,20.9169],[-103.92057,20.91749],[-103.91793,20.92003],[-103.91235,20.91859],[-103.91256,20.91536],[-103.90798,20.91318],[-103.90832,20.91035],[-103.9194,20.90479],[-103.91236,20.90003],[-103.89725,20.89467],[-103.89308,20.89167],[-103.89224,20.89372],[-103.89,20.88994],[-103.88802,20.89213],[-103.88613,20.8905],[-103.88776,20.88957],[-103.89069,20.88013],[-103.88698,20.87884],[-103.88504,20.87383],[-103.87781,20.87288],[-103.87787,20.86983],[-103.8832,20.8662],[-103.88569,20.86004],[-103.88938,20.85656],[-103.89114,20.84338],[-103.89875,20.84147],[-103.89678,20.83318],[-103.89118,20.82454],[-103.8914,20.82244],[-103.89343,20.82241],[-103.8955,20.81983],[-103.90112,20.81942],[-103.90202,20.81569],[-103.90947,20.8133],[-103.91344,20.80855],[-103.90904,20.80998],[-103.89478,20.80805],[-103.89159,20.80206],[-103.88405,20.79862],[-103.87567,20.79857],[-103.87247,20.79249],[-103.86909,20.79025],[-103.86863,20.78674],[-103.86425,20.78966],[-103.85004,20.78955],[-103.84737,20.78732],[-103.83141,20.79126],[-103.82387,20.7951],[-103.82099,20.80002],[-103.8175,20.80184],[-103.81204,20.80064],[-103.80654,20.80194],[-103.79351,20.79566],[-103.78816,20.79481],[-103.78695,20.80337],[-103.78327,20.80536],[-103.78586,20.80989],[-103.78549,20.8128],[-103.78174,20.81679],[-103.77802,20.8252],[-103.77915,20.82674],[-103.7761,20.83875],[-103.77251,20.84386],[-103.7732,20.84719],[-103.77078,20.86135],[-103.76678,20.86716],[-103.76004,20.86499],[-103.75256,20.87869],[-103.76954,20.88629],[-103.77063,20.88915],[-103.77106,20.89319],[-103.76909,20.89558],[-103.77051,20.89892],[-103.76748,20.90391],[-103.76982,20.90702],[-103.76372,20.91051],[-103.75904,20.92388],[-103.75492,20.92584],[-103.75287,20.92185],[-103.74848,20.9184],[-103.74388,20.91878],[-103.74246,20.92173],[-103.73985,20.92206],[-103.73486,20.91777],[-103.72803,20.92271],[-103.72549,20.92291],[-103.71552,20.91644],[-103.71112,20.90966],[-103.70555,20.90948],[-103.70654,20.91091],[-103.70428,20.91481],[-103.69909,20.91135],[-103.69599,20.91428],[-103.69516,20.912],[-103.69646,20.9102],[-103.69269,20.90671],[-103.6905,20.90817],[-103.68946,20.90613],[-103.68689,20.90602],[-103.68491,20.90768],[-103.68599,20.90481],[-103.67991,20.90283],[-103.67728,20.8995],[-103.66663,20.90157],[-103.66091,20.89815],[-103.66034,20.90369],[-103.6564,20.90628],[-103.65528,20.90412],[-103.65269,20.90794],[-103.65169,20.91626],[-103.64668,20.91759],[-103.64184,20.92398],[-103.63368,20.92922],[-103.63165,20.93615],[-103.62565,20.94676],[-103.62106,20.95005],[-103.61561,20.96186],[-103.61917,20.96446],[-103.62017,20.97011],[-103.61311,20.97318],[-103.6105,20.9783],[-103.61447,20.98229],[-103.61725,20.99196],[-103.62174,20.99712],[-103.62378,20.99667],[-103.62465,21.00397],[-103.6162,21.00768],[-103.61107,21.00787],[-103.60805,21.01075],[-103.60427,21.01138],[-103.60008,21.01552],[-103.59893,21.01961],[-103.60346,21.02655],[-103.60168,21.03131],[-103.6043,21.03329],[-103.60524,21.03846],[-103.60637,21.04004],[-103.61408,21.04183],[-103.61574,21.03886],[-103.61923,21.04041],[-103.62957,21.03294],[-103.63765,21.03211],[-103.63958,21.03033],[-103.64116,21.02264],[-103.64583,21.02099],[-103.64808,21.01558],[-103.65112,21.01845],[-103.65204,21.02223],[-103.65029,21.02479],[-103.65081,21.0293],[-103.65403,21.03404],[-103.65049,21.03705],[-103.6511,21.03868],[-103.65547,21.03957],[-103.66177,21.03603],[-103.66852,21.04026],[-103.6712,21.03999],[-103.67258,21.04204],[-103.67095,21.04183],[-103.66972,21.04649],[-103.67082,21.04874],[-103.66914,21.05078],[-103.67006,21.05263],[-103.66919,21.05504],[-103.66638,21.05653],[-103.66586,21.06134],[-103.65926,21.06231],[-103.65807,21.06857],[-103.65544,21.07153],[-103.65408,21.07861],[-103.65628,21.08708],[-103.6541,21.09369],[-103.65512,21.09657],[-103.64778,21.10591],[-103.64619,21.11105],[-103.64663,21.11625],[-103.64457,21.12096],[-103.63056,21.13318],[-103.63137,21.13614],[-103.6295,21.13678],[-103.62984,21.14178],[-103.62765,21.14667],[-103.61707,21.15396],[-103.61185,21.1648],[-103.61288,21.16757],[-103.61136,21.17874],[-103.61815,21.18353],[-103.61612,21.18574],[-103.61863,21.18878],[-103.62479,21.19332],[-103.62986,21.19396],[-103.63337,21.19125],[-103.6328,21.19339],[-103.63713,21.19973],[-103.64538,21.20306],[-103.64854,21.20698],[-103.65373,21.20876],[-103.65676,21.21112],[-103.65608,21.21266],[-103.66007,21.2139],[-103.66059,21.21552],[-103.66732,21.21605],[-103.66403,21.21818],[-103.66335,21.22416],[-103.65674,21.22202],[-103.64844,21.22311],[-103.6402,21.22207],[-103.63909,21.23308],[-103.63631,21.24171],[-103.63669,21.2433],[-103.6397,21.24338],[-103.63941,21.25167],[-103.64168,21.25404],[-103.64003,21.26626],[-103.63784,21.2669],[-103.63743,21.26913],[-103.63704,21.27598],[-103.63947,21.27753],[-103.63399,21.28229],[-103.64274,21.2845],[-103.65708,21.28211],[-103.65819,21.28043],[-103.66479,21.29022],[-103.66668,21.29047],[-103.67628,21.28341],[-103.68364,21.28551],[-103.68993,21.28541],[-103.69805,21.28258],[-103.70626,21.27572],[-103.71076,21.27448],[-103.71103,21.27197],[-103.71411,21.26997],[-103.7126,21.26799],[-103.71365,21.26669],[-103.71621,21.26787],[-103.71743,21.27341],[-103.72029,21.27518],[-103.71991,21.28313],[-103.72214,21.28394],[-103.71958,21.29992],[-103.72078,21.30102],[-103.72084,21.30796],[-103.71095,21.31354],[-103.71112,21.31775],[-103.70724,21.31991],[-103.70508,21.3255],[-103.69605,21.32395],[-103.6914,21.3201],[-103.68983,21.32129],[-103.68257,21.31876],[-103.68097,21.32075],[-103.6774,21.31991],[-103.67443,21.32141],[-103.67432,21.32309],[-103.67171,21.32247],[-103.66362,21.33813],[-103.65812,21.33626],[-103.65514,21.33921],[-103.64888,21.33743],[-103.64976,21.3418],[-103.6463,21.34239],[-103.64624,21.34441],[-103.64305,21.34173],[-103.63812,21.34485],[-103.63443,21.3401],[-103.63155,21.34156],[-103.63153,21.34433],[-103.62901,21.34537],[-103.62548,21.34341],[-103.61872,21.34448],[-103.6166,21.3475],[-103.61695,21.35341],[-103.61117,21.34879],[-103.60295,21.34913],[-103.59954,21.34694],[-103.59808,21.3419],[-103.59559,21.34387],[-103.59275,21.34226],[-103.59331,21.34057],[-103.58868,21.34219],[-103.58662,21.33807],[-103.58399,21.33693],[-103.58444,21.33537],[-103.57845,21.33023],[-103.5771,21.33272],[-103.57408,21.33267],[-103.56859,21.33762],[-103.56763,21.35222],[-103.56506,21.35052],[-103.56263,21.35266],[-103.55737,21.34813],[-103.55064,21.35094],[-103.54833,21.3501],[-103.53541,21.35387],[-103.52703,21.35222],[-103.52497,21.35348],[-103.52326,21.35201],[-103.51941,21.35649],[-103.518,21.35511],[-103.50996,21.35489],[-103.51308,21.36407],[-103.50392,21.37684],[-103.50817,21.38032],[-103.5094,21.3924],[-103.52178,21.40141],[-103.52183,21.40572],[-103.53359,21.42061],[-103.53384,21.42559],[-103.53743,21.43159],[-103.53712,21.44059],[-103.53858,21.44116],[-103.53858,21.44441]]]}},{"type":"Feature","properties":{"cvegeo":"14095","nombre":"Teuchitlán"},"geometry":{"type":"Polygon","coordinates":[[[-103.78641,20.78581],[-103.79993,20.77264],[-103.80757,20.76959],[-103.82167,20.74826],[-103.82686,20.74563],[-103.83387,20.74725],[-103.83941,20.7431],[-103.84074,20.73761],[-103.84218,20.73689],[-103.83978,20.72892],[-103.83803,20.72745],[-103.83871,20.72281],[-103.8407,20.72219],[-103.84621,20.71324],[-103.85033,20.71222],[-103.85092,20.71334],[-103.85592,20.70936],[-103.86331,20.69148],[-103.86508,20.69313],[-103.86494,20.6975],[-103.87141,20.7005],[-103.87446,20.70434],[-103.87504,20.71144],[-103.87913,20.71283],[-103.88378,20.71763],[-103.88492,20.72463],[-103.88287,20.72757],[-103.88784,20.72852],[-103.88807,20.73006],[-103.89123,20.72629],[-103.89522,20.72533],[-103.90193,20.72015],[-103.9096,20.71165],[-103.91029,20.70515],[-103.9164,20.69214],[-103.90828,20.68038],[-103.91024,20.6595],[-103.90521,20.65777],[-103.90413,20.65545],[-103.89407,20.64806],[-103.8919,20.64225],[-103.88681,20.63899],[-103.88585,20.6365],[-103.8887,20.63747],[-103.88923,20.63645],[-103.89053,20.63805],[-103.89149,20.63565],[-103.89807,20.63957],[-103.90683,20.6382],[-103.91442,20.64063],[-103.91569,20.63718],[-103.91034,20.63134],[-103.90321,20.62701],[-103.90544,20.62394],[-103.90021,20.62216],[-103.89907,20.62007],[-103.90041,20.61723],[-103.89897,20.61669],[-103.90038,20.61395],[-103.89825,20.61132],[-103.89878,20.60862],[-103.89497,20.60914],[-103.88987,20.59851],[-103.8812,20.59755],[-103.87977,20.58633],[-103.884,20.57459],[-103.86086,20.57544],[-103.85496,20.57714],[-103.85228,20.58233],[-103.84997,20.5824],[-103.84998,20.58432],[-103.84782,20.5848],[-103.84832,20.58873],[-103.84523,20.59139],[-103.84738,20.59446],[-103.8461,20.5965],[-103.84224,20.59601],[-103.83676,20.59855],[-103.83301,20.60093],[-103.83201,20.60401],[-103.82726,20.60223],[-103.8237,20.60386],[-103.82382,20.60636],[-103.82037,20.60794],[-103.8189,20.60691],[-103.81938,20.60839],[-103.81621,20.61147],[-103.81516,20.60919],[-103.81541,20.61718],[-103.81324,20.62152],[-103.81058,20.62294],[-103.81093,20.62529],[-103.80886,20.62597],[-103.80915,20.62852],[-103.80101,20.63113],[-103.80132,20.63363],[-103.79126,20.63705],[-103.79087,20.63451],[-103.78885,20.63519],[-103.78727,20.63832],[-103.78393,20.63928],[-103.78326,20.64242],[-103.77496,20.64672],[-103.77425,20.65058],[-103.77259,20.65112],[-103.77291,20.65376],[-103.76775,20.65284],[-103.76837,20.6507],[-103.76654,20.64996],[-103.7666,20.65256],[-103.7645,20.6525],[-103.76721,20.65887],[-103.77124,20.65829],[-103.77062,20.66295],[-103.76864,20.6631],[-103.76943,20.66548],[-103.77141,20.66597],[-103.76359,20.66985],[-103.75681,20.67705],[-103.75724,20.68158],[-103.76035,20.68685],[-103.76425,20.68799],[-103.76625,20.68682],[-103.76606,20.69132],[-103.76798,20.69314],[-103.76924,20.69876],[-103.76896,20.70452],[-103.7718,20.70586],[-103.77337,20.71025],[-103.77393,20.7081],[-103.77516,20.71275],[-103.77401,20.71487],[-103.78108,20.71938],[-103.77937,20.72306],[-103.77527,20.72566],[-103.77548,20.72938],[-103.77203,20.73597],[-103.76866,20.7374],[-103.76234,20.73555],[-103.75848,20.742],[-103.75525,20.74324],[-103.75797,20.74543],[-103.75477,20.75185],[-103.7592,20.75574],[-103.75285,20.76783],[-103.74506,20.76475],[-103.73965,20.76555],[-103.73637,20.76794],[-103.73892,20.77079],[-103.73648,20.77626],[-103.74476,20.77906],[-103.75879,20.77824],[-103.76681,20.78198],[-103.77373,20.78008],[-103.77733,20.78392],[-103.78493,20.78033],[-103.78504,20.78255],[-103.78709,20.78338],[-103.78641,20.78581]]]}},{"type":"Feature","properties":{"cvegeo":"14096","nombre":"Tizapán el Alto"},"geometry":{"type":"Polygon","coordinates":[[[-103.03713,20.18173],[-103.05355,20.17948],[-103.05613,20.17662],[-103.05712,20.17804],[-103.05989,20.17773],[-103.0601,20.17579],[-103.07501,20.16324],[-103.07422,20.16031],[-103.08052,20.15886],[-103.09003,20.15922],[-103.09532,20.16375],[-103.11118,20.16086],[-103.12088,20.1669],[-103.12464,20.16715],[-103.13668,20.16708],[-103.14621,20.16307],[-103.14794,20.15985],[-103.15414,20.15648],[-103.15473,20.15415],[-103.15226,20.15266],[-103.15701,20.14966],[-103.15699,20.14454],[-103.1529,20.14132],[-103.15336,20.13595],[-103.15578,20.134],[-103.15475,20.13243],[-103.15866,20.1318],[-103.15843,20.13321],[-103.16069,20.12949],[-103.15852,20.12494],[-103.14891,20.12211],[-103.15246,20.11994],[-103.16199,20.11996],[-103.16158,20.12135],[-103.16785,20.12018],[-103.16496,20.11649],[-103.16563,20.10976],[-103.16209,20.10672],[-103.1643,20.10742],[-103.16366,20.10595],[-103.17029,20.10382],[-103.17172,20.10138],[-103.16962,20.09901],[-103.16669,20.08883],[-103.15906,20.08892],[-103.15722,20.08548],[-103.14763,20.0835],[-103.12249,20.08152],[-103.11993,20.0747],[-103.12221,20.07619],[-103.12155,20.07301],[-103.1249,20.07353],[-103.12716,20.07214],[-103.12516,20.06984],[-103.12513,20.06495],[-103.12213,20.06397],[-103.12457,20.0613],[-103.11942,20.05506],[-103.12744,20.05146],[-103.11854,20.04745],[-103.11317,20.05161],[-103.11085,20.04845],[-103.11174,20.04709],[-103.11044,20.0438],[-103.09993,20.04381],[-103.09216,20.03593],[-103.09109,20.03285],[-103.07581,20.04292],[-103.0701,20.04443],[-103.07032,20.04788],[-103.06711,20.04936],[-103.0645,20.05503],[-103.06496,20.06233],[-103.06313,20.06235],[-103.06081,20.06544],[-103.05553,20.06537],[-103.05447,20.06725],[-103.04977,20.06583],[-103.04776,20.06872],[-103.04385,20.06977],[-103.03951,20.068],[-103.03818,20.06536],[-103.03557,20.0649],[-103.03618,20.06677],[-103.03439,20.06747],[-103.03104,20.06592],[-103.03241,20.06873],[-103.03051,20.07271],[-103.03378,20.07568],[-103.03073,20.07855],[-103.03545,20.0814],[-103.03569,20.08392],[-103.04173,20.09082],[-103.03911,20.09678],[-103.03609,20.09942],[-103.03282,20.11136],[-103.03537,20.11672],[-103.04259,20.1152],[-103.04205,20.12102],[-103.04441,20.1236],[-103.03133,20.12675],[-103.03523,20.13349],[-103.03246,20.13645],[-103.00482,20.1382],[-103.00171,20.13511],[-102.99839,20.12596],[-102.98554,20.1274],[-102.97058,20.1254],[-102.96446,20.12714],[-102.9616,20.1402],[-102.95776,20.14122],[-102.95117,20.13818],[-102.9473,20.1324],[-102.94203,20.12883],[-102.92645,20.12958],[-102.9245,20.13626],[-102.94323,20.14978],[-102.954,20.16657],[-102.95414,20.17088],[-102.96778,20.17324],[-102.97991,20.17275],[-102.99163,20.16953],[-102.99748,20.16966],[-102.99757,20.16704],[-103.00342,20.16453],[-103.01375,20.16508],[-103.01979,20.1622],[-103.02507,20.16446],[-103.03682,20.17715],[-103.03713,20.18173]]]}},{"type":"Feature","properties":{"cvegeo":"14090","nombre":"Tenamaxtlán"},"geometry":{"type":"Polygon","coordinates":[[[-104.15639,20.29512],[-104.17879,20.27731],[-104.18541,20.23958],[-104.19346,20.24743],[-104.23719,20.21189],[-104.2397,20.2111],[-104.24095,20.21309],[-104.24279,20.20944],[-104.24972,20.21149],[-104.25184,20.20974],[-104.27242,20.20711],[-104.27541,20.20507],[-104.27601,20.20655],[-104.28622,20.20348],[-104.2873,20.20504],[-104.28889,20.20139],[-104.29634,20.20429],[-104.30946,20.20234],[-104.31821,20.19591],[-104.31873,20.19365],[-104.30542,20.19179],[-104.30036,20.19435],[-104.30173,20.19495],[-104.30157,20.19756],[-104.30008,20.19754],[-104.2998,20.1947],[-104.29506,20.19792],[-104.29393,20.19713],[-104.29512,20.19229],[-104.2976,20.19178],[-104.30341,20.18346],[-104.30111,20.17815],[-104.30246,20.17545],[-104.30026,20.17441],[-104.30462,20.1738],[-104.29889,20.17331],[-104.29992,20.16983],[-104.29662,20.16907],[-104.29541,20.16574],[-104.29088,20.16195],[-104.2636,20.18255],[-104.2648,20.18131],[-104.26397,20.17595],[-104.26543,20.17596],[-104.26368,20.17266],[-104.26532,20.16825],[-104.2617,20.16881],[-104.25824,20.17237],[-104.25432,20.17287],[-104.25322,20.1745],[-104.25136,20.17358],[-104.24209,20.17608],[-104.22897,20.18466],[-104.23033,20.18773],[-104.22794,20.18639],[-104.22484,20.18755],[-104.22502,20.1899],[-104.22399,20.18988],[-104.2246,20.18625],[-104.2149,20.19002],[-104.20633,20.18775],[-104.20628,20.18379],[-104.20447,20.1852],[-104.19788,20.18276],[-104.19624,20.18103],[-104.19732,20.18052],[-104.19661,20.17818],[-104.19431,20.17712],[-104.19843,20.17528],[-104.19717,20.17307],[-104.20058,20.1721],[-104.19883,20.17104],[-104.20087,20.16332],[-104.20011,20.1601],[-104.20308,20.14855],[-104.20558,20.14595],[-104.20544,20.14219],[-104.193,20.13972],[-104.18416,20.14255],[-104.18073,20.14874],[-104.18112,20.15054],[-104.17627,20.14669],[-104.17637,20.1418],[-104.18292,20.127],[-104.1808,20.12281],[-104.18121,20.11053],[-104.17889,20.10367],[-104.18307,20.10053],[-104.1845,20.09635],[-104.18912,20.0951],[-104.18538,20.09102],[-104.18697,20.08799],[-104.18254,20.08239],[-104.18263,20.07493],[-104.17883,20.07035],[-104.17856,20.06723],[-104.19156,20.05381],[-104.19381,20.04426],[-104.19261,20.04135],[-104.19523,20.03793],[-104.19233,20.03391],[-104.18832,20.03473],[-104.18738,20.03213],[-104.18299,20.03113],[-104.18348,20.02794],[-104.18227,20.02816],[-104.18125,20.02573],[-104.17994,20.02589],[-104.18015,20.03108],[-104.17223,20.02887],[-104.16981,20.03129],[-104.16101,20.03054],[-104.16461,20.03023],[-104.16358,20.02834],[-104.16129,20.0287],[-104.15888,20.02632],[-104.15377,20.02482],[-104.15098,20.01723],[-104.14091,20.01565],[-104.1342,20.00106],[-104.12924,19.99897],[-104.12723,19.9971],[-104.1281,19.99586],[-104.12585,19.99543],[-104.1257,19.99153],[-104.12841,19.98797],[-104.12754,19.9857],[-104.12976,19.98505],[-104.12977,19.98263],[-104.13093,19.98336],[-104.13198,19.98107],[-104.13462,19.98176],[-104.13328,19.97896],[-104.1254,19.97516],[-104.11834,19.97648],[-104.11582,19.97534],[-104.11222,19.97846],[-104.1089,19.9756],[-104.10314,19.97964],[-104.09622,19.97982],[-104.0888,19.99028],[-104.08753,19.98931],[-104.08927,19.98166],[-104.08722,19.97973],[-104.08544,19.98239],[-104.07504,19.9839],[-104.07294,19.98817],[-104.06652,19.99001],[-104.06537,19.99264],[-104.06643,19.99686],[-104.06876,19.99625],[-104.07207,19.99962],[-104.07585,19.99977],[-104.08251,20.00747],[-104.08645,20.00734],[-104.08911,20.00945],[-104.09213,20.01595],[-104.10061,20.0225],[-104.10141,20.0301],[-104.11212,20.03831],[-104.13049,20.03749],[-104.13684,20.04025],[-104.14217,20.03914],[-104.1274,20.0588],[-104.13161,20.06093],[-104.13117,20.06478],[-104.12861,20.06659],[-104.13264,20.06838],[-104.13326,20.07073],[-104.13012,20.07657],[-104.12649,20.0764],[-104.12637,20.08059],[-104.13132,20.08168],[-104.13214,20.08414],[-104.13711,20.08734],[-104.1353,20.08967],[-104.13442,20.09008],[-104.13278,20.08973],[-104.13153,20.09252],[-104.12952,20.08995],[-104.11705,20.09782],[-104.1172,20.10023],[-104.11569,20.09892],[-104.11461,20.11785],[-104.10034,20.14384],[-104.11071,20.15362],[-104.10926,20.17214],[-104.11425,20.1738],[-104.11953,20.17798],[-104.11751,20.18092],[-104.11957,20.18648],[-104.11454,20.19032],[-104.11506,20.19195],[-104.11666,20.19173],[-104.1124,20.20327],[-104.12527,20.24011],[-104.12452,20.24183],[-104.14307,20.23917],[-104.15051,20.2468],[-104.14716,20.25037],[-104.14522,20.25708],[-104.139,20.26366],[-104.13486,20.26377],[-104.12963,20.26689],[-104.12457,20.27949],[-104.13347,20.28305],[-104.13102,20.2843],[-104.13292,20.28793],[-104.14539,20.28789],[-104.14544,20.29014],[-104.14038,20.29151],[-104.14684,20.29481],[-104.15639,20.29512]]]}},{"type":"Feature","properties":{"cvegeo":"14091","nombre":"Teocaltiche"},"geometry":{"type":"Polygon","coordinates":[[[-102.7473,21.71553],[-102.76147,21.69291],[-102.76597,21.68954],[-102.76649,21.68693],[-102.7763,21.68363],[-102.77917,21.67924],[-102.78315,21.67821],[-102.7861,21.67491],[-102.78938,21.67486],[-102.79176,21.67697],[-102.79555,21.67594],[-102.79805,21.67028],[-102.80528,21.67128],[-102.80213,21.66699],[-102.7952,21.66347],[-102.78866,21.66361],[-102.78355,21.65979],[-102.77341,21.65831],[-102.77346,21.65479],[-102.77979,21.65153],[-102.78361,21.64669],[-102.78037,21.64476],[-102.77919,21.63987],[-102.77757,21.63895],[-102.77757,21.63217],[-102.77437,21.62689],[-102.77535,21.62157],[-102.77082,21.61476],[-102.77093,21.61177],[-102.76751,21.60838],[-102.76835,21.6037],[-102.76474,21.59606],[-102.73741,21.58676],[-102.73526,21.59112],[-102.72951,21.59306],[-102.72541,21.58984],[-102.72391,21.58666],[-102.72463,21.58423],[-102.72188,21.58094],[-102.72214,21.57661],[-102.71801,21.57619],[-102.7171,21.57131],[-102.71148,21.57286],[-102.70891,21.57183],[-102.6951,21.57291],[-102.69233,21.56311],[-102.69714,21.55153],[-102.69641,21.54303],[-102.69218,21.54207],[-102.68933,21.54492],[-102.68715,21.54254],[-102.6825,21.54392],[-102.66519,21.53989],[-102.65957,21.53365],[-102.65532,21.53541],[-102.65105,21.5344],[-102.64199,21.53595],[-102.63073,21.53398],[-102.63122,21.52794],[-102.6388,21.52336],[-102.64217,21.51872],[-102.6299,21.50833],[-102.62484,21.50141],[-102.63218,21.4969],[-102.63269,21.49094],[-102.63813,21.48271],[-102.63428,21.48168],[-102.63667,21.47712],[-102.63968,21.47698],[-102.63891,21.48126],[-102.64235,21.47864],[-102.64266,21.47607],[-102.64907,21.4742],[-102.64788,21.46254],[-102.64315,21.46116],[-102.6367,21.46482],[-102.63613,21.46291],[-102.63895,21.45554],[-102.6445,21.44981],[-102.64737,21.44772],[-102.65131,21.44867],[-102.65167,21.4468],[-102.65501,21.44665],[-102.65026,21.44198],[-102.65066,21.44079],[-102.65351,21.44146],[-102.65525,21.43925],[-102.6541,21.43705],[-102.65107,21.43687],[-102.65433,21.43563],[-102.65476,21.4322],[-102.65168,21.4319],[-102.65198,21.42584],[-102.65431,21.42594],[-102.65326,21.42158],[-102.65576,21.42391],[-102.65726,21.42222],[-102.65603,21.41867],[-102.65289,21.41621],[-102.65213,21.41221],[-102.65592,21.41319],[-102.65967,21.41088],[-102.65869,21.40905],[-102.65221,21.4075],[-102.65569,21.40242],[-102.64925,21.39999],[-102.64684,21.39422],[-102.6444,21.39292],[-102.63814,21.39324],[-102.63927,21.38995],[-102.64282,21.38807],[-102.64043,21.38198],[-102.64259,21.3672],[-102.64558,21.36455],[-102.65122,21.36358],[-102.67778,21.34089],[-102.70062,21.32547],[-102.70537,21.31917],[-102.69257,21.31387],[-102.67614,21.29553],[-102.67244,21.29577],[-102.67382,21.2912],[-102.67219,21.28485],[-102.6544,21.277],[-102.65713,21.26997],[-102.65213,21.25632],[-102.65313,21.25145],[-102.647,21.24755],[-102.63561,21.24719],[-102.63353,21.25078],[-102.63376,21.25714],[-102.63095,21.25785],[-102.62398,21.25608],[-102.61989,21.25906],[-102.61862,21.27121],[-102.62647,21.27934],[-102.61346,21.28998],[-102.61202,21.29338],[-102.61303,21.29851],[-102.61018,21.30345],[-102.60664,21.3052],[-102.59852,21.30338],[-102.59189,21.30737],[-102.58628,21.30839],[-102.57946,21.30434],[-102.57328,21.30897],[-102.57446,21.30254],[-102.56942,21.30067],[-102.5676,21.30166],[-102.56459,21.30845],[-102.55856,21.31081],[-102.55428,21.30642],[-102.55757,21.3029],[-102.55648,21.29945],[-102.55758,21.29403],[-102.55523,21.29223],[-102.54891,21.29729],[-102.54191,21.29997],[-102.53688,21.30003],[-102.53519,21.29692],[-102.53052,21.29552],[-102.53103,21.30235],[-102.52905,21.30494],[-102.52628,21.30408],[-102.52394,21.29966],[-102.52261,21.30158],[-102.52072,21.30022],[-102.5205,21.30228],[-102.51767,21.30188],[-102.51691,21.30478],[-102.50809,21.31053],[-102.50454,21.31488],[-102.50052,21.31449],[-102.49538,21.31986],[-102.49037,21.32079],[-102.48975,21.32347],[-102.48215,21.32658],[-102.48746,21.33943],[-102.48653,21.34472],[-102.49298,21.34589],[-102.49459,21.34826],[-102.49122,21.35139],[-102.48165,21.35117],[-102.48076,21.35449],[-102.47556,21.35869],[-102.47062,21.36652],[-102.46764,21.36634],[-102.46821,21.36909],[-102.45905,21.37887],[-102.46391,21.38306],[-102.46122,21.38526],[-102.46121,21.39397],[-102.45586,21.4033],[-102.44929,21.40533],[-102.43152,21.40068],[-102.41829,21.41153],[-102.41786,21.41259],[-102.4284,21.41535],[-102.42364,21.4152],[-102.42344,21.41656],[-102.42077,21.41708],[-102.42486,21.42936],[-102.43049,21.4334],[-102.43711,21.43498],[-102.43398,21.43512],[-102.42633,21.44438],[-102.40533,21.45399],[-102.40495,21.45604],[-102.40686,21.45732],[-102.40853,21.46305],[-102.40336,21.46631],[-102.40717,21.47087],[-102.40825,21.47802],[-102.40396,21.48505],[-102.40378,21.4889],[-102.39975,21.4975],[-102.39544,21.50082],[-102.39225,21.49998],[-102.39158,21.50229],[-102.38174,21.50876],[-102.37895,21.50762],[-102.37299,21.51705],[-102.37086,21.51546],[-102.37037,21.5171],[-102.36853,21.51687],[-102.36832,21.52162],[-102.36466,21.52899],[-102.36938,21.54206],[-102.36769,21.55126],[-102.36763,21.56759],[-102.36961,21.57057],[-102.36868,21.57337],[-102.37059,21.57805],[-102.37375,21.58104],[-102.37525,21.58187],[-102.38155,21.58007],[-102.38224,21.58431],[-102.38539,21.58449],[-102.3878,21.57948],[-102.3862,21.57828],[-102.3869,21.57428],[-102.38949,21.57396],[-102.38724,21.57112],[-102.38794,21.56958],[-102.38972,21.56812],[-102.39028,21.57051],[-102.39208,21.57071],[-102.39346,21.56895],[-102.39274,21.56452],[-102.39498,21.56458],[-102.39654,21.56207],[-102.39858,21.56354],[-102.39949,21.56014],[-102.40323,21.56069],[-102.40181,21.56248],[-102.40298,21.56613],[-102.39885,21.5685],[-102.40022,21.57964],[-102.39779,21.58099],[-102.39987,21.58291],[-102.39923,21.5864],[-102.40251,21.58752],[-102.40521,21.59191],[-102.40324,21.59575],[-102.40446,21.59686],[-102.40121,21.60482],[-102.40032,21.61483],[-102.39839,21.6158],[-102.3975,21.619],[-102.38871,21.62079],[-102.3862,21.62392],[-102.38592,21.62955],[-102.38747,21.63125],[-102.38908,21.64265],[-102.3844,21.65189],[-102.38732,21.65263],[-102.38694,21.65378],[-102.40749,21.65948],[-102.40459,21.66559],[-102.41963,21.66941],[-102.42672,21.65956],[-102.44323,21.64971],[-102.44164,21.64218],[-102.43656,21.63955],[-102.43808,21.63417],[-102.44353,21.63378],[-102.44977,21.62784],[-102.45735,21.62731],[-102.46865,21.62037],[-102.4725,21.62022],[-102.48198,21.60912],[-102.48412,21.60929],[-102.48602,21.6066],[-102.48993,21.60505],[-102.49339,21.60592],[-102.49391,21.60401],[-102.49608,21.6034],[-102.49643,21.59997],[-102.49889,21.60026],[-102.50033,21.59759],[-102.50588,21.59585],[-102.51594,21.58433],[-102.52286,21.58329],[-102.52508,21.57939],[-102.53627,21.57821],[-102.54625,21.57065],[-102.54652,21.57553],[-102.5512,21.57585],[-102.55753,21.56588],[-102.55979,21.56744],[-102.56005,21.57242],[-102.5617,21.57415],[-102.56758,21.5764],[-102.57254,21.58062],[-102.57951,21.58019],[-102.57792,21.57065],[-102.58095,21.57],[-102.58365,21.56587],[-102.5898,21.56733],[-102.59242,21.56049],[-102.59605,21.55852],[-102.59461,21.56323],[-102.59822,21.56953],[-102.60188,21.56798],[-102.60853,21.56855],[-102.61227,21.57049],[-102.61331,21.57286],[-102.61599,21.5723],[-102.61925,21.57823],[-102.62701,21.57922],[-102.62875,21.58072],[-102.6281,21.58521],[-102.63504,21.59629],[-102.63738,21.59739],[-102.63984,21.60404],[-102.63784,21.6084],[-102.63866,21.60996],[-102.64204,21.60783],[-102.64601,21.60864],[-102.64646,21.61117],[-102.65183,21.61256],[-102.65789,21.61107],[-102.66017,21.6087],[-102.66447,21.609],[-102.67141,21.61536],[-102.67758,21.61753],[-102.69128,21.62758],[-102.69862,21.64018],[-102.70052,21.64023],[-102.70484,21.6452],[-102.70559,21.65041],[-102.7082,21.65339],[-102.71426,21.65361],[-102.71821,21.64689],[-102.72199,21.64384],[-102.72734,21.64612],[-102.72807,21.65083],[-102.731,21.65181],[-102.7324,21.65474],[-102.73725,21.65519],[-102.73844,21.65204],[-102.74186,21.65328],[-102.74582,21.64675],[-102.74719,21.65341],[-102.74397,21.65709],[-102.74593,21.657],[-102.74625,21.66139],[-102.74394,21.66164],[-102.7436,21.66322],[-102.74687,21.675],[-102.74515,21.68376],[-102.74314,21.68521],[-102.73964,21.69414],[-102.74448,21.69925],[-102.74682,21.70812],[-102.74388,21.71254],[-102.7473,21.71553]]]}},{"type":"Feature","properties":{"cvegeo":"14092","nombre":"Teocuitatlán de Corona"},"geometry":{"type":"Polygon","coordinates":[[[-103.43602,20.20758],[-103.44067,20.20638],[-103.44323,20.20745],[-103.43639,20.19144],[-103.4393,20.18275],[-103.44654,20.18158],[-103.45253,20.17555],[-103.44933,20.16436],[-103.45129,20.1637],[-103.45227,20.16012],[-103.45016,20.158],[-103.45092,20.155],[-103.44885,20.15504],[-103.44792,20.15179],[-103.4492,20.15144],[-103.44968,20.148],[-103.44641,20.14751],[-103.44705,20.14534],[-103.44386,20.14476],[-103.44207,20.14114],[-103.43869,20.14106],[-103.43868,20.137],[-103.44504,20.13427],[-103.44518,20.13279],[-103.45015,20.13266],[-103.45047,20.1312],[-103.45453,20.13055],[-103.45328,20.12818],[-103.45848,20.12307],[-103.45815,20.12176],[-103.4611,20.12046],[-103.46258,20.12147],[-103.46638,20.11908],[-103.46521,20.11384],[-103.46644,20.11231],[-103.46501,20.11222],[-103.46894,20.10831],[-103.47557,20.11182],[-103.47803,20.11065],[-103.47946,20.1075],[-103.47584,20.10365],[-103.48931,20.09472],[-103.49372,20.09474],[-103.49701,20.09006],[-103.4967,20.0867],[-103.49004,20.08052],[-103.48041,20.07887],[-103.47836,20.0747],[-103.47513,20.07367],[-103.4751,20.06909],[-103.47397,20.06861],[-103.47263,20.07161],[-103.46806,20.06791],[-103.46515,20.0684],[-103.462,20.07234],[-103.4622,20.07585],[-103.4584,20.07805],[-103.46001,20.08823],[-103.4544,20.09411],[-103.43665,20.08702],[-103.43661,20.08562],[-103.4327,20.08544],[-103.42226,20.07427],[-103.41472,20.07547],[-103.41475,20.07236],[-103.4119,20.07034],[-103.40987,20.06464],[-103.40574,20.06084],[-103.39964,20.061],[-103.39701,20.0592],[-103.39296,20.06108],[-103.38921,20.05625],[-103.3879,20.0595],[-103.38401,20.06115],[-103.38385,20.05194],[-103.38083,20.0464],[-103.38304,20.03872],[-103.37883,20.03585],[-103.37735,20.03156],[-103.36814,20.02653],[-103.35879,20.0176],[-103.3529,20.0154],[-103.34794,20.01619],[-103.34266,20.01329],[-103.33744,20.01368],[-103.33474,20.01546],[-103.32944,20.01582],[-103.32554,20.0211],[-103.32433,20.01998],[-103.32177,20.02245],[-103.32128,20.02599],[-103.3258,20.02642],[-103.32128,20.02648],[-103.32209,20.02886],[-103.31751,20.03336],[-103.31762,20.03568],[-103.32453,20.03747],[-103.32307,20.04076],[-103.32632,20.04189],[-103.32595,20.04425],[-103.32821,20.04428],[-103.33327,20.04876],[-103.33081,20.05186],[-103.32457,20.04715],[-103.32332,20.04836],[-103.31396,20.04508],[-103.31328,20.04608],[-103.31251,20.04415],[-103.30947,20.04296],[-103.30266,20.04394],[-103.3013,20.04301],[-103.30222,20.03717],[-103.30031,20.03309],[-103.29594,20.03098],[-103.29199,20.02531],[-103.2906,20.02602],[-103.28569,20.01849],[-103.27088,20.01337],[-103.27255,20.01745],[-103.27113,20.01811],[-103.27447,20.01859],[-103.26967,20.02398],[-103.27078,20.03157],[-103.26901,20.03286],[-103.27101,20.03291],[-103.27043,20.03428],[-103.26871,20.03487],[-103.26871,20.03373],[-103.26832,20.03608],[-103.26637,20.03657],[-103.26661,20.04937],[-103.28038,20.06052],[-103.27825,20.06469],[-103.27584,20.06768],[-103.26941,20.06927],[-103.26878,20.07283],[-103.26247,20.07584],[-103.2499,20.07491],[-103.24803,20.07188],[-103.24455,20.07035],[-103.24284,20.07061],[-103.24351,20.07272],[-103.23026,20.07217],[-103.23349,20.07595],[-103.233,20.07733],[-103.22927,20.07648],[-103.22971,20.08101],[-103.23592,20.08507],[-103.23892,20.08932],[-103.23939,20.09797],[-103.23808,20.10171],[-103.23923,20.1043],[-103.24339,20.10605],[-103.24464,20.1082],[-103.24309,20.11558],[-103.2403,20.11283],[-103.23965,20.11396],[-103.2326,20.11236],[-103.22738,20.11485],[-103.22049,20.11316],[-103.21961,20.11367],[-103.22159,20.11543],[-103.21976,20.11515],[-103.22115,20.11655],[-103.21853,20.1166],[-103.21903,20.1195],[-103.21528,20.12106],[-103.21018,20.11933],[-103.19398,20.11832],[-103.19046,20.12083],[-103.18676,20.12851],[-103.18809,20.13066],[-103.1911,20.12865],[-103.19307,20.1313],[-103.19893,20.13173],[-103.20474,20.13597],[-103.20651,20.134],[-103.21017,20.13588],[-103.21067,20.13871],[-103.22556,20.13797],[-103.22486,20.1391],[-103.22645,20.14065],[-103.22277,20.144],[-103.23448,20.15002],[-103.24042,20.14843],[-103.24586,20.15131],[-103.24574,20.15409],[-103.26897,20.16123],[-103.27017,20.1578],[-103.27643,20.15974],[-103.27635,20.15852],[-103.28599,20.16304],[-103.28549,20.16439],[-103.28698,20.16304],[-103.30278,20.17005],[-103.34205,20.17395],[-103.34963,20.16823],[-103.3647,20.16751],[-103.37043,20.16995],[-103.37161,20.16851],[-103.37482,20.16974],[-103.37492,20.17237],[-103.37871,20.17415],[-103.381,20.17933],[-103.39055,20.18462],[-103.39305,20.18065],[-103.39939,20.18165],[-103.39889,20.18326],[-103.40201,20.18384],[-103.40964,20.18305],[-103.41228,20.1805],[-103.41278,20.18106],[-103.41212,20.18322],[-103.41561,20.18603],[-103.41559,20.18886],[-103.42592,20.19743],[-103.42292,20.20255],[-103.42076,20.2029],[-103.41778,20.20693],[-103.43602,20.20758]]]}},{"type":"Feature","properties":{"cvegeo":"14122","nombre":"Zapotitlán de Vadillo"},"geometry":{"type":"Polygon","coordinates":[[[-103.66059,19.5976],[-103.66678,19.59268],[-103.67485,19.59222],[-103.68515,19.595],[-103.6923,19.59463],[-103.70351,19.5895],[-103.70976,19.58932],[-103.71344,19.59092],[-103.7129,19.58934],[-103.71852,19.58674],[-103.72353,19.58877],[-103.74483,19.59008],[-103.75218,19.59238],[-103.75497,19.58685],[-103.75574,19.58867],[-103.75932,19.58984],[-103.75867,19.5865],[-103.76213,19.58517],[-103.75978,19.58063],[-103.75881,19.58128],[-103.75728,19.5793],[-103.75424,19.56938],[-103.78715,19.56399],[-103.81714,19.56402],[-103.83042,19.56228],[-103.83587,19.56373],[-103.86774,19.54671],[-103.86752,19.5451],[-103.86066,19.54512],[-103.86064,19.54377],[-103.86689,19.54217],[-103.87585,19.54258],[-103.88215,19.5373],[-103.88657,19.54186],[-103.89199,19.54263],[-103.89492,19.54133],[-103.89204,19.53601],[-103.89036,19.52793],[-103.88735,19.52599],[-103.88128,19.5158],[-103.88006,19.50567],[-103.8735,19.50534],[-103.8629,19.50155],[-103.86305,19.49962],[-103.86789,19.49762],[-103.86498,19.48975],[-103.85876,19.4873],[-103.85675,19.48822],[-103.8555,19.49133],[-103.85843,19.49463],[-103.85862,19.50084],[-103.85693,19.50395],[-103.85476,19.50468],[-103.85159,19.50138],[-103.84773,19.50042],[-103.84756,19.491],[-103.84238,19.48808],[-103.83868,19.4832],[-103.82964,19.47959],[-103.83171,19.47482],[-103.82993,19.47262],[-103.83128,19.46806],[-103.83058,19.46105],[-103.83827,19.44545],[-103.8351,19.44241],[-103.83535,19.44013],[-103.82397,19.43757],[-103.82797,19.43267],[-103.82353,19.42721],[-103.82206,19.4225],[-103.8234,19.41691],[-103.81984,19.40901],[-103.81529,19.41386],[-103.80989,19.41499],[-103.80134,19.42197],[-103.79789,19.42199],[-103.79273,19.42751],[-103.77888,19.431],[-103.77437,19.43055],[-103.77144,19.43383],[-103.76781,19.43463],[-103.75066,19.44566],[-103.73531,19.44342],[-103.72544,19.45123],[-103.71826,19.4535],[-103.71616,19.45696],[-103.71579,19.46701],[-103.70827,19.46986],[-103.70425,19.4771],[-103.69885,19.48211],[-103.69883,19.48476],[-103.69338,19.48659],[-103.69005,19.49245],[-103.68481,19.49423],[-103.68283,19.49312],[-103.68045,19.49594],[-103.67572,19.49675],[-103.66488,19.50263],[-103.65154,19.501],[-103.61828,19.51252],[-103.64637,19.51361],[-103.64607,19.52011],[-103.64298,19.52225],[-103.64357,19.52399],[-103.64205,19.52502],[-103.64357,19.52773],[-103.64226,19.531],[-103.63761,19.53428],[-103.64025,19.53682],[-103.64272,19.53446],[-103.64472,19.53533],[-103.6454,19.53348],[-103.6469,19.53552],[-103.65149,19.53679],[-103.65152,19.53491],[-103.65344,19.53624],[-103.65086,19.53933],[-103.63653,19.54109],[-103.64014,19.54658],[-103.63879,19.55319],[-103.64025,19.55429],[-103.63862,19.55491],[-103.64232,19.56123],[-103.64139,19.5634],[-103.64272,19.56712],[-103.65274,19.56818],[-103.65795,19.57089],[-103.65358,19.57277],[-103.6549,19.5743],[-103.65372,19.57548],[-103.65946,19.57755],[-103.65742,19.58038],[-103.65989,19.58199],[-103.66068,19.58555],[-103.65855,19.58683],[-103.6622,19.58959],[-103.66075,19.59104],[-103.66059,19.5976]]]}},{"type":"Feature","properties":{"cvegeo":"14121","nombre":"Zapotiltic"},"geometry":{"type":"Polygon","coordinates":[[[-103.34632,19.75465],[-103.3541,19.74905],[-103.35606,19.75],[-103.35537,19.74833],[-103.35926,19.7459],[-103.36122,19.73646],[-103.3659,19.73652],[-103.36998,19.73276],[-103.37362,19.73191],[-103.37832,19.73383],[-103.38302,19.73369],[-103.38932,19.73927],[-103.39443,19.74145],[-103.39573,19.74146],[-103.39532,19.73861],[-103.39868,19.73246],[-103.40636,19.73473],[-103.40625,19.73088],[-103.40085,19.7188],[-103.40925,19.71432],[-103.40949,19.71248],[-103.40786,19.712],[-103.40972,19.7105],[-103.40808,19.70911],[-103.40943,19.6996],[-103.41205,19.70159],[-103.42182,19.69879],[-103.43351,19.68932],[-103.43602,19.68542],[-103.437,19.68689],[-103.43836,19.68591],[-103.4386,19.68743],[-103.44045,19.68545],[-103.44253,19.68583],[-103.44408,19.6808],[-103.44645,19.67964],[-103.44631,19.67766],[-103.45067,19.67308],[-103.45328,19.67302],[-103.45997,19.66563],[-103.46543,19.66618],[-103.4674,19.65824],[-103.46857,19.65935],[-103.47176,19.65638],[-103.47529,19.65593],[-103.46332,19.623],[-103.45931,19.62461],[-103.45499,19.62318],[-103.45439,19.62497],[-103.44755,19.62348],[-103.44394,19.6251],[-103.4405,19.62286],[-103.4405,19.62396],[-103.42896,19.62262],[-103.42215,19.6183],[-103.41596,19.61697],[-103.41024,19.61136],[-103.40647,19.61061],[-103.40419,19.60787],[-103.39069,19.6014],[-103.38568,19.59707],[-103.38208,19.59705],[-103.37802,19.59277],[-103.36344,19.60572],[-103.35885,19.60324],[-103.35703,19.5981],[-103.35433,19.59728],[-103.3384,19.59872],[-103.33674,19.59401],[-103.33407,19.59511],[-103.33161,19.58981],[-103.32531,19.59178],[-103.32338,19.5974],[-103.31948,19.59763],[-103.31053,19.58831],[-103.30795,19.58911],[-103.31041,19.58668],[-103.30754,19.5856],[-103.3053,19.57934],[-103.30841,19.58124],[-103.31064,19.57982],[-103.31431,19.58072],[-103.31542,19.57817],[-103.31372,19.57767],[-103.3136,19.57466],[-103.32408,19.56979],[-103.32043,19.5656],[-103.32632,19.56075],[-103.3289,19.55026],[-103.32511,19.54226],[-103.31867,19.54464],[-103.31949,19.54669],[-103.31705,19.5488],[-103.31164,19.54911],[-103.30849,19.5467],[-103.30384,19.55308],[-103.30002,19.55043],[-103.30054,19.54879],[-103.29711,19.54302],[-103.29597,19.54349],[-103.29055,19.53729],[-103.28649,19.53615],[-103.28879,19.53591],[-103.29136,19.52976],[-103.28227,19.51606],[-103.28198,19.51024],[-103.28389,19.50709],[-103.28211,19.50054],[-103.26334,19.49522],[-103.25741,19.49657],[-103.25902,19.49496],[-103.25553,19.49459],[-103.25244,19.49631],[-103.24525,19.49629],[-103.24091,19.49442],[-103.23622,19.48888],[-103.23418,19.4894],[-103.23089,19.48689],[-103.22184,19.48418],[-103.22055,19.48888],[-103.21679,19.48919],[-103.21534,19.48676],[-103.21896,19.48301],[-103.21198,19.48385],[-103.20881,19.48176],[-103.20812,19.48339],[-103.20985,19.48605],[-103.20705,19.4868],[-103.20799,19.48881],[-103.20588,19.49085],[-103.2071,19.49593],[-103.20128,19.49923],[-103.19961,19.50288],[-103.20141,19.50917],[-103.20332,19.50824],[-103.20858,19.51169],[-103.20757,19.51247],[-103.20932,19.51538],[-103.20764,19.51613],[-103.2105,19.51777],[-103.20958,19.51912],[-103.21332,19.51881],[-103.21428,19.52095],[-103.216,19.51985],[-103.21507,19.52353],[-103.21956,19.52329],[-103.21664,19.5283],[-103.22054,19.53143],[-103.22235,19.53174],[-103.22411,19.52866],[-103.22463,19.53082],[-103.22861,19.53089],[-103.23857,19.53474],[-103.24977,19.54454],[-103.25661,19.54339],[-103.25611,19.54482],[-103.25972,19.54631],[-103.25622,19.55039],[-103.2547,19.54929],[-103.2499,19.55251],[-103.24782,19.55555],[-103.24788,19.55698],[-103.25061,19.55773],[-103.24566,19.57119],[-103.24704,19.57729],[-103.25408,19.57601],[-103.2615,19.58151],[-103.27059,19.5824],[-103.27201,19.58544],[-103.27003,19.58804],[-103.27072,19.59437],[-103.27615,19.59617],[-103.27817,19.60099],[-103.28143,19.60175],[-103.28813,19.60707],[-103.29404,19.6061],[-103.2963,19.60205],[-103.30021,19.60068],[-103.30562,19.60393],[-103.31299,19.6049],[-103.31301,19.60907],[-103.3074,19.61198],[-103.31186,19.61662],[-103.30704,19.61915],[-103.30818,19.62232],[-103.30705,19.63132],[-103.3108,19.63334],[-103.31062,19.63785],[-103.31544,19.64085],[-103.31993,19.64129],[-103.32302,19.64498],[-103.32695,19.64346],[-103.32664,19.64116],[-103.32996,19.63984],[-103.32947,19.64104],[-103.33403,19.64251],[-103.33319,19.64586],[-103.33027,19.64317],[-103.32663,19.65223],[-103.33019,19.65389],[-103.32826,19.66002],[-103.32906,19.66347],[-103.3228,19.66433],[-103.32004,19.66842],[-103.32215,19.67046],[-103.32042,19.67261],[-103.3271,19.67761],[-103.33686,19.67442],[-103.34088,19.68697],[-103.34289,19.68685],[-103.34778,19.69045],[-103.3498,19.68848],[-103.35179,19.69121],[-103.35325,19.69357],[-103.35129,19.69677],[-103.3548,19.69607],[-103.35558,19.69885],[-103.35251,19.70049],[-103.3536,19.70219],[-103.35245,19.70546],[-103.34752,19.70682],[-103.3555,19.71477],[-103.35405,19.72047],[-103.35621,19.72194],[-103.35437,19.72369],[-103.35656,19.72516],[-103.35472,19.73085],[-103.35197,19.73121],[-103.3517,19.7338],[-103.3489,19.73586],[-103.34937,19.73781],[-103.34723,19.73925],[-103.33995,19.74082],[-103.33906,19.73969],[-103.33741,19.7416],[-103.33518,19.74067],[-103.32898,19.74498],[-103.32726,19.74387],[-103.31838,19.74809],[-103.32097,19.75185],[-103.32476,19.75297],[-103.32852,19.752],[-103.33324,19.75365],[-103.33334,19.75168],[-103.33455,19.75376],[-103.34632,19.75465]]]}},{"type":"Feature","properties":{"cvegeo":"14119","nombre":"Zacoalco de Torres"},"geometry":{"type":"Polygon","coordinates":[[[-103.54029,20.35106],[-103.56716,20.34073],[-103.57947,20.34692],[-103.58021,20.34968],[-103.59148,20.34927],[-103.59066,20.33234],[-103.59377,20.33761],[-103.61299,20.33433],[-103.61299,20.34362],[-103.6153,20.34092],[-103.6205,20.32597],[-103.62513,20.31882],[-103.6582,20.33182],[-103.65753,20.32931],[-103.66072,20.33022],[-103.66101,20.33222],[-103.66306,20.33264],[-103.65909,20.32352],[-103.65931,20.3208],[-103.66376,20.32082],[-103.66532,20.31221],[-103.68227,20.31456],[-103.67614,20.29973],[-103.67833,20.29747],[-103.67669,20.29619],[-103.6766,20.29138],[-103.68316,20.28769],[-103.68609,20.29052],[-103.69792,20.28566],[-103.69949,20.28367],[-103.69859,20.27531],[-103.70463,20.27855],[-103.70896,20.27792],[-103.70957,20.27502],[-103.71479,20.27182],[-103.71011,20.26695],[-103.70652,20.25668],[-103.70837,20.25064],[-103.71693,20.24681],[-103.71792,20.24369],[-103.71887,20.24486],[-103.73125,20.24332],[-103.72705,20.24174],[-103.72815,20.234],[-103.72458,20.23829],[-103.72051,20.23698],[-103.71533,20.23076],[-103.70661,20.22449],[-103.70676,20.22671],[-103.70384,20.22673],[-103.69936,20.2316],[-103.68408,20.23272],[-103.68549,20.23715],[-103.68257,20.23679],[-103.6795,20.24066],[-103.67241,20.24124],[-103.66479,20.2394],[-103.66054,20.22923],[-103.66387,20.19811],[-103.65612,20.18658],[-103.65844,20.17967],[-103.65646,20.17105],[-103.65217,20.1711],[-103.64222,20.16724],[-103.63793,20.15749],[-103.63084,20.15517],[-103.62421,20.14838],[-103.62172,20.15041],[-103.617,20.15032],[-103.61241,20.15551],[-103.61055,20.15543],[-103.60718,20.15899],[-103.60526,20.15844],[-103.60373,20.156],[-103.60292,20.14645],[-103.59993,20.14024],[-103.59232,20.13489],[-103.58155,20.1317],[-103.57933,20.133],[-103.57909,20.13377],[-103.57922,20.13545],[-103.57605,20.1331],[-103.57257,20.13302],[-103.56458,20.14073],[-103.5676,20.14884],[-103.56046,20.14371],[-103.55824,20.13733],[-103.55556,20.13865],[-103.55593,20.14392],[-103.55391,20.1486],[-103.5485,20.14751],[-103.54461,20.14457],[-103.51573,20.14418],[-103.52308,20.13781],[-103.51897,20.1333],[-103.4682,20.11849],[-103.46489,20.11898],[-103.46258,20.12147],[-103.4611,20.12046],[-103.45815,20.12176],[-103.45848,20.12307],[-103.45328,20.12818],[-103.45453,20.13055],[-103.45047,20.1312],[-103.45015,20.13266],[-103.44518,20.13279],[-103.44504,20.13427],[-103.43868,20.137],[-103.43869,20.14106],[-103.44207,20.14114],[-103.44386,20.14476],[-103.44705,20.14534],[-103.44641,20.14751],[-103.44968,20.148],[-103.4492,20.15144],[-103.44792,20.15179],[-103.44885,20.15504],[-103.45092,20.155],[-103.45016,20.158],[-103.45227,20.16012],[-103.45129,20.1637],[-103.44933,20.16436],[-103.45253,20.17555],[-103.44654,20.18158],[-103.43946,20.18259],[-103.43639,20.19144],[-103.4448,20.21438],[-103.45878,20.22423],[-103.46001,20.22787],[-103.4621,20.22808],[-103.46367,20.23456],[-103.46585,20.23517],[-103.46757,20.23892],[-103.46961,20.24661],[-103.46643,20.25309],[-103.46186,20.25707],[-103.46054,20.26201],[-103.46227,20.26546],[-103.46041,20.26902],[-103.47597,20.27462],[-103.4801,20.27778],[-103.47831,20.28339],[-103.48447,20.29146],[-103.49979,20.29291],[-103.49823,20.29484],[-103.4989,20.29627],[-103.51137,20.30551],[-103.51654,20.32041],[-103.54029,20.35106]]]}},{"type":"Feature","properties":{"cvegeo":"14118","nombre":"Yahualica de González Gallo"},"geometry":{"type":"Polygon","coordinates":[[[-103.05276,21.26262],[-103.06305,21.25545],[-103.0655,21.25581],[-103.05699,21.24679],[-103.06812,21.23509],[-103.07417,21.21834],[-103.07753,21.21545],[-103.07709,21.21216],[-103.06924,21.20993],[-103.07204,21.20507],[-103.07464,21.20537],[-103.0788,21.20229],[-103.07906,21.19844],[-103.08103,21.19868],[-103.08431,21.19406],[-103.08359,21.18212],[-103.07865,21.17005],[-103.07547,21.16767],[-103.07738,21.16284],[-103.07138,21.15293],[-103.07812,21.14001],[-103.09117,21.13552],[-103.09862,21.13117],[-103.09528,21.12304],[-103.09198,21.12015],[-103.09174,21.11582],[-103.08959,21.11676],[-103.08503,21.11473],[-103.08461,21.11055],[-103.07365,21.10995],[-103.07702,21.10196],[-103.07541,21.10113],[-103.07579,21.09689],[-103.07385,21.09633],[-103.07231,21.09861],[-103.06629,21.09969],[-103.06521,21.10433],[-103.06322,21.10391],[-103.06327,21.10059],[-103.05832,21.09847],[-103.04621,21.10496],[-103.03845,21.09616],[-103.01802,21.10328],[-103.01326,21.10809],[-103.00151,21.10361],[-102.9966,21.09833],[-102.99457,21.09803],[-102.99391,21.0943],[-102.99054,21.09149],[-102.98212,21.08924],[-102.98088,21.0911],[-102.9779,21.09149],[-102.97439,21.08687],[-102.9641,21.08556],[-102.96096,21.07895],[-102.96318,21.07727],[-102.96508,21.0702],[-102.963,21.06127],[-102.96402,21.05761],[-102.95504,21.04936],[-102.95579,21.04533],[-102.95365,21.04204],[-102.95004,21.04132],[-102.94998,21.03953],[-102.9442,21.03902],[-102.94216,21.03526],[-102.93845,21.03557],[-102.93597,21.03214],[-102.92973,21.02853],[-102.92828,21.03046],[-102.93035,21.03156],[-102.92701,21.03099],[-102.92449,21.03241],[-102.92486,21.03066],[-102.92302,21.03127],[-102.92212,21.02672],[-102.91877,21.02398],[-102.91302,21.02441],[-102.9072,21.02197],[-102.90491,21.02296],[-102.90567,21.01637],[-102.90983,21.0103],[-102.90813,21.00687],[-102.89711,21.00423],[-102.89566,21.00215],[-102.89341,21.00232],[-102.89157,21.00699],[-102.88881,21.00629],[-102.88237,21.00967],[-102.87557,21.00998],[-102.87133,21.01422],[-102.86835,21.01363],[-102.85893,21.00262],[-102.85537,20.99425],[-102.84755,20.99047],[-102.84691,20.98462],[-102.84502,20.98351],[-102.83695,20.9856],[-102.83471,20.98757],[-102.83557,20.99353],[-102.83784,20.99626],[-102.83574,20.99973],[-102.82156,21.00636],[-102.80945,21.00987],[-102.80279,21.01437],[-102.80029,21.01906],[-102.79574,21.01897],[-102.79016,21.03242],[-102.79276,21.03275],[-102.79752,21.0272],[-102.80417,21.03028],[-102.81017,21.03023],[-102.81584,21.03491],[-102.81938,21.0346],[-102.8196,21.03712],[-102.81457,21.04046],[-102.81384,21.04339],[-102.8175,21.05276],[-102.82478,21.0597],[-102.82325,21.06171],[-102.81759,21.06283],[-102.81405,21.06553],[-102.82092,21.0782],[-102.81868,21.08426],[-102.81816,21.09692],[-102.82282,21.10193],[-102.81766,21.1112],[-102.80592,21.1258],[-102.80125,21.12913],[-102.79946,21.13567],[-102.80183,21.13818],[-102.80699,21.13699],[-102.81251,21.13974],[-102.81383,21.14302],[-102.81615,21.14412],[-102.81823,21.15012],[-102.8212,21.1516],[-102.82098,21.15446],[-102.81837,21.15806],[-102.80983,21.16294],[-102.80816,21.16743],[-102.80536,21.16945],[-102.80944,21.1741],[-102.80991,21.17106],[-102.81224,21.17151],[-102.81426,21.18182],[-102.81683,21.18334],[-102.81746,21.18692],[-102.82058,21.18804],[-102.82113,21.19517],[-102.81812,21.1961],[-102.81802,21.19756],[-102.82214,21.20126],[-102.82486,21.20139],[-102.82504,21.20705],[-102.83071,21.20913],[-102.8331,21.22185],[-102.83716,21.22302],[-102.83973,21.22697],[-102.8491,21.22261],[-102.8506,21.22571],[-102.84746,21.22721],[-102.84621,21.23181],[-102.848,21.23208],[-102.84838,21.22909],[-102.85813,21.23136],[-102.85853,21.23426],[-102.85333,21.23456],[-102.86046,21.24152],[-102.86173,21.2527],[-102.86501,21.2525],[-102.8668,21.25478],[-102.86801,21.25283],[-102.86851,21.25494],[-102.87286,21.25516],[-102.87348,21.25287],[-102.87135,21.24728],[-102.87473,21.24267],[-102.87657,21.23663],[-102.88082,21.23798],[-102.88022,21.23942],[-102.88366,21.24181],[-102.88312,21.23873],[-102.88505,21.2384],[-102.88644,21.23543],[-102.89181,21.23758],[-102.89108,21.23468],[-102.89254,21.23325],[-102.89797,21.23737],[-102.90184,21.23643],[-102.90369,21.23375],[-102.90216,21.2283],[-102.90397,21.22743],[-102.90424,21.22482],[-102.90568,21.22505],[-102.90532,21.22346],[-102.90841,21.22306],[-102.90977,21.22064],[-102.9083,21.21957],[-102.91039,21.21125],[-102.90915,21.2074],[-102.91065,21.20523],[-102.92146,21.20999],[-102.94781,21.2146],[-102.94964,21.22683],[-102.9463,21.23026],[-102.94878,21.2336],[-102.94629,21.23444],[-102.95186,21.23408],[-102.95034,21.23297],[-102.9519,21.23164],[-102.95441,21.23403],[-102.9591,21.23362],[-102.95918,21.23523],[-102.9636,21.23521],[-102.96549,21.23776],[-102.9645,21.2401],[-102.96707,21.23984],[-102.96804,21.24173],[-102.97579,21.23922],[-102.97905,21.23973],[-102.97934,21.24647],[-102.98678,21.24941],[-102.9895,21.25668],[-102.99146,21.25541],[-102.99526,21.25909],[-103.00085,21.25932],[-103.01071,21.25579],[-103.01163,21.24563],[-103.01701,21.24105],[-103.0265,21.24212],[-103.02724,21.24579],[-103.03008,21.24826],[-103.02977,21.25107],[-103.03888,21.24964],[-103.04006,21.24796],[-103.04073,21.2497],[-103.04588,21.24943],[-103.04593,21.25394],[-103.04774,21.25559],[-103.04341,21.26035],[-103.04417,21.26212],[-103.05276,21.26262]]]}},{"type":"Feature","properties":{"cvegeo":"14117","nombre":"Cañadas de Obregón"},"geometry":{"type":"Polygon","coordinates":[[[-102.61065,21.26565],[-102.61987,21.26518],[-102.61989,21.25906],[-102.62295,21.25631],[-102.63332,21.25747],[-102.63364,21.25023],[-102.63561,21.24719],[-102.647,21.24755],[-102.65185,21.25107],[-102.65535,21.2507],[-102.65689,21.23495],[-102.65083,21.23039],[-102.65088,21.22255],[-102.64462,21.21546],[-102.64535,21.2129],[-102.65008,21.21289],[-102.6513,21.21584],[-102.65535,21.21886],[-102.65959,21.2174],[-102.66522,21.21787],[-102.67089,21.21073],[-102.67741,21.20732],[-102.68362,21.19885],[-102.6906,21.19542],[-102.69167,21.19087],[-102.69365,21.18946],[-102.70068,21.19162],[-102.70174,21.19336],[-102.70142,21.19542],[-102.69357,21.20073],[-102.69331,21.20357],[-102.69547,21.20741],[-102.70476,21.21088],[-102.71143,21.21624],[-102.71833,21.21641],[-102.72051,21.21931],[-102.72051,21.22361],[-102.72279,21.22443],[-102.72675,21.21447],[-102.72569,21.21221],[-102.71702,21.20667],[-102.71608,21.20251],[-102.71812,21.19885],[-102.73373,21.19211],[-102.7364,21.19288],[-102.74369,21.20091],[-102.74596,21.20161],[-102.74786,21.19813],[-102.74713,21.19083],[-102.75027,21.18792],[-102.75258,21.18883],[-102.75225,21.19232],[-102.7606,21.19917],[-102.77467,21.19739],[-102.77649,21.19551],[-102.77644,21.19266],[-102.77459,21.19051],[-102.76883,21.18942],[-102.76987,21.18464],[-102.77666,21.18372],[-102.78411,21.18523],[-102.78639,21.17307],[-102.7918,21.16977],[-102.79635,21.17265],[-102.80536,21.16945],[-102.80816,21.16743],[-102.80983,21.16294],[-102.81874,21.15774],[-102.8212,21.1516],[-102.81823,21.15012],[-102.81615,21.14412],[-102.81383,21.14302],[-102.81279,21.14004],[-102.80847,21.13724],[-102.80183,21.13818],[-102.79946,21.13567],[-102.80125,21.12913],[-102.80592,21.1258],[-102.81766,21.1112],[-102.82282,21.10193],[-102.81816,21.09692],[-102.81868,21.08426],[-102.821,21.07879],[-102.81659,21.06947],[-102.81377,21.06915],[-102.80874,21.07164],[-102.8008,21.07105],[-102.80073,21.07274],[-102.79604,21.07249],[-102.79674,21.07001],[-102.79409,21.07244],[-102.7937,21.0717],[-102.79434,21.07063],[-102.79192,21.07003],[-102.7846,21.07417],[-102.7816,21.07942],[-102.78013,21.07027],[-102.77729,21.07008],[-102.77183,21.07977],[-102.77225,21.08489],[-102.76748,21.08799],[-102.76668,21.09259],[-102.76342,21.09594],[-102.76342,21.10001],[-102.75925,21.10029],[-102.75604,21.10387],[-102.75477,21.10407],[-102.75374,21.09969],[-102.7508,21.10094],[-102.74537,21.09822],[-102.7404,21.09981],[-102.73862,21.10218],[-102.73617,21.10215],[-102.73869,21.10118],[-102.73762,21.10067],[-102.74098,21.09516],[-102.74573,21.09211],[-102.74436,21.0898],[-102.73956,21.08911],[-102.73933,21.08548],[-102.73333,21.08586],[-102.73142,21.08227],[-102.72943,21.08174],[-102.72283,21.08334],[-102.70643,21.10252],[-102.70683,21.10433],[-102.70218,21.103],[-102.70662,21.10144],[-102.70262,21.09261],[-102.69734,21.09179],[-102.69196,21.09457],[-102.68927,21.09227],[-102.68612,21.09809],[-102.68499,21.1125],[-102.68206,21.11557],[-102.68187,21.11852],[-102.67891,21.11982],[-102.67358,21.11437],[-102.66718,21.11592],[-102.6634,21.12149],[-102.65749,21.12523],[-102.65612,21.12954],[-102.64999,21.1323],[-102.64979,21.13617],[-102.6479,21.13544],[-102.64807,21.13369],[-102.64571,21.13332],[-102.6456,21.12831],[-102.64347,21.1281],[-102.6443,21.12937],[-102.64037,21.12818],[-102.64167,21.12634],[-102.6398,21.12157],[-102.64122,21.12018],[-102.6387,21.1172],[-102.63558,21.11707],[-102.63505,21.12272],[-102.63718,21.1262],[-102.63041,21.12306],[-102.62866,21.13279],[-102.63142,21.13343],[-102.63658,21.13974],[-102.63811,21.13941],[-102.63821,21.14123],[-102.63399,21.13971],[-102.6297,21.14188],[-102.6128,21.14228],[-102.60994,21.14017],[-102.61208,21.13904],[-102.60966,21.13638],[-102.60813,21.13663],[-102.60853,21.13544],[-102.60371,21.1365],[-102.59815,21.13263],[-102.59278,21.13259],[-102.58941,21.13513],[-102.58326,21.13462],[-102.57813,21.13814],[-102.57818,21.13989],[-102.57497,21.14289],[-102.57793,21.1435],[-102.57735,21.14537],[-102.57483,21.14637],[-102.57265,21.14492],[-102.57024,21.14691],[-102.57304,21.15249],[-102.57566,21.15272],[-102.57642,21.15501],[-102.57922,21.15503],[-102.5764,21.15798],[-102.57702,21.15897],[-102.58411,21.1585],[-102.58461,21.16043],[-102.59031,21.15241],[-102.59654,21.14918],[-102.6026,21.14976],[-102.60881,21.1527],[-102.60916,21.15752],[-102.60789,21.15891],[-102.60932,21.16196],[-102.60746,21.16347],[-102.60762,21.16725],[-102.60541,21.16796],[-102.60627,21.16951],[-102.60478,21.16976],[-102.60466,21.17209],[-102.60636,21.17486],[-102.61133,21.17296],[-102.6143,21.17612],[-102.61443,21.17835],[-102.61212,21.1803],[-102.61772,21.18211],[-102.61607,21.1828],[-102.61429,21.18823],[-102.61796,21.18896],[-102.6177,21.19478],[-102.62196,21.19733],[-102.61872,21.20066],[-102.62358,21.20057],[-102.62502,21.20311],[-102.6216,21.20567],[-102.6171,21.20385],[-102.61472,21.20491],[-102.61418,21.20753],[-102.61152,21.20734],[-102.60816,21.20975],[-102.60852,21.21293],[-102.60246,21.22001],[-102.5986,21.21779],[-102.59574,21.21953],[-102.59493,21.22289],[-102.59298,21.22334],[-102.59224,21.21953],[-102.59401,21.21661],[-102.5929,21.21602],[-102.58943,21.22066],[-102.5828,21.2199],[-102.58081,21.22322],[-102.57936,21.22305],[-102.57518,21.23553],[-102.58211,21.24282],[-102.58114,21.24691],[-102.57809,21.24645],[-102.57588,21.25089],[-102.573,21.25092],[-102.57317,21.25872],[-102.57474,21.25983],[-102.57812,21.25699],[-102.58429,21.25708],[-102.59268,21.25956],[-102.59606,21.25471],[-102.59779,21.25706],[-102.6026,21.25789],[-102.61065,21.26565]]]}},{"type":"Feature","properties":{"cvegeo":"14116","nombre":"Villa Hidalgo"},"geometry":{"type":"Polygon","coordinates":[[[-102.63234,21.76687],[-102.64109,21.76411],[-102.64354,21.76188],[-102.65092,21.76542],[-102.65958,21.76238],[-102.66592,21.76473],[-102.66893,21.76405],[-102.67186,21.76193],[-102.67525,21.75556],[-102.67877,21.75317],[-102.69067,21.75244],[-102.69231,21.74659],[-102.69732,21.74151],[-102.69743,21.73456],[-102.69533,21.73255],[-102.69626,21.72877],[-102.71402,21.7301],[-102.71561,21.73409],[-102.71765,21.73313],[-102.71975,21.72882],[-102.71881,21.727],[-102.72025,21.72161],[-102.7228,21.71911],[-102.73732,21.71561],[-102.74163,21.721],[-102.74411,21.71918],[-102.7453,21.72005],[-102.74767,21.71598],[-102.74388,21.71254],[-102.74431,21.71012],[-102.74674,21.70869],[-102.7466,21.70605],[-102.74423,21.69878],[-102.73964,21.69414],[-102.74314,21.68521],[-102.74515,21.68376],[-102.74687,21.675],[-102.7436,21.66322],[-102.74394,21.66164],[-102.74625,21.66139],[-102.74593,21.657],[-102.74397,21.65709],[-102.74719,21.65341],[-102.74582,21.64675],[-102.74186,21.65328],[-102.73844,21.65204],[-102.73725,21.65519],[-102.7324,21.65474],[-102.731,21.65181],[-102.72807,21.65083],[-102.72734,21.64612],[-102.72199,21.64384],[-102.71821,21.64689],[-102.71426,21.65361],[-102.7082,21.65339],[-102.70559,21.65041],[-102.70484,21.6452],[-102.70052,21.64023],[-102.69862,21.64018],[-102.69128,21.62758],[-102.67758,21.61753],[-102.67141,21.61536],[-102.66447,21.609],[-102.66017,21.6087],[-102.65789,21.61107],[-102.65183,21.61256],[-102.64646,21.61117],[-102.64601,21.60864],[-102.64204,21.60783],[-102.63866,21.60996],[-102.63784,21.6084],[-102.63984,21.60404],[-102.63738,21.59739],[-102.63504,21.59629],[-102.6281,21.58521],[-102.62875,21.58072],[-102.62701,21.57922],[-102.61925,21.57823],[-102.61599,21.5723],[-102.61331,21.57286],[-102.61227,21.57049],[-102.60853,21.56855],[-102.60188,21.56798],[-102.59822,21.56953],[-102.59461,21.56323],[-102.59605,21.55852],[-102.59242,21.56049],[-102.5898,21.56733],[-102.58365,21.56587],[-102.58095,21.57],[-102.57792,21.57065],[-102.57951,21.58019],[-102.57254,21.58062],[-102.56758,21.5764],[-102.5617,21.57415],[-102.56005,21.57242],[-102.55979,21.56744],[-102.55753,21.56588],[-102.5512,21.57585],[-102.54652,21.57553],[-102.54638,21.57063],[-102.53627,21.57821],[-102.52508,21.57939],[-102.52286,21.58329],[-102.51594,21.58433],[-102.50588,21.59585],[-102.50033,21.59759],[-102.49889,21.60026],[-102.49643,21.59997],[-102.49608,21.6034],[-102.49391,21.60401],[-102.49339,21.60592],[-102.48993,21.60505],[-102.48602,21.6066],[-102.48412,21.60929],[-102.48198,21.60912],[-102.4725,21.62022],[-102.46865,21.62037],[-102.45735,21.62731],[-102.44977,21.62784],[-102.44353,21.63378],[-102.43808,21.63417],[-102.43656,21.63955],[-102.44164,21.64218],[-102.44323,21.64971],[-102.42672,21.65956],[-102.41963,21.66941],[-102.42501,21.67175],[-102.44145,21.67342],[-102.45121,21.68196],[-102.45392,21.68102],[-102.45245,21.67838],[-102.46107,21.67926],[-102.45446,21.68247],[-102.45467,21.68523],[-102.45213,21.68691],[-102.4546,21.68948],[-102.45686,21.69809],[-102.46836,21.6979],[-102.47576,21.69495],[-102.47652,21.70208],[-102.54245,21.7326],[-102.54098,21.73558],[-102.54895,21.73859],[-102.55249,21.74265],[-102.56742,21.74459],[-102.57482,21.74229],[-102.59628,21.74405],[-102.59677,21.75498],[-102.60121,21.75577],[-102.60631,21.75106],[-102.61349,21.75504],[-102.61812,21.75565],[-102.63234,21.76687]]]}},{"type":"Feature","properties":{"cvegeo":"14093","nombre":"Tepatitlán de Morelos"},"geometry":{"type":"Polygon","coordinates":[[[-102.7639,21.04251],[-102.76749,21.03785],[-102.76693,21.0355],[-102.7712,21.03608],[-102.77329,21.03025],[-102.78001,21.02598],[-102.7815,21.028],[-102.78657,21.02759],[-102.78666,21.03062],[-102.79025,21.03156],[-102.79554,21.01918],[-102.80029,21.01906],[-102.8051,21.0122],[-102.83574,20.99973],[-102.83784,20.99626],[-102.83557,20.99353],[-102.83471,20.98757],[-102.8411,20.98409],[-102.84649,20.98403],[-102.84719,20.98994],[-102.85537,20.99425],[-102.85893,21.00262],[-102.86165,21.00438],[-102.8637,21.00871],[-102.86905,21.01401],[-102.87267,21.01333],[-102.87594,21.00943],[-102.87819,21.00104],[-102.88466,20.99751],[-102.88712,20.99418],[-102.88672,20.98944],[-102.89327,20.98691],[-102.89699,20.97862],[-102.90352,20.97743],[-102.9059,20.97544],[-102.90521,20.97343],[-102.90165,20.97155],[-102.90189,20.96507],[-102.90705,20.96102],[-102.90415,20.95377],[-102.90585,20.94766],[-102.91264,20.93691],[-102.91701,20.93376],[-102.92413,20.93437],[-102.92757,20.93308],[-102.9318,20.92177],[-102.93832,20.91465],[-102.94375,20.90476],[-102.94321,20.89727],[-102.93509,20.89495],[-102.93297,20.89259],[-102.93586,20.88852],[-102.94071,20.88604],[-102.94268,20.8721],[-102.93623,20.86601],[-102.92244,20.86062],[-102.9204,20.85721],[-102.92031,20.85326],[-102.91319,20.85068],[-102.90729,20.85297],[-102.90156,20.85125],[-102.89719,20.8519],[-102.88913,20.85569],[-102.88366,20.8625],[-102.8732,20.86936],[-102.87204,20.87382],[-102.8661,20.87146],[-102.86165,20.87441],[-102.85176,20.86968],[-102.84255,20.85787],[-102.84245,20.85213],[-102.82575,20.84647],[-102.82986,20.83391],[-102.82747,20.83017],[-102.82304,20.82759],[-102.82204,20.83039],[-102.81466,20.82983],[-102.81245,20.83353],[-102.80974,20.83237],[-102.80915,20.83023],[-102.80955,20.8262],[-102.81371,20.82277],[-102.81289,20.82062],[-102.81471,20.81919],[-102.81314,20.81388],[-102.80972,20.8137],[-102.81188,20.81054],[-102.80907,20.80873],[-102.8095,20.80522],[-102.8064,20.80354],[-102.80512,20.7971],[-102.80652,20.79451],[-102.8047,20.79318],[-102.81466,20.79102],[-102.81604,20.78937],[-102.80919,20.78624],[-102.80449,20.78],[-102.81048,20.77965],[-102.80944,20.77764],[-102.81403,20.77815],[-102.8122,20.77044],[-102.81642,20.76568],[-102.81177,20.75669],[-102.81279,20.74997],[-102.81886,20.75014],[-102.81874,20.74625],[-102.82239,20.73664],[-102.82245,20.73119],[-102.82039,20.72856],[-102.82178,20.72542],[-102.82555,20.72412],[-102.82349,20.72366],[-102.82199,20.72031],[-102.81606,20.7185],[-102.81424,20.71947],[-102.81495,20.71612],[-102.81367,20.71429],[-102.81628,20.71222],[-102.8153,20.71002],[-102.8172,20.70812],[-102.81664,20.70612],[-102.82362,20.70373],[-102.83315,20.70644],[-102.83424,20.70276],[-102.83659,20.70348],[-102.83987,20.7012],[-102.84796,20.70254],[-102.8509,20.70125],[-102.85571,20.70314],[-102.85836,20.70129],[-102.8641,20.70183],[-102.86707,20.6988],[-102.87219,20.70052],[-102.87319,20.69926],[-102.8796,20.70002],[-102.8841,20.69789],[-102.88354,20.69475],[-102.88547,20.69348],[-102.89018,20.69448],[-102.89391,20.69277],[-102.89575,20.69378],[-102.89747,20.69257],[-102.90878,20.69272],[-102.90414,20.68937],[-102.90346,20.68607],[-102.90128,20.68607],[-102.90126,20.68326],[-102.89719,20.68054],[-102.89646,20.67504],[-102.90243,20.67206],[-102.90687,20.66198],[-102.89869,20.65729],[-102.89768,20.65488],[-102.89442,20.65456],[-102.89345,20.64447],[-102.9012,20.64725],[-102.90265,20.64426],[-102.9152,20.645],[-102.91653,20.62914],[-102.91861,20.62839],[-102.9206,20.61932],[-102.91733,20.61979],[-102.91656,20.6161],[-102.91229,20.61592],[-102.91053,20.61323],[-102.88602,20.6101],[-102.88765,20.60508],[-102.89237,20.60177],[-102.89293,20.59873],[-102.89972,20.59232],[-102.89252,20.59196],[-102.88959,20.59436],[-102.86713,20.5984],[-102.85528,20.60327],[-102.8363,20.60324],[-102.82669,20.6066],[-102.81956,20.61441],[-102.81841,20.6209],[-102.82108,20.62842],[-102.8204,20.63394],[-102.81737,20.63338],[-102.81478,20.6362],[-102.81303,20.63569],[-102.81405,20.63421],[-102.80939,20.63246],[-102.80693,20.62877],[-102.80328,20.62677],[-102.80289,20.62398],[-102.7969,20.62274],[-102.79603,20.62095],[-102.7808,20.62345],[-102.77969,20.62179],[-102.77482,20.62218],[-102.76945,20.6171],[-102.76067,20.61354],[-102.7601,20.61076],[-102.75821,20.61348],[-102.74627,20.61328],[-102.74573,20.61459],[-102.74326,20.61221],[-102.74325,20.61423],[-102.73261,20.62793],[-102.73519,20.63109],[-102.73604,20.6359],[-102.71838,20.64942],[-102.7125,20.6482],[-102.70795,20.64943],[-102.70833,20.64461],[-102.71314,20.63747],[-102.7085,20.63348],[-102.7104,20.63122],[-102.70608,20.62871],[-102.70627,20.62745],[-102.70926,20.62432],[-102.72115,20.6251],[-102.723,20.62268],[-102.73011,20.62062],[-102.72856,20.61276],[-102.71472,20.61746],[-102.70343,20.61774],[-102.70272,20.62167],[-102.7004,20.62173],[-102.70058,20.62004],[-102.69852,20.61966],[-102.69906,20.62553],[-102.69131,20.62827],[-102.68625,20.62397],[-102.68456,20.62038],[-102.67895,20.6212],[-102.66567,20.61306],[-102.66237,20.61365],[-102.65378,20.60642],[-102.65165,20.60792],[-102.64907,20.60722],[-102.646,20.61045],[-102.6392,20.61261],[-102.63227,20.61026],[-102.63,20.61474],[-102.62521,20.61877],[-102.61758,20.62142],[-102.61374,20.61906],[-102.6124,20.62284],[-102.60894,20.62214],[-102.60819,20.62788],[-102.60107,20.62862],[-102.60365,20.63989],[-102.60181,20.64185],[-102.59707,20.6431],[-102.59447,20.64729],[-102.59156,20.64693],[-102.59132,20.64935],[-102.58819,20.65137],[-102.58564,20.65047],[-102.57932,20.65292],[-102.57936,20.65629],[-102.57103,20.65797],[-102.56946,20.65792],[-102.56777,20.63747],[-102.55905,20.63724],[-102.55798,20.64664],[-102.55615,20.647],[-102.55518,20.64992],[-102.55609,20.65823],[-102.55258,20.65969],[-102.55228,20.66191],[-102.54464,20.66442],[-102.5445,20.66629],[-102.54806,20.66889],[-102.54973,20.67585],[-102.546,20.68019],[-102.5449,20.68648],[-102.55011,20.68587],[-102.54816,20.68816],[-102.54856,20.6958],[-102.54351,20.70326],[-102.5588,20.71933],[-102.58033,20.73099],[-102.59004,20.76013],[-102.58994,20.78262],[-102.58634,20.78384],[-102.58566,20.78878],[-102.58217,20.78832],[-102.58149,20.7945],[-102.57501,20.79347],[-102.57337,20.79986],[-102.57494,20.8031],[-102.56936,20.80487],[-102.56862,20.809],[-102.56337,20.80848],[-102.56317,20.81038],[-102.56073,20.8102],[-102.56052,20.8122],[-102.55541,20.81181],[-102.55563,20.81008],[-102.55315,20.80997],[-102.53143,20.82522],[-102.53336,20.83478],[-102.52976,20.8372],[-102.50763,20.84357],[-102.50488,20.85983],[-102.49211,20.85815],[-102.48285,20.86544],[-102.48883,20.8675],[-102.49368,20.87656],[-102.49308,20.87929],[-102.49497,20.88154],[-102.49218,20.88565],[-102.49368,20.88841],[-102.49164,20.89346],[-102.49515,20.89946],[-102.49331,20.90291],[-102.49334,20.90801],[-102.49911,20.91241],[-102.49737,20.91378],[-102.50425,20.91586],[-102.50453,20.91804],[-102.5089,20.9203],[-102.51128,20.91886],[-102.52087,20.92076],[-102.5234,20.91968],[-102.52447,20.92506],[-102.52708,20.92734],[-102.53175,20.93006],[-102.53356,20.92936],[-102.53489,20.9313],[-102.54152,20.92988],[-102.54442,20.93243],[-102.54236,20.93247],[-102.54569,20.93311],[-102.54696,20.93847],[-102.55611,20.94026],[-102.55653,20.94471],[-102.56215,20.95014],[-102.56356,20.95417],[-102.56267,20.95574],[-102.56785,20.96059],[-102.56583,20.96257],[-102.56472,20.97124],[-102.56861,20.97223],[-102.5733,20.96959],[-102.58002,20.96067],[-102.5797,20.95916],[-102.58185,20.9587],[-102.58023,20.95857],[-102.57954,20.95416],[-102.583,20.95345],[-102.58312,20.95097],[-102.59104,20.94896],[-102.59808,20.95063],[-102.60355,20.94848],[-102.60604,20.94468],[-102.61157,20.94511],[-102.616,20.94241],[-102.63023,20.94372],[-102.63767,20.94761],[-102.64433,20.94761],[-102.64356,20.95246],[-102.64872,20.95468],[-102.64957,20.95842],[-102.65681,20.96023],[-102.64371,20.97326],[-102.6463,20.97505],[-102.64836,20.98157],[-102.65209,20.98185],[-102.65237,20.9769],[-102.65899,20.97665],[-102.65831,20.97356],[-102.66087,20.96978],[-102.66395,20.96651],[-102.666,20.96711],[-102.66691,20.96354],[-102.66993,20.96233],[-102.68706,20.98007],[-102.6868,20.98147],[-102.69022,20.9819],[-102.69006,20.98605],[-102.68649,20.98851],[-102.68862,20.99135],[-102.68747,20.99186],[-102.68868,20.99891],[-102.68628,21.00019],[-102.68584,21.00354],[-102.69571,21.00603],[-102.72622,21.00291],[-102.72284,21.00859],[-102.72698,21.01473],[-102.72788,21.01898],[-102.72993,21.0193],[-102.73053,21.02421],[-102.72504,21.03372],[-102.72903,21.03588],[-102.7314,21.03948],[-102.73458,21.03731],[-102.73776,21.03151],[-102.74336,21.03615],[-102.7582,21.03158],[-102.76278,21.03598],[-102.76077,21.04025],[-102.7639,21.04251]]]}},{"type":"Feature","properties":{"cvegeo":"14099","nombre":"Tolimán"},"geometry":{"type":"Polygon","coordinates":[[[-103.918,19.65805],[-103.92767,19.65561],[-103.93316,19.65547],[-103.93552,19.65686],[-103.94069,19.65577],[-103.93868,19.6535],[-103.93841,19.65],[-103.93195,19.64932],[-103.93085,19.64657],[-103.92825,19.64693],[-103.92755,19.64188],[-103.93446,19.63756],[-103.93927,19.63981],[-103.94748,19.63621],[-103.95055,19.63886],[-103.95877,19.63311],[-103.96646,19.62509],[-103.96946,19.62481],[-103.96906,19.6229],[-103.9713,19.61972],[-103.97022,19.61783],[-103.97356,19.61581],[-103.97227,19.61284],[-103.96396,19.61133],[-103.9647,19.60388],[-103.96648,19.602],[-103.99935,19.59499],[-104.01393,19.58439],[-104.01943,19.5935],[-104.01884,19.60075],[-104.03621,19.59719],[-104.03952,19.60169],[-104.0461,19.60253],[-104.04912,19.60558],[-104.05486,19.60545],[-104.06648,19.61191],[-104.07089,19.60793],[-104.07465,19.60044],[-104.08258,19.6008],[-104.08665,19.59858],[-104.09773,19.58619],[-104.10499,19.5842],[-104.10639,19.57952],[-104.10526,19.57111],[-104.10687,19.56887],[-104.10562,19.56052],[-104.09501,19.54685],[-104.08737,19.54494],[-104.08204,19.54172],[-104.08517,19.5401],[-104.08803,19.53316],[-104.09164,19.53158],[-104.09132,19.52917],[-104.08777,19.52654],[-104.08014,19.52556],[-104.07737,19.52285],[-104.077,19.51025],[-104.07459,19.50674],[-104.07657,19.50365],[-104.07566,19.50214],[-104.07768,19.49351],[-104.07152,19.48355],[-104.06898,19.4843],[-104.06173,19.4977],[-104.05176,19.4976],[-104.03914,19.48466],[-104.00565,19.47228],[-104.00005,19.46883],[-103.99767,19.47163],[-103.98816,19.47116],[-103.9871,19.4743],[-103.97401,19.47455],[-103.97129,19.46263],[-103.9648,19.45416],[-103.93086,19.44548],[-103.89952,19.43455],[-103.89763,19.43628],[-103.89796,19.4386],[-103.90877,19.45363],[-103.89732,19.46143],[-103.88933,19.4636],[-103.88326,19.45604],[-103.87942,19.44449],[-103.87556,19.44322],[-103.87266,19.44556],[-103.86929,19.44492],[-103.86375,19.44738],[-103.85821,19.43713],[-103.85933,19.43494],[-103.85827,19.43212],[-103.85273,19.43126],[-103.84664,19.4337],[-103.841,19.43823],[-103.83452,19.43984],[-103.83827,19.44545],[-103.83058,19.46105],[-103.83128,19.46806],[-103.82993,19.47262],[-103.83171,19.47482],[-103.82964,19.47959],[-103.83868,19.4832],[-103.84238,19.48808],[-103.84756,19.491],[-103.84773,19.50042],[-103.85159,19.50138],[-103.85476,19.50468],[-103.85693,19.50395],[-103.85862,19.50084],[-103.85843,19.49463],[-103.8555,19.49133],[-103.85675,19.48822],[-103.85876,19.4873],[-103.86498,19.48975],[-103.86789,19.49762],[-103.86305,19.49962],[-103.8629,19.50155],[-103.8735,19.50534],[-103.88006,19.50567],[-103.88128,19.5158],[-103.88735,19.52599],[-103.89036,19.52793],[-103.89204,19.53601],[-103.89492,19.54133],[-103.89199,19.54263],[-103.88657,19.54186],[-103.88215,19.5373],[-103.87585,19.54258],[-103.86689,19.54217],[-103.86064,19.54377],[-103.86066,19.54512],[-103.86752,19.5451],[-103.86774,19.54671],[-103.83587,19.56373],[-103.83042,19.56228],[-103.81714,19.56402],[-103.78715,19.56399],[-103.75424,19.56938],[-103.75728,19.5793],[-103.75881,19.58128],[-103.75978,19.58063],[-103.76213,19.58517],[-103.75867,19.5865],[-103.75932,19.58984],[-103.75574,19.58867],[-103.75497,19.58685],[-103.75218,19.59238],[-103.74483,19.59008],[-103.72353,19.58877],[-103.71852,19.58674],[-103.7129,19.58934],[-103.71344,19.59092],[-103.70976,19.58932],[-103.69963,19.59047],[-103.69872,19.59458],[-103.7048,19.60005],[-103.70846,19.60106],[-103.70511,19.60251],[-103.71248,19.60393],[-103.71671,19.60315],[-103.72323,19.60655],[-103.72966,19.60607],[-103.73386,19.60818],[-103.74791,19.61013],[-103.75204,19.61215],[-103.75368,19.61497],[-103.75892,19.61686],[-103.76173,19.62187],[-103.77059,19.62541],[-103.77784,19.62354],[-103.78104,19.62002],[-103.78638,19.61805],[-103.7969,19.61904],[-103.80869,19.61091],[-103.81666,19.60994],[-103.81771,19.61458],[-103.81542,19.61462],[-103.81273,19.62073],[-103.82045,19.61667],[-103.82542,19.6169],[-103.82743,19.61556],[-103.82897,19.6169],[-103.82777,19.61983],[-103.82534,19.61894],[-103.82431,19.62081],[-103.82923,19.62113],[-103.82752,19.63444],[-103.82864,19.63748],[-103.82698,19.63716],[-103.82696,19.64057],[-103.8272,19.64384],[-103.83073,19.64311],[-103.83068,19.64604],[-103.83731,19.64277],[-103.84746,19.64216],[-103.84915,19.64721],[-103.8484,19.65413],[-103.85856,19.65234],[-103.86252,19.65374],[-103.85933,19.65543],[-103.86333,19.6575],[-103.86377,19.65516],[-103.86836,19.65607],[-103.86792,19.65377],[-103.87353,19.65207],[-103.87386,19.65798],[-103.88837,19.65566],[-103.89885,19.657],[-103.90515,19.65589],[-103.918,19.65805]]]}},{"type":"Feature","properties":{"cvegeo":"14100","nombre":"Tomatlán"},"geometry":{"type":"Polygon","coordinates":[[[-105.45097,20.2327],[-105.45307,20.23147],[-105.46253,20.23186],[-105.46272,20.21682],[-105.46509,20.21436],[-105.46734,20.21611],[-105.47147,20.21239],[-105.46935,20.21008],[-105.47199,20.21034],[-105.47518,20.20337],[-105.48934,20.20147],[-105.49034,20.19671],[-105.49713,20.19693],[-105.49696,20.19363],[-105.51379,20.18803],[-105.51482,20.18388],[-105.51615,20.18536],[-105.52117,20.18569],[-105.53107,20.18166],[-105.539,20.18126],[-105.54197,20.18257],[-105.54321,20.18135],[-105.54845,20.16963],[-105.54823,20.13669],[-105.54533,20.1113],[-105.546,20.10211],[-105.54707,20.09933],[-105.54927,20.09897],[-105.54999,20.09452],[-105.54626,20.09168],[-105.51039,20.02062],[-105.49235,19.99112],[-105.4117,19.8831],[-105.38912,19.85605],[-105.35828,19.82272],[-105.34464,19.80491],[-105.33114,19.78106],[-105.32789,19.77111],[-105.33034,19.76636],[-105.31901,19.75823],[-105.30354,19.74219],[-105.29203,19.72562],[-105.29124,19.72008],[-105.27692,19.71011],[-105.26565,19.69844],[-105.25954,19.68603],[-105.26059,19.68124],[-105.2637,19.68135],[-105.26468,19.67917],[-105.26135,19.67894],[-105.25303,19.67318],[-105.2203,19.64569],[-105.20869,19.64444],[-105.20473,19.64254],[-105.20207,19.64336],[-105.19961,19.6472],[-105.19433,19.64841],[-105.19131,19.64456],[-105.1882,19.64431],[-105.18099,19.65448],[-105.17963,19.66125],[-105.17575,19.66166],[-105.17239,19.65807],[-105.16694,19.66167],[-105.15755,19.66242],[-105.1564,19.66468],[-105.15745,19.67966],[-105.15506,19.68465],[-105.16212,19.6921],[-105.14793,19.69702],[-105.14482,19.7001],[-105.1443,19.70134],[-105.14717,19.70454],[-105.15371,19.70603],[-105.14098,19.71566],[-105.14021,19.71759],[-105.14206,19.72079],[-105.14044,19.72066],[-105.13721,19.72621],[-105.13117,19.72766],[-105.12449,19.72655],[-105.1142,19.7187],[-105.10425,19.71956],[-105.0954,19.72503],[-105.0911,19.73225],[-105.08673,19.73537],[-105.08033,19.73239],[-105.0722,19.73721],[-105.06787,19.73759],[-105.0596,19.74749],[-105.05302,19.74675],[-105.04703,19.75056],[-105.04679,19.75364],[-105.04376,19.75773],[-105.03385,19.75852],[-105.02542,19.76371],[-105.02408,19.77221],[-105.02644,19.77992],[-105.02365,19.78376],[-105.02488,19.78563],[-105.01803,19.79023],[-105.01237,19.78807],[-105.01162,19.79043],[-105.00869,19.79194],[-105.00799,19.79401],[-105.00991,19.79822],[-105.00565,19.80128],[-105.00306,19.81245],[-104.9994,19.81682],[-105.00117,19.82221],[-105.00473,19.82524],[-105.00241,19.82859],[-104.99631,19.82817],[-104.99133,19.83199],[-104.98991,19.83828],[-104.99124,19.84251],[-104.97947,19.84992],[-104.98204,19.85346],[-104.98138,19.85815],[-104.98368,19.86752],[-104.98895,19.86708],[-104.99141,19.87267],[-104.99429,19.87286],[-104.99437,19.87563],[-104.99945,19.87973],[-104.9987,19.88143],[-104.99567,19.88112],[-104.99371,19.88384],[-104.99,19.8846],[-104.98911,19.89172],[-104.98697,19.89225],[-104.98736,19.89413],[-104.98525,19.89365],[-104.98247,19.90009],[-104.97758,19.89256],[-104.9732,19.89002],[-104.97171,19.88425],[-104.97127,19.88668],[-104.96508,19.89189],[-104.96317,19.8915],[-104.96528,19.888],[-104.96411,19.88545],[-104.95684,19.88268],[-104.94877,19.88322],[-104.94477,19.88531],[-104.94548,19.88946],[-104.94339,19.89687],[-104.945,19.9095],[-104.9394,19.91487],[-104.93201,19.91476],[-104.92767,19.91786],[-104.92009,19.9166],[-104.92049,19.92032],[-104.92284,19.92332],[-104.92204,19.92615],[-104.91454,19.93221],[-104.9113,19.93242],[-104.9028,19.92783],[-104.90828,19.91746],[-104.90386,19.9169],[-104.90399,19.91181],[-104.88563,19.90644],[-104.88152,19.90733],[-104.87776,19.90323],[-104.86617,19.8958],[-104.86431,19.89784],[-104.85863,19.89826],[-104.84977,19.91771],[-104.85576,19.92121],[-104.85559,19.92285],[-104.85353,19.9226],[-104.85037,19.92674],[-104.85078,19.93519],[-104.84931,19.94064],[-104.83931,19.93849],[-104.82874,19.94534],[-104.81748,19.94389],[-104.81112,19.94658],[-104.80933,19.9489],[-104.79335,19.9552],[-104.79256,19.95817],[-104.78537,19.95323],[-104.78263,19.9622],[-104.77991,19.96512],[-104.78049,19.96754],[-104.77706,19.97761],[-104.77194,19.9818],[-104.77015,19.98591],[-104.76132,19.99071],[-104.75507,19.99573],[-104.75309,19.99936],[-104.74941,19.99812],[-104.74361,19.99229],[-104.73767,19.99498],[-104.73497,19.99947],[-104.72485,19.99938],[-104.72172,19.99706],[-104.7177,19.99884],[-104.71778,20.00096],[-104.71554,20.00121],[-104.71408,20.0039],[-104.71726,20.00816],[-104.71597,20.01569],[-104.70672,20.01999],[-104.70348,20.01643],[-104.70017,20.01998],[-104.69899,20.02425],[-104.69704,20.02408],[-104.69312,20.02757],[-104.69284,20.03212],[-104.68978,20.0315],[-104.67651,20.0348],[-104.67291,20.03257],[-104.67006,20.03286],[-104.66587,20.029],[-104.66162,20.02935],[-104.6534,20.02499],[-104.64493,20.02297],[-104.64304,20.02761],[-104.64367,20.02979],[-104.64027,20.03246],[-104.63877,20.0385],[-104.63356,20.03962],[-104.62645,20.03668],[-104.62106,20.04344],[-104.62444,20.05163],[-104.62348,20.05432],[-104.62031,20.0561],[-104.62345,20.06548],[-104.6318,20.07086],[-104.63812,20.07205],[-104.63861,20.07364],[-104.6434,20.07499],[-104.65183,20.07306],[-104.6523,20.07514],[-104.66123,20.07849],[-104.6529,20.08321],[-104.65005,20.08214],[-104.64734,20.08354],[-104.64206,20.09349],[-104.63688,20.09447],[-104.63658,20.09709],[-104.64162,20.10681],[-104.6472,20.10881],[-104.65408,20.10803],[-104.65334,20.11099],[-104.66036,20.11174],[-104.66296,20.11512],[-104.66008,20.11586],[-104.65985,20.11841],[-104.66145,20.11778],[-104.67117,20.12361],[-104.66884,20.13112],[-104.66323,20.13541],[-104.66616,20.13871],[-104.66517,20.14142],[-104.6666,20.14604],[-104.66425,20.14867],[-104.67006,20.15047],[-104.67142,20.15423],[-104.67647,20.15789],[-104.67915,20.15442],[-104.67569,20.14753],[-104.67996,20.14711],[-104.6794,20.14415],[-104.68369,20.15069],[-104.68463,20.14852],[-104.68755,20.14864],[-104.68859,20.14484],[-104.69012,20.1491],[-104.69314,20.14435],[-104.69877,20.14236],[-104.70139,20.1444],[-104.70424,20.14434],[-104.70385,20.14757],[-104.70601,20.15074],[-104.70619,20.14479],[-104.70795,20.14671],[-104.70913,20.14578],[-104.71116,20.15054],[-104.71797,20.14657],[-104.71868,20.15032],[-104.7228,20.1472],[-104.72386,20.14943],[-104.72776,20.14754],[-104.72797,20.14946],[-104.73255,20.14592],[-104.74208,20.14203],[-104.74542,20.1423],[-104.746,20.13917],[-104.74826,20.13942],[-104.7515,20.13707],[-104.75449,20.13087],[-104.75773,20.12812],[-104.75888,20.12147],[-104.76247,20.12151],[-104.76433,20.11986],[-104.7691,20.1224],[-104.76904,20.11455],[-104.77106,20.11356],[-104.77025,20.11073],[-104.77183,20.10992],[-104.76636,20.10137],[-104.76457,20.10085],[-104.76388,20.09724],[-104.76661,20.08843],[-104.76935,20.08645],[-104.76833,20.08309],[-104.7699,20.07733],[-104.77242,20.0757],[-104.77012,20.07222],[-104.77658,20.06644],[-104.78733,20.06391],[-104.79278,20.06626],[-104.79546,20.06496],[-104.79613,20.06162],[-104.80481,20.06213],[-104.80724,20.06085],[-104.80852,20.05778],[-104.81172,20.05809],[-104.81389,20.05656],[-104.81738,20.06143],[-104.81936,20.05871],[-104.83482,20.05972],[-104.84044,20.05546],[-104.84426,20.06011],[-104.84769,20.06093],[-104.84879,20.05908],[-104.85635,20.05789],[-104.87215,20.04555],[-104.87856,20.04609],[-104.893,20.03983],[-104.89208,20.04148],[-104.89473,20.04474],[-104.89387,20.04853],[-104.89578,20.05142],[-104.90358,20.05312],[-104.9046,20.05628],[-104.91038,20.0609],[-104.91505,20.05465],[-104.92433,20.05664],[-104.92821,20.05456],[-104.94365,20.05237],[-104.95004,20.05964],[-104.9614,20.06476],[-104.96436,20.07487],[-104.97281,20.07644],[-104.97882,20.07444],[-104.97718,20.0771],[-104.98271,20.09005],[-104.98215,20.09835],[-104.98515,20.10037],[-104.98244,20.10226],[-104.98006,20.10945],[-104.98577,20.11139],[-104.98722,20.1142],[-105.0074,20.12501],[-105.01452,20.12571],[-105.02639,20.12341],[-105.02683,20.12754],[-105.03181,20.13142],[-105.03318,20.13658],[-105.04149,20.14041],[-105.04799,20.14583],[-105.05264,20.15116],[-105.05382,20.15567],[-105.06439,20.15705],[-105.06784,20.16515],[-105.07327,20.17181],[-105.07735,20.17144],[-105.08142,20.16782],[-105.08505,20.16827],[-105.08701,20.17093],[-105.09179,20.17302],[-105.09531,20.17232],[-105.09667,20.17608],[-105.0932,20.17813],[-105.09589,20.18069],[-105.097,20.18501],[-105.09284,20.18912],[-105.09796,20.19235],[-105.09969,20.19575],[-105.10445,20.19488],[-105.10586,20.20019],[-105.10822,20.20009],[-105.10814,20.19595],[-105.11727,20.19209],[-105.11908,20.18995],[-105.12374,20.18902],[-105.13032,20.19083],[-105.13169,20.18602],[-105.13516,20.18706],[-105.13739,20.18354],[-105.14085,20.18491],[-105.14266,20.19074],[-105.14782,20.18864],[-105.15306,20.19088],[-105.15605,20.18809],[-105.15519,20.1845],[-105.15757,20.18188],[-105.1612,20.18082],[-105.16538,20.17601],[-105.17203,20.17708],[-105.18301,20.17161],[-105.18697,20.16429],[-105.19084,20.16593],[-105.19496,20.17057],[-105.21202,20.16856],[-105.22312,20.1709],[-105.24094,20.16585],[-105.24269,20.16126],[-105.24718,20.1565],[-105.25316,20.15317],[-105.25389,20.15413],[-105.25026,20.15909],[-105.25077,20.16223],[-105.2537,20.16351],[-105.25544,20.16236],[-105.25957,20.16497],[-105.25802,20.17501],[-105.25899,20.17983],[-105.2661,20.18497],[-105.26471,20.18693],[-105.26559,20.19136],[-105.27089,20.19082],[-105.27734,20.18603],[-105.28446,20.18635],[-105.28895,20.17855],[-105.29868,20.17828],[-105.30787,20.18322],[-105.31041,20.18166],[-105.31297,20.18233],[-105.31497,20.18012],[-105.3171,20.18102],[-105.31831,20.1797],[-105.32043,20.18157],[-105.32614,20.17764],[-105.32996,20.17853],[-105.32997,20.17606],[-105.33287,20.17634],[-105.33449,20.17373],[-105.34365,20.17185],[-105.34539,20.16976],[-105.34784,20.17112],[-105.35057,20.16802],[-105.35399,20.168],[-105.35651,20.17154],[-105.36093,20.16982],[-105.36633,20.17583],[-105.36858,20.17585],[-105.36591,20.18193],[-105.37307,20.18459],[-105.37012,20.18652],[-105.37037,20.18892],[-105.37628,20.18707],[-105.37391,20.19655],[-105.37871,20.20166],[-105.37732,20.20692],[-105.38073,20.20986],[-105.38957,20.21053],[-105.39369,20.21283],[-105.39446,20.22192],[-105.3996,20.2232],[-105.4118,20.21735],[-105.41846,20.21662],[-105.43878,20.22639],[-105.44093,20.22489],[-105.4468,20.22577],[-105.44637,20.22938],[-105.45097,20.2327]]]}},{"type":"Feature","properties":{"cvegeo":"14102","nombre":"Tonaya"},"geometry":{"type":"Polygon","coordinates":[[[-103.89628,20.00243],[-103.90024,19.99876],[-103.90011,19.99603],[-103.90256,19.99216],[-103.91201,19.99071],[-103.92083,19.98459],[-103.91986,19.97599],[-103.92435,19.96532],[-103.92999,19.96783],[-103.9593,19.95829],[-103.96081,19.95605],[-103.96136,19.93725],[-103.96336,19.932],[-103.96513,19.92993],[-103.96995,19.93104],[-103.97368,19.92949],[-103.97384,19.92039],[-103.96912,19.91662],[-103.97474,19.90554],[-103.97412,19.90153],[-103.97689,19.89937],[-103.97384,19.8972],[-103.97786,19.89495],[-103.9795,19.88717],[-103.97489,19.88373],[-103.97602,19.87736],[-103.97691,19.87631],[-103.9783,19.87823],[-103.97853,19.87665],[-103.97185,19.86977],[-103.96844,19.86026],[-103.96895,19.85416],[-103.97293,19.8549],[-103.97532,19.86037],[-103.99807,19.86198],[-104.00394,19.86705],[-104.01248,19.8704],[-104.02191,19.84968],[-104.02937,19.84193],[-104.02582,19.83507],[-104.02162,19.83383],[-104.02069,19.83173],[-104.02668,19.81915],[-104.03051,19.81648],[-104.03002,19.81217],[-104.03865,19.81292],[-104.0375,19.81481],[-104.04151,19.81453],[-104.04299,19.81625],[-104.04374,19.81458],[-104.04529,19.81528],[-104.0489,19.80917],[-104.04999,19.80078],[-104.04851,19.80075],[-104.04869,19.79724],[-104.04714,19.79557],[-104.04733,19.79068],[-104.04304,19.78967],[-104.04641,19.7873],[-104.04514,19.78712],[-104.04569,19.7835],[-104.04875,19.78119],[-104.04816,19.77802],[-104.04136,19.76781],[-104.03693,19.76562],[-104.02671,19.76422],[-104.02787,19.76121],[-104.02685,19.75543],[-104.02078,19.75419],[-104.01912,19.75248],[-104.02075,19.75029],[-104.02023,19.74717],[-104.02354,19.74352],[-104.00034,19.73936],[-103.99755,19.74009],[-103.99252,19.73556],[-103.99015,19.7367],[-103.98965,19.73918],[-103.98684,19.73982],[-103.98574,19.73845],[-103.989,19.7368],[-103.98925,19.73509],[-103.98539,19.7364],[-103.98087,19.73503],[-103.97886,19.73691],[-103.97771,19.73433],[-103.97543,19.73392],[-103.97111,19.73609],[-103.97161,19.73934],[-103.96983,19.7412],[-103.96829,19.73973],[-103.96941,19.73423],[-103.96354,19.7358],[-103.95828,19.7317],[-103.95762,19.73395],[-103.95144,19.73582],[-103.94992,19.7326],[-103.94853,19.73651],[-103.94551,19.73314],[-103.94209,19.738],[-103.9398,19.73558],[-103.93936,19.73131],[-103.93644,19.73283],[-103.93366,19.73182],[-103.93208,19.73478],[-103.9299,19.73362],[-103.92954,19.73128],[-103.92644,19.73129],[-103.92539,19.73301],[-103.9282,19.73573],[-103.92329,19.73518],[-103.92262,19.73719],[-103.92076,19.73727],[-103.91954,19.736],[-103.91742,19.74146],[-103.92742,19.74408],[-103.9304,19.7473],[-103.93613,19.75034],[-103.93802,19.74981],[-103.9395,19.75561],[-103.94362,19.75718],[-103.9431,19.76137],[-103.94528,19.76449],[-103.9443,19.76759],[-103.94971,19.77585],[-103.94415,19.78241],[-103.93964,19.78422],[-103.93863,19.79059],[-103.9343,19.79552],[-103.93188,19.79614],[-103.9311,19.79896],[-103.91812,19.79913],[-103.90736,19.80488],[-103.89483,19.80344],[-103.88971,19.81377],[-103.88747,19.81342],[-103.88692,19.81541],[-103.88139,19.81809],[-103.87935,19.82119],[-103.87792,19.83049],[-103.86658,19.8353],[-103.86441,19.84095],[-103.86342,19.85523],[-103.86551,19.879],[-103.86793,19.88614],[-103.87124,19.88866],[-103.87354,19.88854],[-103.87468,19.89085],[-103.88261,19.89373],[-103.88833,19.89112],[-103.89717,19.89136],[-103.89711,19.89359],[-103.89326,19.89422],[-103.89441,19.89569],[-103.89239,19.89853],[-103.8885,19.90019],[-103.88928,19.90229],[-103.88716,19.90207],[-103.88805,19.90509],[-103.88574,19.90944],[-103.88661,19.9144],[-103.88425,19.91688],[-103.88593,19.92126],[-103.88413,19.92484],[-103.89275,19.93018],[-103.89534,19.93464],[-103.89491,19.94175],[-103.89642,19.94652],[-103.89085,19.95038],[-103.88892,19.95693],[-103.89268,19.96399],[-103.89396,19.97182],[-103.89311,19.97712],[-103.89625,19.97915],[-103.89674,19.9819],[-103.89326,19.98359],[-103.89066,19.98761],[-103.88882,19.99722],[-103.89403,20.00233],[-103.89628,20.00243]]]}},{"type":"Feature","properties":{"cvegeo":"14103","nombre":"Tonila"},"geometry":{"type":"Polygon","coordinates":[[[-103.58821,19.52019],[-103.59067,19.51916],[-103.59155,19.52034],[-103.59243,19.51778],[-103.61828,19.51252],[-103.6062,19.50056],[-103.61073,19.4955],[-103.61482,19.49405],[-103.61244,19.48948],[-103.61241,19.48563],[-103.61536,19.475],[-103.61187,19.46997],[-103.60869,19.46963],[-103.60768,19.46562],[-103.60147,19.46268],[-103.59819,19.45543],[-103.58666,19.44403],[-103.58633,19.43952],[-103.57892,19.43549],[-103.57869,19.42593],[-103.57549,19.41999],[-103.5771,19.41615],[-103.57448,19.41495],[-103.57427,19.41156],[-103.57096,19.40804],[-103.56651,19.40614],[-103.56409,19.40823],[-103.56249,19.40718],[-103.55891,19.409],[-103.55907,19.40758],[-103.55621,19.40697],[-103.5517,19.39918],[-103.54297,19.39398],[-103.54249,19.39078],[-103.5383,19.38851],[-103.53633,19.38105],[-103.53326,19.38024],[-103.52672,19.37276],[-103.52221,19.35783],[-103.51999,19.35805],[-103.51943,19.35591],[-103.51715,19.35708],[-103.5186,19.35462],[-103.50474,19.3485],[-103.50166,19.34489],[-103.49905,19.34455],[-103.49754,19.34712],[-103.49255,19.34651],[-103.4927,19.34427],[-103.48647,19.33795],[-103.48414,19.34248],[-103.48423,19.34815],[-103.48606,19.35115],[-103.48403,19.3544],[-103.48662,19.35857],[-103.48492,19.36032],[-103.48559,19.36199],[-103.48042,19.36366],[-103.47745,19.36299],[-103.47543,19.37256],[-103.47258,19.37276],[-103.47113,19.37576],[-103.46825,19.37561],[-103.45884,19.38236],[-103.46458,19.38823],[-103.46423,19.39407],[-103.46669,19.39634],[-103.46269,19.40701],[-103.46409,19.40954],[-103.47002,19.40914],[-103.47115,19.41207],[-103.4737,19.4118],[-103.47593,19.41512],[-103.48094,19.41344],[-103.48304,19.41941],[-103.48142,19.42465],[-103.48185,19.42974],[-103.47822,19.42974],[-103.47761,19.4346],[-103.47506,19.43296],[-103.47262,19.43371],[-103.47221,19.43808],[-103.47023,19.4389],[-103.47197,19.44418],[-103.47777,19.44424],[-103.4785,19.44994],[-103.48083,19.45107],[-103.4929,19.45275],[-103.49948,19.45792],[-103.50242,19.45711],[-103.51035,19.4614],[-103.51117,19.46644],[-103.51499,19.46604],[-103.51631,19.47079],[-103.51844,19.4699],[-103.52382,19.47156],[-103.53112,19.48184],[-103.52996,19.48323],[-103.53708,19.48803],[-103.53944,19.48891],[-103.54169,19.4864],[-103.5381,19.48124],[-103.53734,19.47537],[-103.54224,19.47716],[-103.54681,19.47683],[-103.54861,19.47899],[-103.54842,19.48339],[-103.55362,19.48583],[-103.55894,19.48614],[-103.56628,19.49153],[-103.56815,19.50054],[-103.5726,19.50451],[-103.57978,19.50721],[-103.58102,19.51054],[-103.58533,19.51268],[-103.58821,19.52019]]]}},{"type":"Feature","properties":{"cvegeo":"14104","nombre":"Totatiche"},"geometry":{"type":"Polygon","coordinates":[[[-103.51455,22.12911],[-103.53062,22.12684],[-103.53397,22.12105],[-103.53819,22.12145],[-103.53814,22.1187],[-103.53469,22.11442],[-103.53543,22.11134],[-103.53234,22.10682],[-103.53724,22.0989],[-103.53981,22.09815],[-103.54442,22.09261],[-103.5454,22.08582],[-103.55011,22.07981],[-103.55146,22.07152],[-103.55129,22.06678],[-103.54841,22.06149],[-103.55043,22.05692],[-103.54958,22.05074],[-103.55075,22.04737],[-103.54913,22.03535],[-103.54705,22.03742],[-103.54621,22.03323],[-103.54188,22.03298],[-103.54244,22.02772],[-103.54107,22.02679],[-103.54182,22.02137],[-103.54035,22.01862],[-103.54227,22.01718],[-103.5414,22.01626],[-103.54451,22.00579],[-103.54016,22.00386],[-103.53672,22.00548],[-103.53589,22.00239],[-103.53426,22.00224],[-103.53069,21.99724],[-103.54327,21.99235],[-103.54271,21.99094],[-103.55099,21.99187],[-103.55029,21.99042],[-103.55217,21.98934],[-103.55548,21.98971],[-103.56025,21.98721],[-103.56415,21.98167],[-103.5637,21.98044],[-103.55694,21.97938],[-103.55124,21.97441],[-103.53319,21.97307],[-103.5376,21.96719],[-103.54368,21.96622],[-103.54715,21.96348],[-103.54856,21.96007],[-103.55164,21.95936],[-103.55318,21.95217],[-103.55811,21.95225],[-103.56031,21.94824],[-103.57049,21.94051],[-103.5782,21.92318],[-103.57069,21.92259],[-103.5623,21.92433],[-103.55925,21.92335],[-103.5549,21.92622],[-103.54973,21.92461],[-103.54795,21.90238],[-103.5676,21.90302],[-103.57272,21.90012],[-103.58346,21.89951],[-103.58515,21.89681],[-103.58448,21.8866],[-103.58922,21.88026],[-103.58765,21.87811],[-103.58947,21.87498],[-103.59461,21.87251],[-103.59607,21.86806],[-103.59979,21.86729],[-103.6026,21.86973],[-103.60958,21.86687],[-103.61574,21.86951],[-103.62232,21.86941],[-103.61888,21.86197],[-103.61983,21.8559],[-103.61881,21.85472],[-103.62155,21.85073],[-103.62116,21.84387],[-103.62426,21.84288],[-103.62586,21.83721],[-103.62112,21.8315],[-103.6178,21.8307],[-103.6149,21.82369],[-103.60997,21.82222],[-103.60692,21.8169],[-103.60223,21.8153],[-103.59866,21.8171],[-103.59704,21.81185],[-103.59316,21.81039],[-103.5923,21.8076],[-103.58989,21.80811],[-103.58466,21.80505],[-103.58323,21.80637],[-103.58098,21.80525],[-103.57599,21.80617],[-103.57263,21.80349],[-103.56674,21.80465],[-103.56195,21.80358],[-103.56056,21.80111],[-103.55485,21.80091],[-103.53654,21.80516],[-103.52606,21.80507],[-103.52609,21.80967],[-103.53004,21.81165],[-103.53143,21.81784],[-103.52568,21.81894],[-103.5097,21.82749],[-103.50282,21.83307],[-103.49559,21.82355],[-103.48273,21.81742],[-103.48251,21.81326],[-103.47568,21.81241],[-103.47053,21.81354],[-103.47401,21.81966],[-103.47286,21.82461],[-103.47514,21.82661],[-103.47236,21.836],[-103.46984,21.83927],[-103.46673,21.83996],[-103.45536,21.8328],[-103.45514,21.83543],[-103.45724,21.83646],[-103.45717,21.83848],[-103.45591,21.84059],[-103.4532,21.84063],[-103.45331,21.8442],[-103.4497,21.84805],[-103.45133,21.85392],[-103.43931,21.86456],[-103.43574,21.87105],[-103.43535,21.87605],[-103.42751,21.88566],[-103.4263,21.89033],[-103.42251,21.89109],[-103.42073,21.89314],[-103.42173,21.8953],[-103.41624,21.8975],[-103.41227,21.90687],[-103.40838,21.90762],[-103.40506,21.90182],[-103.39434,21.89669],[-103.39377,21.89823],[-103.38915,21.89872],[-103.39068,21.90404],[-103.38237,21.91057],[-103.37998,21.91019],[-103.37405,21.91378],[-103.36898,21.91231],[-103.35512,21.91493],[-103.34408,21.91347],[-103.34156,21.92103],[-103.34396,21.92969],[-103.34103,21.93215],[-103.33978,21.9387],[-103.34176,21.93952],[-103.33874,21.9423],[-103.34248,21.9433],[-103.34531,21.95104],[-103.34805,21.95309],[-103.3446,21.95658],[-103.34828,21.95949],[-103.3463,21.96323],[-103.34229,21.9642],[-103.34099,21.96607],[-103.34213,21.96832],[-103.34751,21.96872],[-103.34918,21.97106],[-103.3405,21.98223],[-103.34041,21.99251],[-103.33777,21.99355],[-103.33709,21.9958],[-103.3441,21.99812],[-103.35427,21.99721],[-103.35649,22.00176],[-103.37017,22.00165],[-103.37078,22.00758],[-103.37346,22.0084],[-103.37338,22.01783],[-103.37771,22.01959],[-103.3815,22.01908],[-103.38205,22.01189],[-103.38844,22.00945],[-103.38857,22.0129],[-103.38484,22.01748],[-103.38464,22.02034],[-103.38671,22.02352],[-103.37692,22.02807],[-103.37899,22.03154],[-103.38009,22.03945],[-103.38385,22.04081],[-103.38435,22.04242],[-103.37876,22.04686],[-103.37556,22.04611],[-103.37397,22.0517],[-103.38368,22.05334],[-103.38921,22.04791],[-103.39349,22.05587],[-103.39881,22.05522],[-103.39948,22.07419],[-103.40463,22.07643],[-103.40584,22.08125],[-103.40538,22.0831],[-103.39975,22.08632],[-103.39919,22.08865],[-103.4078,22.09102],[-103.41054,22.09587],[-103.42035,22.10338],[-103.43331,22.09913],[-103.44239,22.11012],[-103.44797,22.11075],[-103.44929,22.11423],[-103.45335,22.11533],[-103.46172,22.11114],[-103.4593,22.10873],[-103.45918,22.10588],[-103.46648,22.10731],[-103.47318,22.10553],[-103.47325,22.11118],[-103.4793,22.11479],[-103.48295,22.1113],[-103.48609,22.11063],[-103.48493,22.10779],[-103.48613,22.10653],[-103.4956,22.11051],[-103.49679,22.1068],[-103.50038,22.10538],[-103.50696,22.1088],[-103.51179,22.10751],[-103.5159,22.10992],[-103.51791,22.11725],[-103.51756,22.12166],[-103.5138,22.12748],[-103.51455,22.12911]]]}},{"type":"Feature","properties":{"cvegeo":"14105","nombre":"Tototlán"},"geometry":{"type":"Polygon","coordinates":[[[-102.71838,20.64942],[-102.73604,20.6359],[-102.73519,20.63109],[-102.73261,20.62793],[-102.74325,20.61423],[-102.74326,20.61221],[-102.74573,20.61459],[-102.74627,20.61328],[-102.75821,20.61348],[-102.7601,20.61076],[-102.76067,20.61354],[-102.76945,20.6171],[-102.77539,20.62245],[-102.77905,20.62167],[-102.7808,20.62345],[-102.78388,20.62343],[-102.78532,20.62181],[-102.79233,20.62092],[-102.79328,20.62219],[-102.79603,20.62095],[-102.7969,20.62274],[-102.80289,20.62398],[-102.80328,20.62677],[-102.80693,20.62877],[-102.80939,20.63246],[-102.81405,20.63421],[-102.81303,20.63569],[-102.81631,20.63574],[-102.81737,20.63338],[-102.8204,20.63394],[-102.82108,20.62842],[-102.81841,20.6209],[-102.81956,20.61441],[-102.82669,20.6066],[-102.8363,20.60324],[-102.85528,20.60327],[-102.87289,20.59713],[-102.86943,20.58057],[-102.86981,20.57371],[-102.87425,20.56417],[-102.87668,20.56489],[-102.87985,20.55166],[-102.88313,20.54791],[-102.88778,20.54794],[-102.88199,20.54649],[-102.85939,20.51983],[-102.84692,20.52504],[-102.81827,20.52826],[-102.81178,20.5309],[-102.81262,20.52283],[-102.80476,20.51571],[-102.80214,20.51599],[-102.80327,20.51275],[-102.80186,20.5128],[-102.80217,20.51044],[-102.79827,20.51147],[-102.79785,20.50805],[-102.79163,20.50184],[-102.78543,20.5009],[-102.78571,20.49479],[-102.78709,20.49432],[-102.78135,20.49237],[-102.77191,20.49467],[-102.76484,20.49112],[-102.76437,20.47297],[-102.75952,20.4575],[-102.75811,20.4324],[-102.75381,20.43065],[-102.75534,20.43358],[-102.75187,20.43536],[-102.7549,20.4372],[-102.75416,20.43931],[-102.75151,20.43929],[-102.75255,20.44355],[-102.75056,20.44568],[-102.74494,20.44434],[-102.74393,20.4421],[-102.7386,20.44145],[-102.73938,20.43664],[-102.7353,20.43471],[-102.73422,20.43055],[-102.7292,20.42584],[-102.7276,20.42603],[-102.72445,20.43087],[-102.71039,20.43708],[-102.7021,20.44437],[-102.69135,20.44916],[-102.69332,20.45296],[-102.69459,20.4664],[-102.68078,20.46718],[-102.68171,20.48072],[-102.67864,20.48121],[-102.67794,20.48303],[-102.68003,20.48278],[-102.67998,20.48444],[-102.6832,20.48403],[-102.68249,20.48585],[-102.68623,20.48615],[-102.68968,20.4899],[-102.68446,20.49676],[-102.68522,20.50152],[-102.68379,20.50186],[-102.68536,20.50622],[-102.68151,20.51605],[-102.67743,20.52031],[-102.67599,20.5194],[-102.66934,20.52192],[-102.66971,20.52442],[-102.66606,20.52642],[-102.64862,20.53061],[-102.64401,20.52986],[-102.63785,20.52488],[-102.63045,20.52214],[-102.62621,20.53659],[-102.61935,20.54409],[-102.63445,20.54529],[-102.63422,20.55222],[-102.63112,20.55731],[-102.62942,20.56754],[-102.63476,20.5725],[-102.63587,20.57639],[-102.6463,20.58074],[-102.64845,20.57885],[-102.65105,20.57966],[-102.65364,20.57842],[-102.65748,20.58019],[-102.65862,20.57805],[-102.66162,20.57989],[-102.66808,20.57922],[-102.66968,20.59559],[-102.65844,20.59753],[-102.65401,20.60164],[-102.65279,20.60637],[-102.66048,20.61093],[-102.66237,20.61365],[-102.66567,20.61306],[-102.67926,20.62133],[-102.68456,20.62038],[-102.68625,20.62397],[-102.69131,20.62827],[-102.69906,20.62553],[-102.69852,20.61966],[-102.70058,20.62004],[-102.7004,20.62173],[-102.70272,20.62167],[-102.70343,20.61774],[-102.71472,20.61746],[-102.7287,20.61286],[-102.73011,20.62062],[-102.723,20.62268],[-102.72115,20.6251],[-102.70926,20.62432],[-102.70627,20.62745],[-102.70608,20.62871],[-102.7104,20.63122],[-102.7085,20.63348],[-102.71314,20.63747],[-102.70833,20.64461],[-102.70795,20.64943],[-102.71838,20.64942]]]}},{"type":"Feature","properties":{"cvegeo":"14065","nombre":"Pihuamo"},"geometry":{"type":"Polygon","coordinates":[[[-103.27457,19.37393],[-103.27615,19.3732],[-103.27493,19.36894],[-103.27833,19.36742],[-103.28824,19.36934],[-103.28965,19.36786],[-103.30384,19.36792],[-103.30579,19.36724],[-103.3078,19.3625],[-103.31092,19.36165],[-103.31077,19.35978],[-103.313,19.35784],[-103.32226,19.35605],[-103.32408,19.35808],[-103.3255,19.3535],[-103.32229,19.35333],[-103.3249,19.3482],[-103.32645,19.33929],[-103.33165,19.33448],[-103.34621,19.33429],[-103.35173,19.32948],[-103.35642,19.32764],[-103.36296,19.32885],[-103.36112,19.32972],[-103.36259,19.33098],[-103.35969,19.33622],[-103.36453,19.33438],[-103.36532,19.34219],[-103.37034,19.3418],[-103.37019,19.33918],[-103.37865,19.33887],[-103.37886,19.33553],[-103.38197,19.3343],[-103.3858,19.3362],[-103.38673,19.33874],[-103.38744,19.33237],[-103.39293,19.33312],[-103.39374,19.33515],[-103.3937,19.33023],[-103.39199,19.32828],[-103.39407,19.3254],[-103.39235,19.31333],[-103.39353,19.31393],[-103.39554,19.31195],[-103.39367,19.31094],[-103.39628,19.30613],[-103.39501,19.30353],[-103.39789,19.30298],[-103.39849,19.30031],[-103.39504,19.2991],[-103.39458,19.29503],[-103.39133,19.29558],[-103.38828,19.2919],[-103.39375,19.28425],[-103.3955,19.28449],[-103.39804,19.27936],[-103.40425,19.28201],[-103.40608,19.28027],[-103.41277,19.28174],[-103.41568,19.2807],[-103.41527,19.27866],[-103.41746,19.27574],[-103.41534,19.2733],[-103.41538,19.27034],[-103.41796,19.26804],[-103.41857,19.25958],[-103.42159,19.25907],[-103.42419,19.26007],[-103.42377,19.26122],[-103.42563,19.26093],[-103.42892,19.2585],[-103.43034,19.25315],[-103.43691,19.25515],[-103.43823,19.2542],[-103.43749,19.25282],[-103.4404,19.25147],[-103.44033,19.24907],[-103.44261,19.2484],[-103.44306,19.24611],[-103.44184,19.24665],[-103.44136,19.24497],[-103.44463,19.24278],[-103.44571,19.24394],[-103.45291,19.24246],[-103.45389,19.24443],[-103.4574,19.244],[-103.45764,19.24643],[-103.45898,19.24652],[-103.45805,19.24847],[-103.4617,19.24754],[-103.46297,19.24898],[-103.46828,19.24945],[-103.47325,19.24802],[-103.47633,19.25298],[-103.47907,19.25228],[-103.48442,19.2548],[-103.48546,19.25295],[-103.48865,19.25448],[-103.49199,19.25354],[-103.49002,19.25131],[-103.49502,19.24677],[-103.49901,19.24697],[-103.50484,19.24445],[-103.50591,19.2422],[-103.50952,19.24176],[-103.50574,19.23673],[-103.50768,19.23045],[-103.50649,19.22777],[-103.51069,19.2246],[-103.51099,19.22167],[-103.51404,19.2185],[-103.51396,19.21667],[-103.51103,19.21663],[-103.50987,19.21366],[-103.5152,19.21108],[-103.51138,19.2068],[-103.51087,19.19966],[-103.50353,19.19486],[-103.49859,19.18695],[-103.49763,19.17464],[-103.50313,19.17017],[-103.50212,19.16249],[-103.50917,19.15596],[-103.50975,19.14895],[-103.51198,19.14647],[-103.51395,19.13834],[-103.51101,19.13205],[-103.51956,19.12445],[-103.52362,19.11564],[-103.52065,19.11166],[-103.52113,19.10198],[-103.51739,19.09879],[-103.52233,19.09278],[-103.52648,19.07873],[-103.52223,19.07667],[-103.52257,19.06621],[-103.51695,19.06098],[-103.50936,19.05756],[-103.50659,19.04942],[-103.50134,19.04872],[-103.4969,19.0417],[-103.49695,19.03518],[-103.49091,19.03267],[-103.49096,19.02976],[-103.48851,19.02759],[-103.49396,19.02183],[-103.49447,19.01471],[-103.49878,19.01167],[-103.49683,19.01125],[-103.49395,19.00689],[-103.49083,18.99582],[-103.49219,18.98707],[-103.48985,18.98077],[-103.49568,18.97204],[-103.4944,18.97011],[-103.48954,18.96869],[-103.48859,18.96489],[-103.48655,18.96816],[-103.48749,18.97162],[-103.4819,18.97038],[-103.48139,18.97542],[-103.48373,18.97979],[-103.47911,18.97935],[-103.4778,18.9841],[-103.47182,18.98548],[-103.47154,18.98791],[-103.47404,18.98897],[-103.47266,18.99114],[-103.46839,18.98693],[-103.46313,18.97702],[-103.4603,18.97711],[-103.45783,18.9793],[-103.45451,18.9785],[-103.45036,18.98164],[-103.44186,18.98353],[-103.41945,18.98125],[-103.41811,18.97816],[-103.41503,18.97844],[-103.41664,18.97482],[-103.41382,18.97305],[-103.41143,18.96766],[-103.40717,18.97153],[-103.39971,18.96636],[-103.39442,18.96741],[-103.39158,18.97074],[-103.38611,18.97257],[-103.38419,18.97779],[-103.37725,18.98017],[-103.37309,18.97685],[-103.36317,18.97662],[-103.35829,18.98001],[-103.35531,18.98023],[-103.35227,18.97775],[-103.3445,18.97815],[-103.33249,18.97325],[-103.30482,18.98579],[-103.2994,18.99291],[-103.29558,18.99422],[-103.29182,18.99296],[-103.28961,18.99447],[-103.28782,18.99184],[-103.28453,18.99838],[-103.28218,18.9997],[-103.27766,18.99693],[-103.27337,18.99868],[-103.27184,19.00172],[-103.25975,19.0037],[-103.25792,19.01175],[-103.25252,19.01071],[-103.24845,19.01454],[-103.24889,19.0185],[-103.24418,19.02479],[-103.24595,19.02591],[-103.25528,19.02543],[-103.25302,19.02841],[-103.25482,19.02876],[-103.25402,19.03123],[-103.25658,19.03469],[-103.25464,19.03883],[-103.25681,19.03968],[-103.25535,19.04155],[-103.2577,19.04399],[-103.26051,19.05381],[-103.2639,19.05493],[-103.26817,19.05221],[-103.28159,19.05205],[-103.28728,19.05558],[-103.29415,19.05564],[-103.30109,19.04928],[-103.30361,19.05141],[-103.30499,19.04978],[-103.31224,19.05443],[-103.31645,19.06323],[-103.32591,19.06831],[-103.30356,19.07762],[-103.30517,19.08149],[-103.3021,19.08585],[-103.30339,19.09161],[-103.30166,19.09327],[-103.30254,19.09427],[-103.30108,19.09769],[-103.2978,19.10164],[-103.29193,19.1004],[-103.28886,19.10331],[-103.28669,19.11314],[-103.28988,19.11053],[-103.2925,19.11608],[-103.28692,19.12148],[-103.28588,19.12809],[-103.28725,19.13093],[-103.29063,19.13171],[-103.28793,19.13302],[-103.27491,19.13196],[-103.27046,19.12524],[-103.26933,19.12565],[-103.27053,19.12988],[-103.26723,19.12807],[-103.26555,19.12858],[-103.26748,19.13104],[-103.26665,19.132],[-103.26154,19.13076],[-103.25904,19.14822],[-103.26159,19.15039],[-103.26434,19.15708],[-103.2733,19.16129],[-103.27327,19.17266],[-103.26665,19.16583],[-103.25889,19.16837],[-103.25676,19.16613],[-103.24924,19.16821],[-103.25975,19.18604],[-103.28648,19.19965],[-103.28069,19.20666],[-103.28134,19.2134],[-103.27796,19.21655],[-103.27669,19.22377],[-103.27412,19.22694],[-103.27466,19.22867],[-103.2771,19.22828],[-103.27535,19.23253],[-103.26944,19.23709],[-103.26567,19.24312],[-103.25744,19.24701],[-103.25813,19.2555],[-103.26025,19.26051],[-103.26277,19.26213],[-103.26644,19.26366],[-103.27158,19.26237],[-103.27234,19.26339],[-103.27356,19.2675],[-103.27241,19.28557],[-103.27377,19.29029],[-103.27909,19.29009],[-103.28234,19.29241],[-103.28766,19.293],[-103.29006,19.2921],[-103.29106,19.29428],[-103.28828,19.29752],[-103.29006,19.29857],[-103.29353,19.29636],[-103.29541,19.29977],[-103.29879,19.298],[-103.30196,19.29887],[-103.2879,19.31473],[-103.27681,19.31514],[-103.27113,19.32051],[-103.26865,19.3204],[-103.2703,19.3243],[-103.2694,19.32524],[-103.27327,19.32999],[-103.27267,19.33467],[-103.27487,19.33698],[-103.27217,19.3364],[-103.2696,19.34216],[-103.26616,19.34013],[-103.26122,19.34471],[-103.26245,19.34496],[-103.2661,19.36264],[-103.27113,19.3621],[-103.27299,19.36905],[-103.27163,19.37134],[-103.27457,19.37393]]]}},{"type":"Feature","properties":{"cvegeo":"14017","nombre":"Ayutla"},"geometry":{"type":"Polygon","coordinates":[[[-104.34433,20.24136],[-104.3527,20.2325],[-104.35539,20.22671],[-104.3623,20.2211],[-104.36553,20.22044],[-104.36459,20.21998],[-104.36685,20.21825],[-104.36563,20.21475],[-104.371,20.21207],[-104.36751,20.21123],[-104.37104,20.20923],[-104.37132,20.20414],[-104.36643,20.20214],[-104.36764,20.19411],[-104.37805,20.19445],[-104.38668,20.1993],[-104.39798,20.19655],[-104.39945,20.19392],[-104.39457,20.18721],[-104.39845,20.17732],[-104.39731,20.15715],[-104.39426,20.15245],[-104.38987,20.14972],[-104.38023,20.129],[-104.38696,20.12961],[-104.38793,20.12528],[-104.39046,20.12339],[-104.3957,20.12336],[-104.4,20.12733],[-104.40474,20.12459],[-104.40885,20.12674],[-104.40917,20.12491],[-104.4017,20.11563],[-104.40259,20.11323],[-104.4075,20.11113],[-104.41258,20.11945],[-104.41506,20.11946],[-104.41754,20.11607],[-104.42092,20.11691],[-104.42069,20.11851],[-104.42285,20.11874],[-104.43278,20.12671],[-104.43637,20.13332],[-104.43957,20.13291],[-104.4377,20.13051],[-104.43934,20.12328],[-104.44272,20.12543],[-104.44455,20.12279],[-104.4506,20.12682],[-104.453,20.12564],[-104.45564,20.1208],[-104.46485,20.12248],[-104.46943,20.12627],[-104.4763,20.12537],[-104.48061,20.12653],[-104.48172,20.12444],[-104.48731,20.12806],[-104.49079,20.13431],[-104.49591,20.13805],[-104.50103,20.14586],[-104.50343,20.1468],[-104.50881,20.14679],[-104.50852,20.14332],[-104.51625,20.14534],[-104.5104,20.13537],[-104.50728,20.13412],[-104.5092,20.12523],[-104.5118,20.12486],[-104.51467,20.12128],[-104.52097,20.12251],[-104.52392,20.12069],[-104.53734,20.12826],[-104.53997,20.13544],[-104.54778,20.13584],[-104.55292,20.13857],[-104.55419,20.13739],[-104.56231,20.13762],[-104.56233,20.13299],[-104.56671,20.12828],[-104.57012,20.12576],[-104.57403,20.12606],[-104.57728,20.12191],[-104.58097,20.12286],[-104.58598,20.12178],[-104.59812,20.12847],[-104.60408,20.13502],[-104.60595,20.13347],[-104.6098,20.13352],[-104.61301,20.12793],[-104.60991,20.12322],[-104.61015,20.12068],[-104.61224,20.12058],[-104.61783,20.11601],[-104.61883,20.11303],[-104.61764,20.11052],[-104.62034,20.11097],[-104.62489,20.10638],[-104.63745,20.10886],[-104.64974,20.1137],[-104.65329,20.11886],[-104.65611,20.11854],[-104.65593,20.1232],[-104.65913,20.12459],[-104.65904,20.12673],[-104.66263,20.13011],[-104.66323,20.13541],[-104.66884,20.13112],[-104.67117,20.12361],[-104.66145,20.11778],[-104.65985,20.11841],[-104.66008,20.11586],[-104.66296,20.11512],[-104.66036,20.11174],[-104.65334,20.11099],[-104.65461,20.10849],[-104.65352,20.10782],[-104.6472,20.10881],[-104.64162,20.10681],[-104.63658,20.09709],[-104.63688,20.09447],[-104.64206,20.09349],[-104.64734,20.08354],[-104.65005,20.08214],[-104.6529,20.08321],[-104.66123,20.07849],[-104.6523,20.07514],[-104.65183,20.07306],[-104.6434,20.07499],[-104.63861,20.07364],[-104.63812,20.07205],[-104.6318,20.07086],[-104.62345,20.06548],[-104.62031,20.0561],[-104.62399,20.05363],[-104.62404,20.04943],[-104.62182,20.04459],[-104.61698,20.04654],[-104.61913,20.04283],[-104.61525,20.03974],[-104.61295,20.03519],[-104.6145,20.02624],[-104.61248,20.02251],[-104.60801,20.01918],[-104.60719,20.01391],[-104.59086,20.01225],[-104.58471,20.01714],[-104.58222,20.02446],[-104.58101,20.02219],[-104.56796,20.01449],[-104.56384,20.01023],[-104.56552,20.00447],[-104.56827,20.0032],[-104.57079,19.99808],[-104.57041,19.99467],[-104.57452,19.98922],[-104.56402,19.98539],[-104.56249,19.9805],[-104.55774,19.97892],[-104.55794,19.97574],[-104.54889,19.97367],[-104.54845,19.97683],[-104.54647,19.97649],[-104.54628,19.97344],[-104.54068,19.96552],[-104.54009,19.96055],[-104.54343,19.94968],[-104.54243,19.94588],[-104.53733,19.94109],[-104.53821,19.93638],[-104.54253,19.9378],[-104.54299,19.93406],[-104.53991,19.92281],[-104.53595,19.91836],[-104.53925,19.9142],[-104.53933,19.90015],[-104.54186,19.89423],[-104.5359,19.89318],[-104.53105,19.8836],[-104.52842,19.87307],[-104.51872,19.86697],[-104.51873,19.86534],[-104.5223,19.86425],[-104.52395,19.85743],[-104.52091,19.8554],[-104.52216,19.85402],[-104.51475,19.85126],[-104.5114,19.84901],[-104.51132,19.84607],[-104.50888,19.84597],[-104.50054,19.83975],[-104.48963,19.847],[-104.4883,19.85033],[-104.48869,19.85706],[-104.48559,19.86013],[-104.48363,19.85907],[-104.48189,19.86218],[-104.47144,19.85631],[-104.46953,19.85659],[-104.46935,19.85472],[-104.46238,19.84923],[-104.45595,19.84678],[-104.45016,19.85416],[-104.44778,19.85991],[-104.4472,19.86795],[-104.44437,19.87174],[-104.44501,19.87454],[-104.43942,19.87834],[-104.43692,19.88511],[-104.42412,19.88523],[-104.42166,19.88669],[-104.42025,19.89131],[-104.42231,19.89335],[-104.41958,19.89659],[-104.42168,19.89956],[-104.41993,19.90286],[-104.41601,19.90462],[-104.41882,19.90892],[-104.41693,19.91129],[-104.4172,19.91404],[-104.41426,19.91439],[-104.41077,19.91937],[-104.40952,19.91955],[-104.40844,19.91552],[-104.40545,19.91835],[-104.40422,19.91659],[-104.40209,19.91751],[-104.40238,19.92097],[-104.39628,19.91717],[-104.39468,19.91963],[-104.39213,19.91956],[-104.39185,19.92154],[-104.38791,19.91645],[-104.38294,19.91759],[-104.38032,19.91554],[-104.37545,19.9178],[-104.37116,19.92448],[-104.36769,19.92599],[-104.37702,19.93209],[-104.37643,19.93492],[-104.37328,19.93687],[-104.37335,19.94112],[-104.37631,19.94473],[-104.37519,19.95233],[-104.37079,19.959],[-104.37498,19.96352],[-104.37663,19.96868],[-104.37595,19.9756],[-104.36509,19.97582],[-104.36579,19.98315],[-104.36373,19.98488],[-104.36036,19.98222],[-104.35638,19.98594],[-104.35698,19.98896],[-104.35143,19.98975],[-104.34671,19.98717],[-104.34414,19.988],[-104.34501,19.99805],[-104.34285,20.00237],[-104.34009,20.00078],[-104.33674,19.99197],[-104.33437,19.99153],[-104.33263,19.99475],[-104.32422,19.9958],[-104.32176,19.99456],[-104.31861,20.0003],[-104.3216,20.00915],[-104.31983,20.01289],[-104.32079,20.01594],[-104.31898,20.01783],[-104.32077,20.02063],[-104.31753,20.02593],[-104.32279,20.02448],[-104.32652,20.02618],[-104.32627,20.02787],[-104.32305,20.02777],[-104.32262,20.02948],[-104.32848,20.03438],[-104.33051,20.04078],[-104.33584,20.04438],[-104.33574,20.0483],[-104.34039,20.05037],[-104.33867,20.05069],[-104.33618,20.0554],[-104.3333,20.05662],[-104.33116,20.05994],[-104.32835,20.05308],[-104.32471,20.05218],[-104.32009,20.04601],[-104.31549,20.04494],[-104.31505,20.04917],[-104.3096,20.05159],[-104.31346,20.05958],[-104.3122,20.06137],[-104.30322,20.0604],[-104.2981,20.06408],[-104.29969,20.06886],[-104.30462,20.07068],[-104.30485,20.07301],[-104.30247,20.07638],[-104.30638,20.07892],[-104.30203,20.08674],[-104.29768,20.08629],[-104.28924,20.0893],[-104.28776,20.09511],[-104.28245,20.09699],[-104.28375,20.09463],[-104.28102,20.0932],[-104.27952,20.09543],[-104.27932,20.09294],[-104.27337,20.09374],[-104.26587,20.09133],[-104.272,20.09653],[-104.26916,20.1061],[-104.269,20.11175],[-104.27133,20.1157],[-104.26347,20.11481],[-104.25976,20.11597],[-104.25384,20.12255],[-104.24384,20.12485],[-104.24215,20.12761],[-104.23449,20.11692],[-104.2217,20.11796],[-104.21453,20.12699],[-104.20524,20.13294],[-104.20546,20.13958],[-104.20994,20.14027],[-104.20541,20.14227],[-104.20558,20.14595],[-104.20308,20.14855],[-104.19883,20.17104],[-104.20058,20.1721],[-104.19717,20.17307],[-104.19843,20.17528],[-104.19431,20.17712],[-104.19661,20.17818],[-104.19732,20.18052],[-104.19624,20.18103],[-104.19788,20.18276],[-104.20447,20.1852],[-104.20628,20.18379],[-104.20633,20.18775],[-104.2149,20.19002],[-104.2246,20.18625],[-104.22399,20.18988],[-104.22502,20.1899],[-104.22484,20.18755],[-104.22794,20.18639],[-104.23033,20.18773],[-104.22897,20.18466],[-104.24209,20.17608],[-104.25136,20.17358],[-104.25322,20.1745],[-104.25352,20.17422],[-104.25331,20.1737],[-104.25432,20.17287],[-104.25824,20.17237],[-104.2617,20.16881],[-104.26532,20.16825],[-104.26368,20.17266],[-104.26543,20.17596],[-104.26397,20.17595],[-104.2648,20.18131],[-104.2636,20.18255],[-104.29088,20.16195],[-104.29541,20.16574],[-104.29662,20.16907],[-104.29992,20.16983],[-104.29889,20.17331],[-104.30462,20.1738],[-104.30026,20.17441],[-104.30246,20.17545],[-104.30111,20.17815],[-104.30341,20.18346],[-104.2976,20.19178],[-104.29512,20.19229],[-104.29393,20.19713],[-104.29506,20.19792],[-104.2998,20.1947],[-104.30008,20.19754],[-104.30157,20.19756],[-104.30173,20.19495],[-104.30036,20.19435],[-104.30542,20.19179],[-104.31873,20.19365],[-104.31853,20.19512],[-104.30946,20.20234],[-104.29634,20.20429],[-104.28889,20.20139],[-104.2873,20.20504],[-104.28622,20.20348],[-104.28333,20.2045],[-104.28222,20.209],[-104.2862,20.20982],[-104.28881,20.21396],[-104.29222,20.21583],[-104.29138,20.21697],[-104.29691,20.22676],[-104.30623,20.22871],[-104.30981,20.22673],[-104.31786,20.23247],[-104.32467,20.23204],[-104.33178,20.23764],[-104.34433,20.24136]]]}},{"type":"Feature","properties":{"cvegeo":"14012","nombre":"Atenguillo"},"geometry":{"type":"Polygon","coordinates":[[[-104.48669,20.51519],[-104.49139,20.50922],[-104.49593,20.5102],[-104.50025,20.5052],[-104.50324,20.50813],[-104.50285,20.5131],[-104.5094,20.51075],[-104.51263,20.51308],[-104.51659,20.51277],[-104.52463,20.5043],[-104.52719,20.49912],[-104.53163,20.49851],[-104.53115,20.49682],[-104.53623,20.49496],[-104.53614,20.49327],[-104.53848,20.49298],[-104.53913,20.49105],[-104.55038,20.48718],[-104.55961,20.48779],[-104.56243,20.48556],[-104.56259,20.47858],[-104.56094,20.47498],[-104.54988,20.46404],[-104.55434,20.45804],[-104.56022,20.45453],[-104.56803,20.4548],[-104.57287,20.4567],[-104.57466,20.45579],[-104.57593,20.4601],[-104.57912,20.46223],[-104.57801,20.46718],[-104.58022,20.4702],[-104.5847,20.47167],[-104.58647,20.46995],[-104.59038,20.47139],[-104.59905,20.4712],[-104.60296,20.4692],[-104.60549,20.47004],[-104.61376,20.46654],[-104.61549,20.46399],[-104.61624,20.46119],[-104.61487,20.46055],[-104.61435,20.45594],[-104.61711,20.4453],[-104.6163,20.44021],[-104.60225,20.43173],[-104.60389,20.42939],[-104.60838,20.43052],[-104.61786,20.42816],[-104.61792,20.42277],[-104.62313,20.41397],[-104.63559,20.41073],[-104.63976,20.41417],[-104.64179,20.41355],[-104.63518,20.40519],[-104.62887,20.40452],[-104.62595,20.40015],[-104.62024,20.39894],[-104.61704,20.39312],[-104.60492,20.38536],[-104.60232,20.37818],[-104.60257,20.3689],[-104.606,20.36554],[-104.6101,20.36484],[-104.61441,20.35853],[-104.61994,20.35822],[-104.62365,20.35568],[-104.62401,20.3521],[-104.62822,20.35102],[-104.62591,20.34547],[-104.62637,20.34082],[-104.62827,20.33779],[-104.63441,20.33695],[-104.63628,20.33522],[-104.63731,20.32905],[-104.63539,20.3275],[-104.63633,20.32344],[-104.63372,20.32321],[-104.63326,20.32105],[-104.62959,20.31829],[-104.6345,20.31731],[-104.63582,20.30927],[-104.63116,20.29939],[-104.63113,20.29604],[-104.63515,20.2981],[-104.63906,20.29768],[-104.64312,20.30142],[-104.6471,20.30167],[-104.6516,20.29938],[-104.65331,20.29641],[-104.66129,20.2947],[-104.66533,20.28909],[-104.66769,20.29115],[-104.67474,20.2828],[-104.67671,20.27223],[-104.68298,20.27525],[-104.68519,20.27823],[-104.68603,20.27221],[-104.69853,20.26704],[-104.70595,20.26609],[-104.70766,20.26725],[-104.71155,20.26451],[-104.71333,20.2604],[-104.71822,20.25885],[-104.7157,20.24652],[-104.71092,20.24399],[-104.71094,20.23774],[-104.70657,20.23546],[-104.70677,20.23364],[-104.70985,20.2316],[-104.71188,20.22019],[-104.70928,20.22067],[-104.70785,20.21464],[-104.70459,20.21327],[-104.70612,20.20632],[-104.70284,20.20709],[-104.69333,20.19515],[-104.68911,20.19473],[-104.6897,20.19093],[-104.68203,20.18707],[-104.67732,20.18257],[-104.67406,20.17657],[-104.66345,20.18217],[-104.66161,20.17853],[-104.65929,20.1779],[-104.65819,20.18102],[-104.65216,20.17406],[-104.65208,20.16878],[-104.64355,20.16343],[-104.64052,20.16328],[-104.63594,20.16478],[-104.63404,20.16792],[-104.63007,20.17025],[-104.62206,20.17217],[-104.6179,20.17922],[-104.61454,20.18159],[-104.6081,20.18253],[-104.60452,20.18592],[-104.60375,20.18919],[-104.59922,20.18871],[-104.60023,20.19608],[-104.5961,20.19794],[-104.59602,20.20075],[-104.60201,20.20275],[-104.60018,20.2099],[-104.5983,20.21148],[-104.59798,20.20921],[-104.5899,20.2119],[-104.58265,20.21945],[-104.58227,20.22323],[-104.57961,20.22647],[-104.5798,20.2313],[-104.58419,20.23305],[-104.58587,20.23713],[-104.58491,20.23793],[-104.59047,20.24264],[-104.58766,20.25268],[-104.58408,20.25515],[-104.57991,20.25261],[-104.57464,20.25424],[-104.57113,20.25355],[-104.5727,20.25703],[-104.57011,20.2572],[-104.56596,20.26329],[-104.56938,20.26743],[-104.57082,20.2726],[-104.569,20.2791],[-104.56918,20.27761],[-104.56738,20.27866],[-104.56241,20.27571],[-104.55758,20.28671],[-104.55108,20.28836],[-104.55145,20.29093],[-104.54976,20.29303],[-104.54627,20.29235],[-104.5437,20.29925],[-104.54016,20.30111],[-104.53809,20.3002],[-104.54083,20.29877],[-104.53687,20.2988],[-104.53455,20.29221],[-104.52825,20.28719],[-104.53261,20.27784],[-104.52715,20.2761],[-104.52685,20.2741],[-104.52122,20.26917],[-104.52094,20.26434],[-104.51735,20.25676],[-104.51367,20.25589],[-104.51291,20.2628],[-104.50814,20.26664],[-104.50346,20.26202],[-104.50232,20.26457],[-104.50041,20.2614],[-104.49821,20.26418],[-104.4973,20.25731],[-104.4919,20.25296],[-104.49126,20.2543],[-104.48549,20.25223],[-104.48301,20.25477],[-104.47728,20.2515],[-104.47251,20.25088],[-104.47024,20.25113],[-104.46737,20.25664],[-104.46564,20.25307],[-104.46311,20.253],[-104.46182,20.2513],[-104.45714,20.25465],[-104.44892,20.25397],[-104.45166,20.25623],[-104.45198,20.2635],[-104.44405,20.26647],[-104.4447,20.26803],[-104.44133,20.26994],[-104.43988,20.27469],[-104.43633,20.27114],[-104.4179,20.2708],[-104.41524,20.2742],[-104.41698,20.27629],[-104.41626,20.27933],[-104.40478,20.29105],[-104.41018,20.29287],[-104.40714,20.3011],[-104.39984,20.30097],[-104.39551,20.29861],[-104.3926,20.30258],[-104.38499,20.30216],[-104.39074,20.31261],[-104.39795,20.31968],[-104.38853,20.32356],[-104.38883,20.32755],[-104.39343,20.33618],[-104.39894,20.33379],[-104.40802,20.33651],[-104.41892,20.33303],[-104.42308,20.3345],[-104.42516,20.33719],[-104.42882,20.33703],[-104.43331,20.33967],[-104.43384,20.34448],[-104.42964,20.34337],[-104.42792,20.34481],[-104.424,20.34431],[-104.42069,20.34954],[-104.41606,20.35158],[-104.42043,20.35731],[-104.41786,20.35917],[-104.41567,20.36601],[-104.4202,20.36793],[-104.42694,20.37903],[-104.43104,20.38046],[-104.43224,20.38243],[-104.43174,20.38885],[-104.43644,20.38916],[-104.43989,20.39147],[-104.44204,20.39027],[-104.44895,20.39741],[-104.45395,20.39949],[-104.45429,20.40218],[-104.45752,20.40025],[-104.45905,20.40133],[-104.45933,20.40483],[-104.46171,20.40751],[-104.45848,20.41236],[-104.44441,20.42124],[-104.44081,20.42068],[-104.44073,20.42255],[-104.4436,20.42495],[-104.44692,20.42448],[-104.44669,20.42672],[-104.44852,20.42855],[-104.45115,20.42722],[-104.45101,20.42545],[-104.45256,20.4262],[-104.45677,20.4244],[-104.45742,20.4259],[-104.46344,20.42725],[-104.46154,20.43147],[-104.45929,20.43259],[-104.46042,20.4343],[-104.45656,20.43575],[-104.46288,20.43722],[-104.47082,20.44367],[-104.47982,20.44666],[-104.47831,20.45168],[-104.47221,20.45417],[-104.46783,20.45387],[-104.46186,20.46217],[-104.4723,20.46916],[-104.47174,20.47075],[-104.47652,20.47125],[-104.47265,20.47703],[-104.48199,20.4922],[-104.47603,20.50224],[-104.47905,20.5072],[-104.48586,20.50662],[-104.48455,20.50882],[-104.47863,20.51173],[-104.48404,20.51246],[-104.48398,20.51439],[-104.48669,20.51519]]]}},{"type":"Feature","properties":{"cvegeo":"14106","nombre":"Tuxcacuesco"},"geometry":{"type":"Polygon","coordinates":[[[-104.11123,19.80727],[-104.11612,19.8068],[-104.12179,19.8034],[-104.12348,19.79542],[-104.12802,19.79524],[-104.13215,19.77564],[-104.12893,19.76965],[-104.12706,19.76954],[-104.12708,19.76683],[-104.12023,19.76625],[-104.12109,19.7635],[-104.1145,19.75875],[-104.11628,19.75224],[-104.11436,19.7484],[-104.12297,19.74529],[-104.1236,19.74387],[-104.118,19.74131],[-104.11368,19.73623],[-104.11493,19.73574],[-104.11452,19.73171],[-104.11694,19.72667],[-104.113,19.71913],[-104.11686,19.71482],[-104.11607,19.71015],[-104.11429,19.70864],[-104.11505,19.70391],[-104.11016,19.70114],[-104.10971,19.69526],[-104.12034,19.69152],[-104.13799,19.69164],[-104.14674,19.67173],[-104.15823,19.6652],[-104.1571,19.66154],[-104.16106,19.66025],[-104.16226,19.65545],[-104.16554,19.65372],[-104.16166,19.65207],[-104.15895,19.64588],[-104.1633,19.6378],[-104.15807,19.6266],[-104.15805,19.61724],[-104.15567,19.61546],[-104.15761,19.61365],[-104.15532,19.61208],[-104.15421,19.60527],[-104.13767,19.60235],[-104.13887,19.59779],[-104.13336,19.59147],[-104.131,19.58384],[-104.1273,19.57908],[-104.12735,19.57539],[-104.12061,19.57125],[-104.12098,19.56961],[-104.11808,19.56616],[-104.10583,19.57034],[-104.10639,19.57952],[-104.10499,19.5842],[-104.09773,19.58619],[-104.08665,19.59858],[-104.08258,19.6008],[-104.07465,19.60044],[-104.07089,19.60793],[-104.06648,19.61191],[-104.05486,19.60545],[-104.04912,19.60558],[-104.0461,19.60253],[-104.03952,19.60169],[-104.03621,19.59719],[-104.01884,19.60075],[-104.01943,19.5935],[-104.01452,19.58429],[-103.99935,19.59499],[-103.96648,19.602],[-103.9647,19.60388],[-103.96396,19.61133],[-103.97227,19.61284],[-103.97356,19.61581],[-103.97022,19.61783],[-103.9713,19.61972],[-103.96906,19.6229],[-103.96946,19.62481],[-103.96646,19.62509],[-103.95877,19.63311],[-103.95055,19.63886],[-103.94748,19.63621],[-103.93927,19.63981],[-103.93446,19.63756],[-103.92755,19.64188],[-103.92825,19.64693],[-103.93085,19.64657],[-103.93195,19.64932],[-103.93841,19.65],[-103.93868,19.6535],[-103.94069,19.65577],[-103.93552,19.65686],[-103.93316,19.65547],[-103.92767,19.65561],[-103.91792,19.65821],[-103.90715,19.65683],[-103.9112,19.6608],[-103.91053,19.66355],[-103.90357,19.66345],[-103.89312,19.68031],[-103.88081,19.69272],[-103.87487,19.69186],[-103.87394,19.69353],[-103.88614,19.69968],[-103.88784,19.70248],[-103.89739,19.7025],[-103.89747,19.70402],[-103.88737,19.70569],[-103.87918,19.70457],[-103.87513,19.70616],[-103.8706,19.71647],[-103.8658,19.71555],[-103.86148,19.72293],[-103.86347,19.72532],[-103.86248,19.7274],[-103.86787,19.72846],[-103.86614,19.73172],[-103.86863,19.73321],[-103.86805,19.73566],[-103.8756,19.73753],[-103.8781,19.74061],[-103.87831,19.7437],[-103.88216,19.74447],[-103.88375,19.74734],[-103.89642,19.74657],[-103.8999,19.74416],[-103.90047,19.74032],[-103.90478,19.73904],[-103.90575,19.73574],[-103.91066,19.73819],[-103.91311,19.73727],[-103.91806,19.739],[-103.91954,19.736],[-103.92076,19.73727],[-103.92402,19.73502],[-103.92732,19.73628],[-103.92809,19.73491],[-103.92527,19.73262],[-103.92736,19.73104],[-103.92954,19.73128],[-103.9299,19.73362],[-103.93208,19.73478],[-103.93366,19.73182],[-103.93644,19.73283],[-103.93936,19.73131],[-103.9398,19.73558],[-103.94209,19.738],[-103.94551,19.73314],[-103.94853,19.73651],[-103.94992,19.7326],[-103.95144,19.73582],[-103.95762,19.73395],[-103.95828,19.7317],[-103.96354,19.7358],[-103.96941,19.73423],[-103.96829,19.73973],[-103.96983,19.7412],[-103.97161,19.73934],[-103.97111,19.73609],[-103.97543,19.73392],[-103.97771,19.73433],[-103.97886,19.73691],[-103.98087,19.73503],[-103.98539,19.7364],[-103.98925,19.73509],[-103.989,19.7368],[-103.98574,19.73845],[-103.98684,19.73982],[-103.98965,19.73918],[-103.99015,19.7367],[-103.99252,19.73556],[-103.99755,19.74009],[-104.00034,19.73936],[-104.02354,19.74352],[-104.02023,19.74717],[-104.02075,19.75029],[-104.01912,19.75248],[-104.02078,19.75419],[-104.02685,19.75543],[-104.02787,19.76121],[-104.02671,19.76422],[-104.03693,19.76562],[-104.04136,19.76781],[-104.04816,19.77802],[-104.04875,19.78119],[-104.05224,19.78257],[-104.05623,19.77926],[-104.06735,19.77729],[-104.07108,19.77363],[-104.07427,19.77298],[-104.09465,19.79177],[-104.10209,19.79355],[-104.10783,19.80534],[-104.11123,19.80727]]]}},{"type":"Feature","properties":{"cvegeo":"14107","nombre":"Tuxcueca"},"geometry":{"type":"Polygon","coordinates":[[[-103.3608,20.22662],[-103.36656,20.22091],[-103.36705,20.21832],[-103.37002,20.21668],[-103.37491,20.20892],[-103.37317,20.19722],[-103.37059,20.19336],[-103.36803,20.19363],[-103.36816,20.19245],[-103.3621,20.19001],[-103.35917,20.186],[-103.34352,20.17901],[-103.34205,20.17395],[-103.30278,20.17005],[-103.28698,20.16304],[-103.28549,20.16439],[-103.28599,20.16304],[-103.27635,20.15852],[-103.27643,20.15974],[-103.27017,20.1578],[-103.26897,20.16123],[-103.24574,20.15409],[-103.24586,20.15131],[-103.2393,20.14797],[-103.23448,20.15002],[-103.22277,20.144],[-103.22645,20.14065],[-103.22486,20.1391],[-103.22556,20.13797],[-103.21067,20.13871],[-103.21017,20.13588],[-103.20651,20.134],[-103.20474,20.13597],[-103.19893,20.13173],[-103.19307,20.1313],[-103.1911,20.12865],[-103.18809,20.13066],[-103.18676,20.12851],[-103.19046,20.12083],[-103.19345,20.11845],[-103.21018,20.11933],[-103.21528,20.12106],[-103.21903,20.1195],[-103.21853,20.1166],[-103.22115,20.11655],[-103.21976,20.11515],[-103.22159,20.11543],[-103.21961,20.11367],[-103.22049,20.11316],[-103.22738,20.11485],[-103.2326,20.11236],[-103.23965,20.11396],[-103.2403,20.11283],[-103.24309,20.11558],[-103.24464,20.1082],[-103.24339,20.10605],[-103.23923,20.1043],[-103.23808,20.10171],[-103.23939,20.09797],[-103.23892,20.08932],[-103.23592,20.08507],[-103.22637,20.07844],[-103.2244,20.07387],[-103.21681,20.07174],[-103.21467,20.06928],[-103.21242,20.07132],[-103.20443,20.06799],[-103.19812,20.06883],[-103.19768,20.06284],[-103.19551,20.06449],[-103.19024,20.06451],[-103.18913,20.05855],[-103.19029,20.05666],[-103.18885,20.05387],[-103.18365,20.05608],[-103.17892,20.05199],[-103.17347,20.05761],[-103.17202,20.05958],[-103.17013,20.07728],[-103.17132,20.07818],[-103.1705,20.08023],[-103.16487,20.08093],[-103.16612,20.08234],[-103.16515,20.08819],[-103.16669,20.08883],[-103.16962,20.09901],[-103.17172,20.10138],[-103.17029,20.10382],[-103.16366,20.10595],[-103.1643,20.10742],[-103.16209,20.10672],[-103.16563,20.10976],[-103.16496,20.11649],[-103.16785,20.12018],[-103.16158,20.12135],[-103.16199,20.11996],[-103.15246,20.11994],[-103.14883,20.1224],[-103.15852,20.12494],[-103.16067,20.12767],[-103.15843,20.13321],[-103.15866,20.1318],[-103.15487,20.13236],[-103.15578,20.134],[-103.15336,20.13595],[-103.1529,20.14132],[-103.15699,20.14454],[-103.15701,20.14966],[-103.15226,20.15266],[-103.16095,20.15471],[-103.16833,20.15265],[-103.17537,20.15538],[-103.17669,20.15731],[-103.18537,20.15817],[-103.19015,20.1669],[-103.1999,20.17537],[-103.21319,20.17618],[-103.21869,20.18189],[-103.22329,20.184],[-103.23882,20.18384],[-103.25156,20.19056],[-103.25737,20.19559],[-103.27606,20.19781],[-103.28898,20.196],[-103.29433,20.197],[-103.29599,20.1952],[-103.29978,20.1969],[-103.30126,20.19612],[-103.3092,20.20284],[-103.32584,20.21066],[-103.33135,20.21077],[-103.33722,20.21484],[-103.34599,20.21455],[-103.34993,20.21765],[-103.35769,20.21875],[-103.36145,20.22177],[-103.3608,20.22662]]]}},{"type":"Feature","properties":{"cvegeo":"14108","nombre":"Tuxpan"},"geometry":{"type":"Polygon","coordinates":[[[-103.52769,19.62989],[-103.52976,19.63284],[-103.53234,19.63203],[-103.53298,19.62942],[-103.53527,19.62819],[-103.55334,19.62595],[-103.55224,19.6248],[-103.55689,19.62209],[-103.55944,19.61772],[-103.56555,19.61716],[-103.56638,19.61079],[-103.57102,19.60938],[-103.56787,19.60815],[-103.56895,19.60673],[-103.57048,19.60796],[-103.57244,19.60316],[-103.57452,19.6049],[-103.57544,19.60249],[-103.57769,19.60498],[-103.57612,19.60292],[-103.58079,19.60094],[-103.58109,19.59849],[-103.58475,19.59829],[-103.58491,19.59965],[-103.58926,19.59599],[-103.58634,19.59523],[-103.58633,19.59397],[-103.59359,19.59419],[-103.59366,19.59276],[-103.59821,19.59112],[-103.60741,19.57896],[-103.6132,19.58213],[-103.61927,19.58228],[-103.62645,19.57565],[-103.62781,19.57045],[-103.6334,19.56864],[-103.64536,19.56822],[-103.64236,19.56677],[-103.64232,19.56123],[-103.63862,19.55491],[-103.64025,19.55429],[-103.63879,19.55319],[-103.64014,19.54658],[-103.63653,19.54109],[-103.65086,19.53933],[-103.6534,19.53576],[-103.65111,19.53499],[-103.65075,19.53662],[-103.6454,19.53348],[-103.64472,19.53533],[-103.64272,19.53446],[-103.64025,19.53682],[-103.63761,19.53428],[-103.64204,19.53148],[-103.64357,19.52773],[-103.64205,19.52502],[-103.64357,19.52399],[-103.64298,19.52225],[-103.64607,19.52011],[-103.64597,19.51298],[-103.61828,19.51252],[-103.59243,19.51778],[-103.59155,19.52034],[-103.59067,19.51916],[-103.59005,19.52032],[-103.58853,19.5195],[-103.58878,19.52061],[-103.58533,19.51268],[-103.58102,19.51054],[-103.57978,19.50721],[-103.5726,19.50451],[-103.56815,19.50054],[-103.56628,19.49153],[-103.55894,19.48614],[-103.55362,19.48583],[-103.54842,19.48339],[-103.54861,19.47899],[-103.54681,19.47683],[-103.54224,19.47716],[-103.53734,19.47537],[-103.5381,19.48124],[-103.54169,19.4864],[-103.53944,19.48891],[-103.53708,19.48803],[-103.52996,19.48323],[-103.53112,19.48184],[-103.52382,19.47156],[-103.51844,19.4699],[-103.51631,19.47079],[-103.51499,19.46604],[-103.51117,19.46644],[-103.51035,19.4614],[-103.50242,19.45711],[-103.49948,19.45792],[-103.4929,19.45275],[-103.48083,19.45107],[-103.4785,19.44994],[-103.47777,19.44424],[-103.47197,19.44418],[-103.47023,19.4389],[-103.47221,19.43808],[-103.47262,19.43371],[-103.47506,19.43296],[-103.47761,19.4346],[-103.47822,19.42974],[-103.48185,19.42974],[-103.48142,19.42465],[-103.48304,19.41941],[-103.48094,19.41344],[-103.47593,19.41512],[-103.4737,19.4118],[-103.47115,19.41207],[-103.47002,19.40914],[-103.46409,19.40954],[-103.46269,19.40701],[-103.46669,19.39634],[-103.46423,19.39407],[-103.46458,19.38823],[-103.45884,19.38236],[-103.46825,19.37561],[-103.47113,19.37576],[-103.47258,19.37276],[-103.47543,19.37256],[-103.47745,19.36299],[-103.48042,19.36366],[-103.48559,19.36199],[-103.48492,19.36032],[-103.48662,19.35857],[-103.48403,19.3544],[-103.48606,19.35115],[-103.48423,19.34815],[-103.48414,19.34248],[-103.48615,19.33987],[-103.48732,19.33365],[-103.4866,19.32793],[-103.49567,19.31976],[-103.49002,19.31452],[-103.48973,19.31098],[-103.49219,19.30837],[-103.49505,19.31031],[-103.49923,19.30851],[-103.50097,19.29975],[-103.50509,19.29934],[-103.50597,19.29618],[-103.50918,19.29515],[-103.50622,19.28971],[-103.50798,19.27534],[-103.50707,19.2727],[-103.50888,19.26711],[-103.50674,19.26639],[-103.50793,19.25825],[-103.50533,19.25327],[-103.50991,19.2433],[-103.50952,19.24176],[-103.50591,19.2422],[-103.50269,19.24557],[-103.49683,19.24772],[-103.49502,19.24677],[-103.49002,19.25131],[-103.49199,19.25354],[-103.48865,19.25448],[-103.48546,19.25295],[-103.48442,19.2548],[-103.47907,19.25228],[-103.47633,19.25298],[-103.47325,19.24802],[-103.46828,19.24945],[-103.46297,19.24898],[-103.4617,19.24754],[-103.45805,19.24847],[-103.45898,19.24652],[-103.45764,19.24643],[-103.4574,19.244],[-103.45389,19.24443],[-103.45291,19.24246],[-103.44571,19.24394],[-103.44463,19.24278],[-103.44136,19.24497],[-103.44184,19.24665],[-103.44306,19.24611],[-103.44261,19.2484],[-103.44033,19.24907],[-103.4404,19.25147],[-103.43749,19.25282],[-103.43823,19.2542],[-103.43691,19.25515],[-103.43034,19.25315],[-103.42892,19.2585],[-103.42563,19.26093],[-103.42377,19.26122],[-103.42419,19.26007],[-103.42159,19.25907],[-103.41857,19.25958],[-103.41796,19.26804],[-103.41538,19.27034],[-103.41534,19.2733],[-103.41746,19.27574],[-103.41527,19.27866],[-103.41568,19.2807],[-103.41277,19.28174],[-103.40608,19.28027],[-103.40425,19.28201],[-103.39804,19.27936],[-103.3955,19.28449],[-103.39375,19.28425],[-103.38828,19.2919],[-103.39133,19.29558],[-103.39458,19.29503],[-103.39504,19.2991],[-103.39849,19.30031],[-103.39789,19.30298],[-103.39501,19.30353],[-103.39628,19.30613],[-103.39367,19.31094],[-103.39554,19.31195],[-103.39353,19.31393],[-103.39235,19.31333],[-103.39407,19.3254],[-103.39199,19.32828],[-103.39428,19.33428],[-103.3935,19.33914],[-103.3949,19.34025],[-103.39366,19.34131],[-103.39566,19.34238],[-103.39594,19.34516],[-103.39416,19.34436],[-103.39399,19.34756],[-103.38948,19.34693],[-103.38941,19.35149],[-103.38498,19.35141],[-103.38816,19.35513],[-103.38512,19.35467],[-103.38602,19.35666],[-103.38801,19.35673],[-103.38777,19.35856],[-103.38569,19.35878],[-103.38685,19.36492],[-103.38476,19.36728],[-103.38322,19.36668],[-103.38381,19.36867],[-103.38172,19.36993],[-103.38006,19.36824],[-103.37904,19.36913],[-103.37915,19.37426],[-103.38094,19.37536],[-103.38013,19.37668],[-103.37814,19.37611],[-103.37845,19.38092],[-103.37289,19.38454],[-103.36666,19.39552],[-103.36828,19.39754],[-103.37121,19.3968],[-103.37259,19.4005],[-103.37688,19.39877],[-103.37901,19.40149],[-103.37807,19.40563],[-103.38094,19.40603],[-103.3799,19.41154],[-103.38099,19.4207],[-103.38018,19.42329],[-103.36246,19.42773],[-103.35494,19.43541],[-103.35064,19.4373],[-103.35032,19.43933],[-103.35423,19.44342],[-103.35125,19.44797],[-103.35123,19.45143],[-103.35333,19.45439],[-103.35554,19.46521],[-103.34938,19.45815],[-103.34453,19.45985],[-103.3407,19.45602],[-103.33871,19.45777],[-103.33771,19.45522],[-103.33337,19.45511],[-103.32536,19.46057],[-103.32713,19.46362],[-103.32577,19.46729],[-103.32942,19.47051],[-103.3291,19.47215],[-103.31589,19.47677],[-103.32385,19.47984],[-103.32599,19.48822],[-103.32943,19.48878],[-103.33194,19.49157],[-103.3313,19.49702],[-103.34007,19.50855],[-103.34172,19.50835],[-103.34306,19.51301],[-103.34352,19.51107],[-103.34572,19.51222],[-103.34478,19.51286],[-103.34598,19.51458],[-103.34564,19.5171],[-103.34312,19.5192],[-103.34305,19.52314],[-103.34024,19.52436],[-103.34034,19.52686],[-103.33473,19.52844],[-103.33175,19.53483],[-103.32448,19.53951],[-103.3289,19.55026],[-103.32632,19.56075],[-103.32043,19.5656],[-103.32408,19.56979],[-103.3136,19.57466],[-103.31372,19.57767],[-103.31542,19.57817],[-103.31431,19.58072],[-103.31064,19.57982],[-103.30841,19.58124],[-103.30528,19.5798],[-103.30757,19.58565],[-103.31041,19.58668],[-103.30795,19.58911],[-103.3087,19.58974],[-103.31053,19.58831],[-103.31948,19.59763],[-103.32338,19.5974],[-103.32531,19.59178],[-103.33161,19.58981],[-103.33407,19.59511],[-103.33674,19.59401],[-103.3384,19.59872],[-103.35433,19.59728],[-103.35703,19.5981],[-103.35885,19.60324],[-103.36344,19.60572],[-103.37802,19.59277],[-103.38208,19.59705],[-103.38568,19.59707],[-103.39069,19.6014],[-103.40419,19.60787],[-103.40647,19.61061],[-103.41024,19.61136],[-103.41596,19.61697],[-103.42215,19.6183],[-103.42896,19.62262],[-103.4405,19.62396],[-103.4405,19.62286],[-103.44394,19.6251],[-103.44755,19.62348],[-103.45439,19.62497],[-103.45499,19.62318],[-103.45931,19.62461],[-103.46332,19.623],[-103.46494,19.62793],[-103.47703,19.62285],[-103.48014,19.61858],[-103.48435,19.61627],[-103.49897,19.60991],[-103.50236,19.61189],[-103.50473,19.61133],[-103.50486,19.61371],[-103.50813,19.60973],[-103.50786,19.60566],[-103.51482,19.61414],[-103.52182,19.61701],[-103.52514,19.61687],[-103.53186,19.61223],[-103.52871,19.61543],[-103.53266,19.61505],[-103.53317,19.61687],[-103.53048,19.61745],[-103.52851,19.61997],[-103.53192,19.61877],[-103.53284,19.62241],[-103.5318,19.62339],[-103.5333,19.62379],[-103.53043,19.62512],[-103.53302,19.62639],[-103.52769,19.62989]]]}},{"type":"Feature","properties":{"cvegeo":"14109","nombre":"Unión de San Antonio"},"geometry":{"type":"Polygon","coordinates":[[[-101.98979,21.27845],[-101.9894,21.27543],[-101.99824,21.27521],[-101.99901,21.26823],[-102.00055,21.26864],[-102.00533,21.26424],[-102.01199,21.26364],[-102.01547,21.26725],[-102.01984,21.26795],[-102.02177,21.2738],[-102.02462,21.2746],[-102.02875,21.26957],[-102.02978,21.26586],[-102.03274,21.26398],[-102.03154,21.261],[-102.02865,21.25992],[-102.01881,21.26213],[-102.01661,21.25055],[-102.01202,21.24278],[-102.01325,21.23955],[-102.01749,21.23823],[-102.02409,21.23065],[-102.02275,21.2302],[-102.02433,21.22808],[-102.02738,21.22719],[-102.02868,21.22231],[-102.03235,21.22268],[-102.03331,21.22415],[-102.03764,21.23799],[-102.04032,21.24184],[-102.04474,21.23638],[-102.06822,21.23574],[-102.06811,21.23299],[-102.07631,21.22041],[-102.08086,21.21966],[-102.08809,21.22516],[-102.09235,21.22511],[-102.0923,21.23184],[-102.09911,21.23213],[-102.10378,21.23492],[-102.08878,21.24293],[-102.08507,21.24211],[-102.08418,21.24659],[-102.08555,21.24861],[-102.09182,21.24916],[-102.09465,21.25497],[-102.10311,21.25792],[-102.11038,21.26291],[-102.11451,21.27078],[-102.12541,21.2693],[-102.13193,21.26541],[-102.13669,21.26457],[-102.14026,21.25537],[-102.1396,21.2486],[-102.14409,21.24027],[-102.14354,21.23313],[-102.14533,21.22817],[-102.14755,21.22721],[-102.14472,21.22368],[-102.14632,21.21858],[-102.1424,21.21146],[-102.14323,21.20955],[-102.14837,21.20729],[-102.15132,21.20259],[-102.15608,21.19915],[-102.15849,21.20147],[-102.16234,21.20064],[-102.1622,21.20205],[-102.16435,21.20221],[-102.16462,21.19942],[-102.16541,21.2005],[-102.16671,21.19945],[-102.1651,21.19843],[-102.1701,21.19875],[-102.17056,21.19161],[-102.18353,21.18938],[-102.18598,21.18717],[-102.18867,21.1815],[-102.17982,21.17951],[-102.17674,21.18221],[-102.1733,21.18059],[-102.17101,21.18148],[-102.17108,21.17812],[-102.17384,21.17568],[-102.17212,21.16942],[-102.17821,21.17106],[-102.18439,21.168],[-102.1878,21.17054],[-102.18901,21.17378],[-102.19345,21.17374],[-102.1936,21.17151],[-102.18995,21.17091],[-102.19163,21.1698],[-102.18795,21.16507],[-102.19614,21.16166],[-102.19401,21.16059],[-102.19519,21.1587],[-102.19425,21.15208],[-102.19705,21.15121],[-102.19507,21.1459],[-102.19695,21.14267],[-102.19484,21.14366],[-102.19414,21.14186],[-102.19653,21.14098],[-102.20206,21.13347],[-102.19882,21.13351],[-102.19442,21.12949],[-102.19417,21.12304],[-102.1918,21.1221],[-102.19151,21.1176],[-102.18791,21.11763],[-102.188,21.11382],[-102.18568,21.1099],[-102.18075,21.10566],[-102.17606,21.108],[-102.15909,21.1084],[-102.15638,21.11262],[-102.15793,21.09061],[-102.1497,21.09746],[-102.13654,21.10173],[-102.13722,21.10631],[-102.13233,21.1065],[-102.13069,21.10884],[-102.12503,21.10585],[-102.12333,21.10169],[-102.11727,21.10313],[-102.11601,21.09972],[-102.11665,21.09092],[-102.10958,21.08999],[-102.10503,21.08081],[-102.09307,21.07918],[-102.0892,21.06957],[-102.08535,21.06919],[-102.08885,21.06663],[-102.08787,21.06344],[-102.09022,21.06434],[-102.09077,21.06318],[-102.08618,21.06125],[-102.08226,21.06515],[-102.07598,21.06468],[-102.083,21.05205],[-102.07827,21.03854],[-102.06568,21.03938],[-102.06529,21.03729],[-102.05239,21.03669],[-102.04228,21.04193],[-102.03659,21.04193],[-102.03571,21.03804],[-102.03124,21.04129],[-102.02881,21.04032],[-102.02742,21.04191],[-102.01681,21.04051],[-102.01433,21.04164],[-102.0141,21.04359],[-101.99419,21.0427],[-101.97991,21.04814],[-101.97612,21.05522],[-101.97229,21.0579],[-101.96977,21.05446],[-101.9619,21.0504],[-101.96102,21.05228],[-101.94686,21.05138],[-101.94252,21.05692],[-101.93151,21.0526],[-101.92789,21.0475],[-101.92311,21.04877],[-101.92255,21.04502],[-101.89511,21.06561],[-101.88999,21.06537],[-101.88647,21.06113],[-101.87494,21.07009],[-101.875,21.07588],[-101.8778,21.08543],[-101.87425,21.09358],[-101.86489,21.0959],[-101.83749,21.09677],[-101.83671,21.09976],[-101.82797,21.10007],[-101.82706,21.10298],[-101.82378,21.10314],[-101.81766,21.10705],[-101.82027,21.11867],[-101.82678,21.12208],[-101.83085,21.11937],[-101.83345,21.13727],[-101.82242,21.13592],[-101.81183,21.14124],[-101.81012,21.14855],[-101.8157,21.14953],[-101.81223,21.15492],[-101.80478,21.1585],[-101.80547,21.16462],[-101.80401,21.16635],[-101.78727,21.15638],[-101.7827,21.15808],[-101.78111,21.16053],[-101.78368,21.17118],[-101.78114,21.176],[-101.78133,21.18108],[-101.77977,21.18424],[-101.78066,21.19142],[-101.77443,21.19658],[-101.77376,21.21997],[-101.77881,21.21795],[-101.78393,21.21887],[-101.78965,21.21404],[-101.79428,21.21451],[-101.79992,21.21037],[-101.80336,21.21078],[-101.8086,21.2085],[-101.81043,21.20691],[-101.8086,21.20477],[-101.80892,21.19937],[-101.81091,21.19958],[-101.81094,21.19802],[-101.81682,21.19531],[-101.81819,21.19253],[-101.82922,21.19277],[-101.83071,21.18701],[-101.83255,21.18654],[-101.83291,21.18177],[-101.8409,21.18542],[-101.8475,21.17896],[-101.85243,21.17936],[-101.86215,21.17702],[-101.85979,21.18882],[-101.86157,21.1945],[-101.86864,21.19808],[-101.87048,21.20227],[-101.86848,21.20988],[-101.87066,21.21166],[-101.8712,21.21637],[-101.88066,21.23122],[-101.8853,21.23157],[-101.88295,21.23467],[-101.89144,21.24657],[-101.90055,21.24577],[-101.90055,21.25155],[-101.90605,21.25561],[-101.93494,21.25811],[-101.94863,21.25763],[-101.95977,21.26501],[-101.96204,21.2645],[-101.977,21.27236],[-101.98548,21.26688],[-101.98543,21.26808],[-101.98846,21.26649],[-101.98973,21.26853],[-101.98794,21.27264],[-101.9925,21.2745],[-101.9869,21.27462],[-101.98642,21.27722],[-101.98815,21.27672],[-101.98979,21.27845]]]}},{"type":"Feature","properties":{"cvegeo":"14110","nombre":"Unión de Tula"},"geometry":{"type":"Polygon","coordinates":[[[-104.18055,20.15018],[-104.18416,20.14255],[-104.193,20.13972],[-104.20716,20.14233],[-104.20994,20.14027],[-104.20546,20.13958],[-104.20524,20.13294],[-104.21453,20.12699],[-104.2217,20.11796],[-104.23449,20.11692],[-104.24215,20.12761],[-104.24384,20.12485],[-104.25384,20.12255],[-104.25976,20.11597],[-104.26347,20.11481],[-104.27084,20.11605],[-104.27164,20.11431],[-104.269,20.11175],[-104.26916,20.1061],[-104.272,20.09653],[-104.26587,20.09133],[-104.27337,20.09374],[-104.27932,20.09294],[-104.27952,20.09543],[-104.28102,20.0932],[-104.28375,20.09463],[-104.28245,20.09699],[-104.28776,20.09511],[-104.28924,20.0893],[-104.29768,20.08629],[-104.30203,20.08674],[-104.30638,20.07892],[-104.30247,20.07638],[-104.30485,20.07301],[-104.30462,20.07068],[-104.29969,20.06886],[-104.2981,20.06408],[-104.30322,20.0604],[-104.3122,20.06137],[-104.31346,20.05958],[-104.3096,20.05159],[-104.31505,20.04917],[-104.31549,20.04494],[-104.32009,20.04601],[-104.32471,20.05218],[-104.32835,20.05308],[-104.33116,20.05994],[-104.33691,20.05462],[-104.33867,20.05069],[-104.34039,20.05037],[-104.33574,20.0483],[-104.33584,20.04438],[-104.33051,20.04078],[-104.32848,20.03438],[-104.32262,20.02948],[-104.32305,20.02777],[-104.32627,20.02787],[-104.32652,20.02618],[-104.32279,20.02448],[-104.31753,20.02593],[-104.32077,20.02063],[-104.31898,20.01783],[-104.32079,20.01594],[-104.31983,20.01289],[-104.3216,20.00915],[-104.31861,20.0003],[-104.32176,19.99456],[-104.32422,19.9958],[-104.33263,19.99475],[-104.33437,19.99153],[-104.33674,19.99197],[-104.34009,20.00078],[-104.34285,20.00237],[-104.34501,19.99805],[-104.34414,19.988],[-104.34671,19.98717],[-104.35143,19.98975],[-104.35698,19.98896],[-104.35638,19.98594],[-104.36036,19.98222],[-104.36373,19.98488],[-104.36579,19.98315],[-104.36509,19.97582],[-104.37595,19.9756],[-104.37663,19.96868],[-104.37498,19.96352],[-104.37079,19.959],[-104.37519,19.95233],[-104.37631,19.94473],[-104.37335,19.94112],[-104.37328,19.93687],[-104.37643,19.93492],[-104.37702,19.93209],[-104.36322,19.92308],[-104.36217,19.91305],[-104.36451,19.90822],[-104.36377,19.9062],[-104.35617,19.90383],[-104.35601,19.89732],[-104.35296,19.89031],[-104.35085,19.88886],[-104.3458,19.8898],[-104.34078,19.88712],[-104.34192,19.88302],[-104.33963,19.88108],[-104.33338,19.88525],[-104.33154,19.8776],[-104.32154,19.87702],[-104.31847,19.87197],[-104.31459,19.87052],[-104.30816,19.87091],[-104.30501,19.86375],[-104.29031,19.85793],[-104.2879,19.86032],[-104.28436,19.87747],[-104.29135,19.88146],[-104.29012,19.88365],[-104.29292,19.88904],[-104.29032,19.89283],[-104.28814,19.89218],[-104.28375,19.89519],[-104.27877,19.89288],[-104.27077,19.89337],[-104.27022,19.89462],[-104.26134,19.88653],[-104.25824,19.88869],[-104.25761,19.89047],[-104.25966,19.89173],[-104.25702,19.89526],[-104.25735,19.89927],[-104.256,19.90109],[-104.25316,19.90019],[-104.24762,19.89468],[-104.23658,19.89247],[-104.23234,19.88745],[-104.23124,19.88852],[-104.22924,19.88648],[-104.22464,19.88716],[-104.2219,19.89024],[-104.21582,19.88987],[-104.21027,19.89864],[-104.20747,19.90659],[-104.20337,19.91905],[-104.20238,19.92827],[-104.1959,19.92574],[-104.19183,19.9285],[-104.18216,19.93114],[-104.17968,19.93575],[-104.17944,19.93998],[-104.17355,19.94206],[-104.1738,19.94918],[-104.17549,19.95152],[-104.16902,19.96063],[-104.16797,19.95962],[-104.16288,19.96396],[-104.15617,19.9623],[-104.15443,19.96335],[-104.14848,19.95942],[-104.14639,19.95923],[-104.14289,19.96212],[-104.14179,19.96068],[-104.14002,19.9617],[-104.14078,19.96999],[-104.13862,19.97397],[-104.13907,19.97642],[-104.13475,19.97839],[-104.13462,19.98176],[-104.13198,19.98107],[-104.13093,19.98336],[-104.12977,19.98263],[-104.12976,19.98505],[-104.12754,19.9857],[-104.12841,19.98797],[-104.1257,19.99153],[-104.12585,19.99543],[-104.1281,19.99586],[-104.12723,19.9971],[-104.12924,19.99897],[-104.1342,20.00106],[-104.14091,20.01565],[-104.15098,20.01723],[-104.15377,20.02482],[-104.15888,20.02632],[-104.16129,20.0287],[-104.16358,20.02834],[-104.16461,20.03023],[-104.16101,20.03054],[-104.16981,20.03129],[-104.17223,20.02887],[-104.18015,20.03108],[-104.17994,20.02589],[-104.18125,20.02573],[-104.18227,20.02816],[-104.18348,20.02794],[-104.18299,20.03113],[-104.18738,20.03213],[-104.18832,20.03473],[-104.19233,20.03391],[-104.19523,20.03793],[-104.19261,20.04135],[-104.19381,20.04426],[-104.19156,20.05381],[-104.17856,20.06723],[-104.17883,20.07035],[-104.18263,20.07493],[-104.18254,20.08239],[-104.18697,20.08799],[-104.18538,20.09102],[-104.18912,20.0951],[-104.1845,20.09635],[-104.18307,20.10053],[-104.17889,20.10367],[-104.18121,20.11053],[-104.1808,20.12281],[-104.18292,20.127],[-104.17637,20.1418],[-104.17627,20.14669],[-104.1774,20.14632],[-104.17801,20.14888],[-104.18055,20.15018]]]}},{"type":"Feature","properties":{"cvegeo":"14111","nombre":"Valle de Guadalupe"},"geometry":{"type":"Polygon","coordinates":[[[-102.61564,21.14272],[-102.6297,21.14188],[-102.63399,21.13971],[-102.63821,21.14123],[-102.63811,21.13941],[-102.63658,21.13974],[-102.63142,21.13343],[-102.62866,21.13279],[-102.63041,21.12306],[-102.63718,21.1262],[-102.63505,21.12272],[-102.63558,21.11707],[-102.6387,21.1172],[-102.64122,21.12018],[-102.6398,21.12157],[-102.64167,21.12634],[-102.64037,21.12818],[-102.6443,21.12937],[-102.64347,21.1281],[-102.6456,21.12831],[-102.64571,21.13332],[-102.64807,21.13369],[-102.6479,21.13544],[-102.64979,21.13617],[-102.64999,21.1323],[-102.65612,21.12954],[-102.65749,21.12523],[-102.6634,21.12149],[-102.66718,21.11592],[-102.67358,21.11437],[-102.67891,21.11982],[-102.68187,21.11852],[-102.68206,21.11557],[-102.68491,21.11286],[-102.68612,21.09809],[-102.68861,21.09267],[-102.69196,21.09457],[-102.69734,21.09179],[-102.70262,21.09261],[-102.70662,21.10144],[-102.70218,21.103],[-102.70683,21.10433],[-102.70643,21.10252],[-102.72283,21.08334],[-102.72597,21.0816],[-102.73142,21.08227],[-102.73333,21.08586],[-102.73933,21.08548],[-102.73956,21.08911],[-102.74436,21.0898],[-102.74573,21.09211],[-102.74098,21.09516],[-102.73762,21.10067],[-102.73869,21.10118],[-102.73617,21.10215],[-102.73862,21.10218],[-102.7404,21.09981],[-102.74537,21.09822],[-102.7508,21.10094],[-102.75374,21.09969],[-102.75477,21.10407],[-102.75697,21.10367],[-102.75925,21.10029],[-102.76342,21.10001],[-102.76342,21.09594],[-102.76668,21.09259],[-102.76748,21.08799],[-102.77225,21.08489],[-102.77183,21.07977],[-102.77729,21.07008],[-102.78013,21.07027],[-102.7816,21.07942],[-102.7846,21.07417],[-102.79192,21.07003],[-102.79434,21.07063],[-102.79409,21.07244],[-102.79674,21.07001],[-102.79604,21.07249],[-102.80073,21.07274],[-102.8008,21.07105],[-102.80874,21.07164],[-102.81377,21.06915],[-102.81659,21.06947],[-102.81468,21.06455],[-102.82475,21.06003],[-102.81702,21.05204],[-102.81384,21.04339],[-102.81457,21.04046],[-102.8196,21.03712],[-102.81952,21.03487],[-102.81584,21.03491],[-102.81017,21.03023],[-102.80417,21.03028],[-102.79752,21.0272],[-102.79106,21.03317],[-102.78976,21.03109],[-102.78666,21.03062],[-102.78657,21.02759],[-102.7815,21.028],[-102.78033,21.02594],[-102.77329,21.03025],[-102.7712,21.03608],[-102.76693,21.0355],[-102.76749,21.03785],[-102.76437,21.04253],[-102.76077,21.04025],[-102.76278,21.03598],[-102.75764,21.03149],[-102.74336,21.03615],[-102.73776,21.03151],[-102.73436,21.03757],[-102.73092,21.03945],[-102.72903,21.03588],[-102.72504,21.03372],[-102.73053,21.02421],[-102.72993,21.0193],[-102.72788,21.01898],[-102.72698,21.01473],[-102.72284,21.00859],[-102.72622,21.00291],[-102.69571,21.00603],[-102.68584,21.00354],[-102.68628,21.00019],[-102.68868,20.99891],[-102.68747,20.99186],[-102.68862,20.99135],[-102.68649,20.98851],[-102.69006,20.98605],[-102.69022,20.9819],[-102.6868,20.98147],[-102.68706,20.98007],[-102.66993,20.96233],[-102.66691,20.96354],[-102.666,20.96711],[-102.66395,20.96651],[-102.66087,20.96978],[-102.65831,20.97356],[-102.65899,20.97665],[-102.65237,20.9769],[-102.65231,20.98159],[-102.64932,20.98215],[-102.6463,20.97505],[-102.64371,20.97326],[-102.65681,20.96023],[-102.64957,20.95842],[-102.64872,20.95468],[-102.64356,20.95246],[-102.64433,20.94761],[-102.63767,20.94761],[-102.63023,20.94372],[-102.616,20.94241],[-102.61157,20.94511],[-102.60604,20.94468],[-102.60355,20.94848],[-102.59808,20.95063],[-102.59104,20.94896],[-102.58312,20.95097],[-102.583,20.95345],[-102.57954,20.95416],[-102.58023,20.95857],[-102.58185,20.9587],[-102.5797,20.95916],[-102.58002,20.96067],[-102.5733,20.96959],[-102.56861,20.97223],[-102.56472,20.97124],[-102.56137,20.97695],[-102.56171,20.98283],[-102.56296,20.9827],[-102.56783,20.9894],[-102.57156,20.99086],[-102.57329,20.99667],[-102.57273,21.00175],[-102.56527,21.00919],[-102.56137,21.01064],[-102.54993,21.01992],[-102.54573,21.01396],[-102.53894,21.01557],[-102.53438,21.01947],[-102.53255,21.02426],[-102.52741,21.02798],[-102.52521,21.03304],[-102.54473,21.03827],[-102.55305,21.06266],[-102.55806,21.0662],[-102.5551,21.06735],[-102.55345,21.06615],[-102.55105,21.07009],[-102.55291,21.07275],[-102.54953,21.07599],[-102.55063,21.07694],[-102.54972,21.08625],[-102.54814,21.08781],[-102.54937,21.09026],[-102.54791,21.09864],[-102.55006,21.10105],[-102.55004,21.10485],[-102.54679,21.1124],[-102.55687,21.11585],[-102.56137,21.11281],[-102.57234,21.11392],[-102.57397,21.11611],[-102.57866,21.11557],[-102.5852,21.11872],[-102.59217,21.11657],[-102.59247,21.12204],[-102.58885,21.12725],[-102.5822,21.12611],[-102.57335,21.12907],[-102.57391,21.13477],[-102.57182,21.13817],[-102.57345,21.14062],[-102.58326,21.13462],[-102.58941,21.13513],[-102.59278,21.13259],[-102.59815,21.13263],[-102.60371,21.1365],[-102.60853,21.13544],[-102.60813,21.13663],[-102.60966,21.13638],[-102.61208,21.13904],[-102.60994,21.14017],[-102.61564,21.14272]]]}},{"type":"Feature","properties":{"cvegeo":"14112","nombre":"Valle de Juárez"},"geometry":{"type":"Polygon","coordinates":[[[-102.95121,19.99656],[-102.95489,19.99468],[-102.95495,19.99571],[-102.95846,19.99538],[-102.95844,19.99199],[-102.96263,19.99267],[-102.96331,19.98984],[-102.9685,19.99112],[-102.97793,19.98719],[-102.99381,19.98389],[-102.99991,19.97513],[-103.00449,19.97171],[-103.01222,19.97016],[-103.01076,19.96703],[-103.01548,19.95975],[-103.01157,19.95911],[-103.00821,19.95648],[-103.00635,19.95049],[-103.00665,19.94131],[-102.99987,19.93873],[-103.00102,19.93859],[-103.00078,19.93511],[-102.99356,19.93435],[-102.99047,19.93567],[-102.9941,19.91893],[-102.9934,19.90754],[-102.99783,19.8917],[-102.98697,19.882],[-102.98666,19.87815],[-102.97918,19.87841],[-102.97797,19.87652],[-102.9802,19.86886],[-102.99399,19.87024],[-102.98485,19.85918],[-102.98547,19.85286],[-102.98208,19.84624],[-102.98681,19.84302],[-102.98159,19.83011],[-102.98207,19.8281],[-102.99024,19.82438],[-102.99048,19.82001],[-102.99279,19.81795],[-102.99118,19.8145],[-102.9934,19.81394],[-102.99675,19.8096],[-102.99734,19.80621],[-102.99854,19.80754],[-102.99925,19.80316],[-103.0011,19.80196],[-102.99796,19.79865],[-102.99817,19.79385],[-102.9962,19.79436],[-102.99587,19.79025],[-103.00038,19.78485],[-103.00971,19.78859],[-103.0083,19.79155],[-103.01612,19.78782],[-103.01886,19.76957],[-103.02242,19.76353],[-103.0103,19.74933],[-103.00722,19.74715],[-103.00347,19.74698],[-103.00632,19.73634],[-103.005,19.73456],[-103.00667,19.73316],[-103.00525,19.73203],[-103.00601,19.72974],[-103.01304,19.72248],[-103.01576,19.71549],[-103.01942,19.71637],[-103.01771,19.71324],[-103.02339,19.7122],[-103.02287,19.70927],[-103.01837,19.70768],[-103.01544,19.69969],[-103.01325,19.69903],[-103.01298,19.69621],[-103.00746,19.68843],[-102.99921,19.68579],[-103.00325,19.68205],[-103.00151,19.6812],[-103.00188,19.67617],[-103.00524,19.67526],[-103.00211,19.67281],[-103.00917,19.66916],[-103.011,19.66507],[-103.01469,19.66292],[-103.00977,19.657],[-103.0066,19.65634],[-103.00865,19.6467],[-103.00651,19.64032],[-103.00437,19.63897],[-103.00176,19.6429],[-102.99752,19.64171],[-102.99458,19.63666],[-102.99252,19.63523],[-102.98892,19.63555],[-102.98847,19.6329],[-102.98776,19.63555],[-102.98454,19.63498],[-102.98312,19.63275],[-102.9766,19.63444],[-102.97358,19.63334],[-102.97315,19.63606],[-102.97077,19.63643],[-102.96956,19.63844],[-102.97004,19.64676],[-102.9685,19.64699],[-102.96771,19.64997],[-102.97026,19.65448],[-102.96739,19.6552],[-102.96858,19.65753],[-102.96657,19.65851],[-102.96624,19.66077],[-102.96306,19.66102],[-102.95486,19.65842],[-102.95156,19.66253],[-102.94872,19.67233],[-102.94353,19.67749],[-102.94303,19.6807],[-102.95001,19.68851],[-102.94983,19.69004],[-102.95238,19.68989],[-102.95678,19.69556],[-102.96441,19.69715],[-102.96416,19.70431],[-102.96136,19.7121],[-102.96317,19.7139],[-102.95893,19.72062],[-102.96381,19.72605],[-102.9713,19.72865],[-102.97159,19.73169],[-102.97466,19.7331],[-102.97304,19.74271],[-102.97065,19.74685],[-102.98226,19.74732],[-102.98779,19.75155],[-102.98372,19.75884],[-102.9828,19.76713],[-102.96797,19.77273],[-102.96335,19.7798],[-102.96749,19.77979],[-102.96953,19.78421],[-102.96596,19.79395],[-102.96821,19.7955],[-102.97155,19.79488],[-102.97926,19.79682],[-102.98576,19.80236],[-102.97325,19.81823],[-102.97897,19.82958],[-102.97341,19.84249],[-102.97481,19.84507],[-102.97244,19.84615],[-102.97692,19.84871],[-102.97471,19.85224],[-102.97702,19.85161],[-102.97899,19.85345],[-102.97804,19.85522],[-102.97968,19.85529],[-102.97804,19.85671],[-102.98199,19.85951],[-102.97985,19.85873],[-102.9813,19.86118],[-102.97586,19.86416],[-102.97901,19.86328],[-102.97892,19.86808],[-102.97828,19.86685],[-102.97403,19.86902],[-102.96755,19.86735],[-102.96226,19.86822],[-102.9583,19.87363],[-102.95345,19.87701],[-102.9527,19.87982],[-102.95481,19.88231],[-102.95103,19.88256],[-102.94798,19.88636],[-102.93969,19.89001],[-102.93802,19.89219],[-102.92808,19.89083],[-102.92368,19.89236],[-102.92568,19.89459],[-102.92379,19.89683],[-102.9151,19.89954],[-102.91876,19.90115],[-102.91834,19.90578],[-102.9198,19.90698],[-102.91798,19.91163],[-102.91946,19.91304],[-102.91731,19.92077],[-102.92014,19.92391],[-102.91936,19.92647],[-102.92142,19.92646],[-102.91941,19.9389],[-102.9162,19.94597],[-102.91389,19.9477],[-102.90984,19.95833],[-102.90887,19.97073],[-102.92627,19.98419],[-102.93362,19.98611],[-102.93644,19.98286],[-102.94362,19.98413],[-102.94577,19.99109],[-102.95121,19.99656]]]}},{"type":"Feature","properties":{"cvegeo":"14114","nombre":"Villa Corona"},"geometry":{"type":"Polygon","coordinates":[[[-103.76658,20.53495],[-103.77257,20.53394],[-103.77461,20.5302],[-103.77932,20.53361],[-103.78207,20.53319],[-103.78197,20.53094],[-103.77805,20.52681],[-103.77934,20.52589],[-103.77408,20.52303],[-103.77284,20.51835],[-103.7702,20.51714],[-103.77269,20.51139],[-103.77692,20.51173],[-103.78025,20.50793],[-103.78086,20.50477],[-103.77808,20.5032],[-103.78357,20.50138],[-103.78111,20.50021],[-103.78344,20.49966],[-103.78001,20.49802],[-103.78666,20.49466],[-103.78981,20.49548],[-103.78981,20.49386],[-103.78039,20.48742],[-103.78039,20.48266],[-103.78334,20.47427],[-103.78593,20.47541],[-103.78647,20.47311],[-103.7851,20.47134],[-103.78309,20.4724],[-103.78461,20.46993],[-103.78333,20.47012],[-103.77839,20.45649],[-103.77773,20.44895],[-103.77552,20.44473],[-103.77268,20.45019],[-103.77079,20.44942],[-103.77067,20.44752],[-103.76444,20.44806],[-103.76336,20.44608],[-103.76091,20.44824],[-103.75486,20.44824],[-103.75218,20.44527],[-103.75202,20.43669],[-103.75367,20.43058],[-103.74921,20.42275],[-103.75649,20.41498],[-103.75693,20.40788],[-103.75879,20.4046],[-103.75502,20.40323],[-103.75506,20.40176],[-103.7613,20.39827],[-103.7624,20.3955],[-103.75705,20.39106],[-103.7493,20.39068],[-103.74693,20.38913],[-103.74493,20.38545],[-103.74587,20.37942],[-103.74181,20.37328],[-103.74363,20.37226],[-103.74237,20.37001],[-103.74415,20.36729],[-103.73945,20.36402],[-103.73964,20.36112],[-103.73755,20.3607],[-103.73748,20.35903],[-103.74299,20.35115],[-103.74518,20.35063],[-103.74698,20.34574],[-103.75283,20.34307],[-103.75423,20.33918],[-103.76317,20.34316],[-103.76388,20.34166],[-103.7602,20.33546],[-103.76066,20.33169],[-103.76234,20.32953],[-103.77028,20.32819],[-103.77024,20.31698],[-103.77782,20.31597],[-103.77898,20.31115],[-103.77482,20.30369],[-103.77276,20.3032],[-103.77238,20.29436],[-103.76202,20.26629],[-103.74238,20.26401],[-103.743,20.2598],[-103.73526,20.24387],[-103.72634,20.24333],[-103.71887,20.24486],[-103.71792,20.24369],[-103.71693,20.24681],[-103.7088,20.25004],[-103.70643,20.25437],[-103.71011,20.26695],[-103.71479,20.27182],[-103.71383,20.27341],[-103.70957,20.27502],[-103.70896,20.27792],[-103.70704,20.27864],[-103.69859,20.27531],[-103.69949,20.28367],[-103.69792,20.28566],[-103.68609,20.29052],[-103.68316,20.28769],[-103.6766,20.29138],[-103.67669,20.29619],[-103.67833,20.29747],[-103.67614,20.29973],[-103.68227,20.31456],[-103.66532,20.31221],[-103.66376,20.32082],[-103.65931,20.3208],[-103.65909,20.32352],[-103.66306,20.33264],[-103.66101,20.33222],[-103.66072,20.33022],[-103.65753,20.32931],[-103.6582,20.33182],[-103.62493,20.31901],[-103.61299,20.34362],[-103.6135,20.38349],[-103.61816,20.38344],[-103.61861,20.38557],[-103.62091,20.38486],[-103.62026,20.38304],[-103.62175,20.38248],[-103.62895,20.40332],[-103.62981,20.40921],[-103.62493,20.41054],[-103.62175,20.41828],[-103.64444,20.41116],[-103.64415,20.41504],[-103.64764,20.41557],[-103.64741,20.41993],[-103.65005,20.42298],[-103.64971,20.42489],[-103.6512,20.42515],[-103.65092,20.42363],[-103.65297,20.42327],[-103.65528,20.41987],[-103.65609,20.42519],[-103.65743,20.42605],[-103.65955,20.42273],[-103.6751,20.43564],[-103.6772,20.44329],[-103.68198,20.44957],[-103.68164,20.46006],[-103.68402,20.46205],[-103.68411,20.46428],[-103.68646,20.4639],[-103.68749,20.4655],[-103.68638,20.46804],[-103.68838,20.47434],[-103.68705,20.47596],[-103.68815,20.47768],[-103.68682,20.48016],[-103.686,20.5012],[-103.68822,20.50248],[-103.68706,20.50564],[-103.68895,20.52132],[-103.69444,20.52383],[-103.70866,20.51906],[-103.7114,20.5168],[-103.71198,20.51385],[-103.71484,20.51384],[-103.71647,20.51648],[-103.72605,20.51339],[-103.72849,20.51633],[-103.73483,20.51858],[-103.73594,20.52114],[-103.74174,20.521],[-103.75069,20.52749],[-103.75287,20.52583],[-103.75573,20.52611],[-103.76658,20.53495]]]}},{"type":"Feature","properties":{"cvegeo":"14115","nombre":"Villa Guerrero"},"geometry":{"type":"Polygon","coordinates":[[[-103.7743,22.17205],[-103.78738,22.16807],[-103.79274,22.15839],[-103.79256,22.15523],[-103.80003,22.15524],[-103.80856,22.15106],[-103.80448,22.14565],[-103.80685,22.14318],[-103.81145,22.14276],[-103.81485,22.13994],[-103.82079,22.1385],[-103.82741,22.13968],[-103.83088,22.13819],[-103.83359,22.14679],[-103.84025,22.1404],[-103.83933,22.13463],[-103.83612,22.12969],[-103.83303,22.1292],[-103.83087,22.12577],[-103.83093,22.11981],[-103.83667,22.11596],[-103.83871,22.09846],[-103.84564,22.08777],[-103.84554,22.0729],[-103.84312,22.07082],[-103.83667,22.07046],[-103.83633,22.06805],[-103.83014,22.06665],[-103.82944,22.06405],[-103.82187,22.06146],[-103.82313,22.05873],[-103.8208,22.05768],[-103.8214,22.05562],[-103.81865,22.0548],[-103.81629,22.04786],[-103.81036,22.04698],[-103.80911,22.0422],[-103.8052,22.03895],[-103.80093,22.03084],[-103.80765,22.0233],[-103.81761,22.01999],[-103.82027,22.01572],[-103.82516,22.0124],[-103.83991,22.01074],[-103.83661,21.99691],[-103.83733,21.99196],[-103.83536,21.99048],[-103.83536,21.98803],[-103.8387,21.97862],[-103.84163,21.97635],[-103.84756,21.97632],[-103.85052,21.97428],[-103.84844,21.9692],[-103.85117,21.96283],[-103.84172,21.95334],[-103.83825,21.9536],[-103.83389,21.95082],[-103.83346,21.95313],[-103.83033,21.95373],[-103.82829,21.95166],[-103.83204,21.94945],[-103.83294,21.9461],[-103.83816,21.94376],[-103.8428,21.93858],[-103.84282,21.93657],[-103.82546,21.93708],[-103.8407,21.9293],[-103.84056,21.92792],[-103.83869,21.92613],[-103.83377,21.92692],[-103.82017,21.93338],[-103.81596,21.93322],[-103.81148,21.93637],[-103.81014,21.93516],[-103.79778,21.93508],[-103.79377,21.94028],[-103.7938,21.94364],[-103.79573,21.94418],[-103.78886,21.95835],[-103.7829,21.96286],[-103.7782,21.96233],[-103.77403,21.96808],[-103.76652,21.97001],[-103.7578,21.97761],[-103.74773,21.97593],[-103.74677,21.97461],[-103.74368,21.97619],[-103.73967,21.97567],[-103.73302,21.97308],[-103.72484,21.97463],[-103.7218,21.9695],[-103.71821,21.968],[-103.71128,21.96996],[-103.70815,21.96891],[-103.70618,21.96526],[-103.70139,21.96242],[-103.70129,21.95281],[-103.70374,21.94889],[-103.6937,21.94784],[-103.69212,21.94573],[-103.68908,21.94678],[-103.67999,21.94146],[-103.68125,21.93585],[-103.68034,21.9319],[-103.68348,21.92819],[-103.67691,21.91837],[-103.67359,21.91764],[-103.66552,21.92185],[-103.65871,21.92298],[-103.65471,21.92074],[-103.65064,21.92075],[-103.64937,21.91738],[-103.65092,21.91539],[-103.64995,21.90802],[-103.65145,21.90063],[-103.65432,21.8987],[-103.65331,21.89649],[-103.65791,21.89217],[-103.6555,21.88911],[-103.6522,21.8769],[-103.64917,21.87388],[-103.64976,21.86938],[-103.64653,21.86944],[-103.64448,21.8728],[-103.63766,21.87443],[-103.63512,21.87311],[-103.62873,21.87591],[-103.62215,21.86919],[-103.61574,21.86951],[-103.60958,21.86687],[-103.6026,21.86973],[-103.59979,21.86729],[-103.59607,21.86806],[-103.59461,21.87251],[-103.58947,21.87498],[-103.58765,21.87811],[-103.58922,21.88026],[-103.58448,21.8866],[-103.58515,21.89681],[-103.58346,21.89951],[-103.57272,21.90012],[-103.5676,21.90302],[-103.54795,21.90238],[-103.54973,21.92461],[-103.5549,21.92622],[-103.55925,21.92335],[-103.5623,21.92433],[-103.57069,21.92259],[-103.5782,21.92318],[-103.57049,21.94051],[-103.56031,21.94824],[-103.55811,21.95225],[-103.55318,21.95217],[-103.55164,21.95936],[-103.54856,21.96007],[-103.54715,21.96348],[-103.54368,21.96622],[-103.5376,21.96719],[-103.53319,21.97307],[-103.55124,21.97441],[-103.55694,21.97938],[-103.56414,21.98133],[-103.56025,21.98721],[-103.55548,21.98971],[-103.55217,21.98934],[-103.55029,21.99042],[-103.55099,21.99187],[-103.54271,21.99094],[-103.54327,21.99235],[-103.53069,21.99724],[-103.53426,22.00224],[-103.53589,22.00239],[-103.53672,22.00548],[-103.54016,22.00386],[-103.54451,22.00579],[-103.5414,22.01626],[-103.54227,22.01718],[-103.54035,22.01862],[-103.54182,22.02137],[-103.54188,22.03298],[-103.54621,22.03323],[-103.54705,22.03742],[-103.54913,22.03535],[-103.55075,22.04737],[-103.54958,22.05074],[-103.55043,22.05692],[-103.54841,22.06149],[-103.55137,22.06736],[-103.55011,22.07981],[-103.5454,22.08582],[-103.54442,22.09261],[-103.53981,22.09815],[-103.53724,22.0989],[-103.53234,22.10682],[-103.53543,22.11134],[-103.53469,22.11442],[-103.53814,22.1187],[-103.53819,22.12145],[-103.54274,22.12061],[-103.54506,22.12275],[-103.54488,22.12642],[-103.55069,22.13061],[-103.54961,22.13389],[-103.55087,22.13608],[-103.55477,22.13432],[-103.55923,22.13661],[-103.56687,22.13608],[-103.56972,22.13192],[-103.57613,22.13094],[-103.57995,22.12683],[-103.57971,22.12257],[-103.57737,22.11998],[-103.58112,22.10487],[-103.58527,22.10939],[-103.59334,22.11177],[-103.60109,22.10344],[-103.60477,22.10165],[-103.60554,22.09782],[-103.6204,22.09849],[-103.62622,22.10263],[-103.62853,22.10633],[-103.63613,22.10642],[-103.64795,22.1005],[-103.65126,22.10089],[-103.65392,22.104],[-103.66093,22.10266],[-103.66711,22.10529],[-103.67013,22.10849],[-103.68475,22.1099],[-103.68633,22.113],[-103.68509,22.1149],[-103.6776,22.11611],[-103.67737,22.11871],[-103.68022,22.1237],[-103.68639,22.12499],[-103.69179,22.12943],[-103.69687,22.12697],[-103.70123,22.1269],[-103.69854,22.13046],[-103.69995,22.13207],[-103.70399,22.13165],[-103.70549,22.13544],[-103.70229,22.14117],[-103.704,22.14486],[-103.69883,22.14786],[-103.70315,22.15137],[-103.70698,22.16005],[-103.71275,22.1583],[-103.72221,22.16304],[-103.72465,22.16637],[-103.72432,22.16959],[-103.72825,22.17199],[-103.73078,22.17068],[-103.73044,22.16883],[-103.73191,22.16796],[-103.73086,22.16615],[-103.73233,22.16573],[-103.73114,22.16411],[-103.73215,22.16297],[-103.73065,22.16132],[-103.73346,22.15983],[-103.73515,22.1544],[-103.73884,22.15342],[-103.7384,22.15493],[-103.74102,22.15737],[-103.74731,22.15247],[-103.75642,22.15337],[-103.75726,22.15535],[-103.76355,22.15653],[-103.76103,22.16087],[-103.76487,22.16334],[-103.76585,22.16844],[-103.77422,22.16657],[-103.77159,22.17039],[-103.7743,22.17205]]]}},{"type":"Feature","properties":{"cvegeo":"14075","nombre":"San Marcos"},"geometry":{"type":"Polygon","coordinates":[[[-104.21594,20.9233],[-104.21831,20.9208],[-104.21759,20.9189],[-104.22381,20.91793],[-104.22806,20.91188],[-104.23261,20.90979],[-104.23328,20.90717],[-104.23854,20.90322],[-104.23924,20.89999],[-104.24187,20.90086],[-104.24375,20.89767],[-104.24957,20.89615],[-104.25045,20.89455],[-104.25175,20.89556],[-104.25325,20.89285],[-104.25949,20.89397],[-104.26845,20.88726],[-104.29092,20.8878],[-104.28841,20.88534],[-104.28544,20.87499],[-104.27911,20.86452],[-104.29069,20.86234],[-104.29021,20.84902],[-104.29512,20.84788],[-104.29542,20.8455],[-104.29823,20.84744],[-104.30209,20.84572],[-104.30882,20.84681],[-104.31267,20.84297],[-104.31262,20.84042],[-104.3157,20.84074],[-104.31842,20.83857],[-104.32252,20.84129],[-104.33169,20.84274],[-104.33426,20.84666],[-104.34195,20.84416],[-104.34524,20.84639],[-104.34735,20.84477],[-104.34999,20.8457],[-104.35357,20.84279],[-104.35631,20.84371],[-104.35999,20.84193],[-104.35929,20.84008],[-104.36177,20.84093],[-104.36174,20.83846],[-104.35836,20.83434],[-104.35891,20.82401],[-104.3571,20.81987],[-104.36027,20.81984],[-104.36406,20.81393],[-104.3504,20.81164],[-104.37589,20.78407],[-104.37522,20.77544],[-104.36645,20.78307],[-104.36144,20.78541],[-104.35825,20.79053],[-104.34635,20.79321],[-104.34529,20.79075],[-104.33579,20.78988],[-104.32832,20.7981],[-104.29762,20.7708],[-104.29155,20.77063],[-104.2902,20.77301],[-104.29219,20.77714],[-104.28991,20.78134],[-104.28286,20.78348],[-104.28002,20.76893],[-104.27447,20.76999],[-104.27351,20.76842],[-104.25986,20.73533],[-104.25418,20.7304],[-104.24152,20.72377],[-104.23888,20.72571],[-104.23445,20.72614],[-104.22916,20.72439],[-104.22489,20.72658],[-104.22006,20.72501],[-104.21417,20.72963],[-104.21416,20.7313],[-104.21068,20.7313],[-104.20665,20.72865],[-104.19458,20.7343],[-104.19439,20.73873],[-104.20118,20.74401],[-104.19964,20.74885],[-104.19894,20.74801],[-104.19512,20.75141],[-104.19776,20.75552],[-104.20174,20.75725],[-104.20296,20.76337],[-104.20524,20.76478],[-104.20617,20.77259],[-104.20482,20.77621],[-104.2024,20.77313],[-104.19827,20.7843],[-104.13075,20.77069],[-104.12504,20.77881],[-104.13005,20.77895],[-104.12985,20.7818],[-104.13621,20.78463],[-104.13664,20.78875],[-104.13519,20.78944],[-104.1348,20.79317],[-104.13791,20.79962],[-104.13441,20.7993],[-104.13319,20.80268],[-104.13617,20.80607],[-104.1348,20.80892],[-104.12595,20.81178],[-104.12432,20.81486],[-104.12787,20.81439],[-104.12926,20.81185],[-104.1318,20.81138],[-104.13684,20.81867],[-104.13404,20.82384],[-104.1285,20.82476],[-104.13211,20.8278],[-104.12783,20.83335],[-104.1281,20.83575],[-104.13289,20.84013],[-104.12799,20.84191],[-104.12734,20.84506],[-104.13243,20.84957],[-104.13945,20.85125],[-104.14298,20.85454],[-104.14233,20.85714],[-104.1437,20.85808],[-104.14573,20.85602],[-104.15356,20.85886],[-104.1542,20.8632],[-104.15301,20.86396],[-104.15536,20.86775],[-104.15396,20.87123],[-104.14868,20.87443],[-104.14892,20.87771],[-104.14722,20.87945],[-104.14229,20.87962],[-104.1422,20.88448],[-104.14721,20.89124],[-104.15323,20.89312],[-104.15525,20.89772],[-104.16619,20.90287],[-104.172,20.9116],[-104.17923,20.91218],[-104.18187,20.91028],[-104.19068,20.91547],[-104.19366,20.9142],[-104.19604,20.91516],[-104.19771,20.91905],[-104.20221,20.92042],[-104.20182,20.922],[-104.21594,20.9233]]]}},{"type":"Feature","properties":{"cvegeo":"14077","nombre":"San Martín Hidalgo"},"geometry":{"type":"Polygon","coordinates":[[[-103.82203,20.60132],[-103.82876,20.59679],[-103.82991,20.59],[-103.83298,20.58837],[-103.8322,20.58728],[-103.83425,20.5878],[-103.83604,20.58616],[-103.83619,20.584],[-103.8431,20.58292],[-103.84518,20.5845],[-103.84998,20.58432],[-103.84898,20.58307],[-103.85197,20.5826],[-103.8546,20.57743],[-103.858,20.57623],[-103.85678,20.57384],[-103.86466,20.56594],[-103.8937,20.55264],[-103.88891,20.55023],[-103.88844,20.54763],[-103.87735,20.53923],[-103.87976,20.5397],[-103.8793,20.53783],[-103.88633,20.52954],[-103.88763,20.5302],[-103.89032,20.52702],[-103.89274,20.52864],[-103.90033,20.52322],[-103.91334,20.52578],[-103.91579,20.5241],[-103.91522,20.52074],[-103.91797,20.51838],[-103.9271,20.5169],[-103.92572,20.51599],[-103.92815,20.51287],[-103.92492,20.5107],[-103.9274,20.5077],[-103.92174,20.50403],[-103.92422,20.50102],[-103.9223,20.49988],[-103.92479,20.49686],[-103.92095,20.49441],[-103.92338,20.49129],[-103.92715,20.4938],[-103.92951,20.49069],[-103.93142,20.49191],[-103.93372,20.48887],[-103.93502,20.48963],[-103.93692,20.48706],[-103.93829,20.48791],[-103.9404,20.48468],[-103.94464,20.48542],[-103.9426,20.48109],[-103.94647,20.47404],[-103.94489,20.46206],[-103.94709,20.46329],[-103.94788,20.46113],[-103.95012,20.45932],[-103.95124,20.46037],[-103.95359,20.45737],[-103.95657,20.46225],[-103.9762,20.48232],[-103.9792,20.46968],[-103.98849,20.47092],[-103.99178,20.46973],[-103.99547,20.46018],[-103.99268,20.45959],[-103.99378,20.4526],[-103.9908,20.45224],[-103.99724,20.43634],[-103.9998,20.43338],[-103.99915,20.42829],[-104.00107,20.42746],[-104.00154,20.42021],[-104.00338,20.41824],[-103.99715,20.40846],[-103.9922,20.40623],[-103.98841,20.40116],[-103.98869,20.3991],[-103.99039,20.3967],[-103.99407,20.39598],[-103.99583,20.39307],[-103.99653,20.39424],[-103.9994,20.39203],[-104.00599,20.39258],[-104.00963,20.38969],[-104.01373,20.3892],[-104.01453,20.38656],[-104.0159,20.3886],[-104.01961,20.38951],[-104.02198,20.38633],[-104.02669,20.3866],[-104.03525,20.39259],[-104.0409,20.39347],[-104.03928,20.38599],[-104.0408,20.38564],[-104.04166,20.38195],[-104.03889,20.37814],[-104.03956,20.37429],[-104.03584,20.37392],[-104.03487,20.36796],[-104.03212,20.36344],[-104.03179,20.35562],[-104.02712,20.35447],[-104.02666,20.35248],[-104.02439,20.35158],[-104.02207,20.34521],[-104.03066,20.33198],[-104.02851,20.32135],[-104.02639,20.31806],[-104.01964,20.31706],[-104.01665,20.31908],[-104.00415,20.31968],[-103.99965,20.32141],[-103.99524,20.3262],[-103.99686,20.32886],[-103.99636,20.33411],[-103.99142,20.33702],[-103.98509,20.33795],[-103.98035,20.33705],[-103.97645,20.33836],[-103.97232,20.33457],[-103.9676,20.33377],[-103.96282,20.33523],[-103.96024,20.3321],[-103.95424,20.33932],[-103.95008,20.33949],[-103.94853,20.33806],[-103.94888,20.32714],[-103.94728,20.32419],[-103.93302,20.32716],[-103.93041,20.33579],[-103.92509,20.33985],[-103.9233,20.3395],[-103.92242,20.34146],[-103.92418,20.34349],[-103.91834,20.34402],[-103.9161,20.34655],[-103.91263,20.34663],[-103.91112,20.34931],[-103.91247,20.35041],[-103.91158,20.35353],[-103.91529,20.35391],[-103.91469,20.35642],[-103.91024,20.36414],[-103.90771,20.3651],[-103.90728,20.37056],[-103.90316,20.37945],[-103.90465,20.38021],[-103.89978,20.38671],[-103.89864,20.38342],[-103.89924,20.38173],[-103.90087,20.38294],[-103.8993,20.38144],[-103.90075,20.37853],[-103.89856,20.37505],[-103.89074,20.37219],[-103.89078,20.36519],[-103.88433,20.35963],[-103.88193,20.36166],[-103.88159,20.3642],[-103.87923,20.36317],[-103.88024,20.36528],[-103.85599,20.36546],[-103.84903,20.37196],[-103.84287,20.37447],[-103.85133,20.38191],[-103.85309,20.38037],[-103.85568,20.38199],[-103.85454,20.3847],[-103.84601,20.38901],[-103.8505,20.39021],[-103.84946,20.39305],[-103.8511,20.39345],[-103.85124,20.39553],[-103.86137,20.39873],[-103.86276,20.39708],[-103.86837,20.39951],[-103.86886,20.39721],[-103.87175,20.39784],[-103.87169,20.39448],[-103.88035,20.40888],[-103.88269,20.40941],[-103.8834,20.41389],[-103.87944,20.41729],[-103.87379,20.42993],[-103.87179,20.42981],[-103.87379,20.44221],[-103.8759,20.44296],[-103.87229,20.45564],[-103.87368,20.4558],[-103.87367,20.46026],[-103.8762,20.45997],[-103.87601,20.46651],[-103.87422,20.46877],[-103.87303,20.46762],[-103.87289,20.46889],[-103.87065,20.46879],[-103.87119,20.47124],[-103.86938,20.47222],[-103.87086,20.472],[-103.87087,20.47433],[-103.8662,20.47452],[-103.86754,20.47596],[-103.86517,20.47812],[-103.86583,20.48083],[-103.85467,20.4834],[-103.85606,20.49023],[-103.85372,20.49538],[-103.84663,20.49601],[-103.84517,20.49758],[-103.84402,20.50505],[-103.8473,20.50593],[-103.84627,20.50767],[-103.84914,20.51098],[-103.84203,20.51797],[-103.84148,20.52304],[-103.83627,20.52665],[-103.83938,20.53828],[-103.82738,20.54009],[-103.82505,20.54198],[-103.82382,20.53887],[-103.82753,20.53744],[-103.82857,20.53512],[-103.82342,20.53011],[-103.82344,20.53218],[-103.82092,20.5323],[-103.81787,20.53016],[-103.81389,20.53016],[-103.81378,20.53237],[-103.81162,20.53387],[-103.80875,20.53332],[-103.80631,20.53478],[-103.80318,20.53298],[-103.78913,20.53146],[-103.78942,20.5297],[-103.7854,20.52962],[-103.77908,20.52632],[-103.77805,20.52681],[-103.78197,20.53094],[-103.78184,20.53366],[-103.77932,20.53361],[-103.77461,20.5302],[-103.77257,20.53394],[-103.76658,20.53495],[-103.75573,20.52611],[-103.75287,20.52583],[-103.75069,20.52749],[-103.74174,20.521],[-103.73594,20.52114],[-103.73483,20.51858],[-103.72849,20.51633],[-103.72605,20.51339],[-103.71647,20.51648],[-103.71463,20.51391],[-103.71447,20.52012],[-103.71974,20.52589],[-103.72158,20.53042],[-103.72102,20.53317],[-103.72463,20.53604],[-103.72831,20.54343],[-103.73214,20.54734],[-103.73295,20.55242],[-103.73787,20.5566],[-103.74489,20.55704],[-103.74815,20.56009],[-103.75614,20.5604],[-103.7582,20.5626],[-103.76333,20.56325],[-103.76634,20.56891],[-103.77466,20.57062],[-103.77657,20.5735],[-103.77915,20.57105],[-103.78487,20.57111],[-103.78407,20.56867],[-103.78693,20.56954],[-103.79186,20.57316],[-103.7918,20.57659],[-103.79304,20.57627],[-103.79407,20.579],[-103.79664,20.57818],[-103.79768,20.58076],[-103.79907,20.58032],[-103.80144,20.58285],[-103.80426,20.58164],[-103.81144,20.58834],[-103.81241,20.59173],[-103.81425,20.59167],[-103.81535,20.59589],[-103.82091,20.59331],[-103.82855,20.59257],[-103.82649,20.596],[-103.82041,20.59933],[-103.82203,20.60132]]]}},{"type":"Feature","properties":{"cvegeo":"14078","nombre":"San Miguel el Alto"},"geometry":{"type":"Polygon","coordinates":[[[-102.24631,21.1208],[-102.24792,21.10401],[-102.25017,21.10257],[-102.2633,21.09971],[-102.27168,21.09992],[-102.2736,21.09831],[-102.28021,21.09991],[-102.28628,21.09686],[-102.28991,21.09778],[-102.29188,21.09599],[-102.29458,21.09789],[-102.29498,21.1015],[-102.31253,21.10185],[-102.31488,21.10318],[-102.31477,21.10537],[-102.31799,21.10895],[-102.32977,21.11089],[-102.33235,21.10532],[-102.33713,21.10369],[-102.33856,21.10109],[-102.34244,21.10139],[-102.34283,21.10673],[-102.34778,21.10834],[-102.35025,21.10754],[-102.35866,21.09655],[-102.36398,21.10033],[-102.3691,21.10969],[-102.37616,21.11355],[-102.39478,21.10868],[-102.41652,21.09772],[-102.42004,21.10435],[-102.42593,21.10432],[-102.42884,21.10156],[-102.42915,21.09535],[-102.42238,21.08363],[-102.43117,21.08352],[-102.43664,21.08077],[-102.44187,21.08243],[-102.44196,21.08046],[-102.44627,21.07893],[-102.45513,21.06965],[-102.46881,21.07211],[-102.48465,21.0657],[-102.49314,21.06633],[-102.50003,21.0826],[-102.50433,21.08591],[-102.5099,21.08746],[-102.51133,21.08515],[-102.50983,21.08368],[-102.51053,21.08143],[-102.51167,21.08292],[-102.51723,21.08339],[-102.51663,21.08624],[-102.52022,21.08686],[-102.52066,21.0893],[-102.52988,21.0866],[-102.53216,21.08725],[-102.53537,21.08283],[-102.53831,21.08222],[-102.53894,21.07792],[-102.54631,21.07829],[-102.55257,21.07358],[-102.55105,21.07009],[-102.55345,21.06615],[-102.5551,21.06735],[-102.55811,21.06642],[-102.55305,21.06266],[-102.54473,21.03827],[-102.52521,21.03304],[-102.52741,21.02798],[-102.53255,21.02426],[-102.53438,21.01947],[-102.53894,21.01557],[-102.54573,21.01396],[-102.54993,21.01992],[-102.56137,21.01064],[-102.56527,21.00919],[-102.57273,21.00175],[-102.57329,20.99667],[-102.57156,20.99086],[-102.56783,20.9894],[-102.56156,20.98252],[-102.56137,20.97695],[-102.56481,20.97224],[-102.56577,20.96283],[-102.56779,20.96039],[-102.56267,20.95574],[-102.56356,20.95417],[-102.56215,20.95014],[-102.55653,20.94471],[-102.55611,20.94026],[-102.54696,20.93847],[-102.54581,20.9333],[-102.54236,20.93247],[-102.54442,20.93243],[-102.54222,20.9302],[-102.53707,20.92988],[-102.53489,20.9313],[-102.52447,20.92506],[-102.5234,20.91968],[-102.52087,20.92076],[-102.51128,20.91886],[-102.5089,20.9203],[-102.50453,20.91804],[-102.50425,20.91586],[-102.49737,20.91378],[-102.49911,20.91241],[-102.49334,20.90801],[-102.49331,20.90291],[-102.49515,20.89946],[-102.49164,20.89346],[-102.49368,20.88841],[-102.49218,20.88565],[-102.49494,20.8811],[-102.49317,20.87959],[-102.49368,20.87656],[-102.49002,20.86873],[-102.485,20.8655],[-102.47435,20.86806],[-102.45951,20.86465],[-102.43643,20.86648],[-102.42142,20.88861],[-102.41226,20.88565],[-102.40781,20.88128],[-102.40444,20.88059],[-102.40227,20.88282],[-102.40269,20.88515],[-102.39688,20.88456],[-102.39667,20.88566],[-102.39135,20.88405],[-102.3911,20.88566],[-102.38181,20.88208],[-102.37337,20.89176],[-102.3551,20.88859],[-102.35541,20.88647],[-102.35171,20.88297],[-102.34475,20.88311],[-102.34559,20.88733],[-102.34375,20.88934],[-102.33628,20.88586],[-102.32678,20.88509],[-102.32317,20.88221],[-102.31946,20.88621],[-102.30687,20.8842],[-102.30313,20.88808],[-102.29434,20.89105],[-102.29074,20.89698],[-102.28295,20.89678],[-102.27771,20.89155],[-102.27797,20.89542],[-102.27098,20.8946],[-102.27179,20.887],[-102.27421,20.88613],[-102.27439,20.88432],[-102.25743,20.88666],[-102.25081,20.88586],[-102.24412,20.88295],[-102.23682,20.88501],[-102.23701,20.89447],[-102.23536,20.89802],[-102.24077,20.90507],[-102.24441,20.90551],[-102.24809,20.9099],[-102.25207,20.90999],[-102.25269,20.9141],[-102.25121,20.91429],[-102.2501,20.91766],[-102.24544,20.91794],[-102.23807,20.91394],[-102.23613,20.9206],[-102.23238,20.92071],[-102.23153,20.92475],[-102.2292,20.92509],[-102.22934,20.92577],[-102.23026,20.92642],[-102.22746,20.92771],[-102.22421,20.93131],[-102.22396,20.93466],[-102.22086,20.93647],[-102.22341,20.94146],[-102.21991,20.9425],[-102.21955,20.94428],[-102.22245,20.94602],[-102.22186,20.9504],[-102.22421,20.95032],[-102.21584,20.96802],[-102.21398,20.96978],[-102.20888,20.97019],[-102.20161,20.97907],[-102.20927,20.97999],[-102.21388,20.98536],[-102.21877,20.98529],[-102.21518,20.98942],[-102.21502,20.99338],[-102.20389,21.00302],[-102.20773,21.01188],[-102.21353,21.01794],[-102.21424,21.0298],[-102.21916,21.04444],[-102.2182,21.05385],[-102.21357,21.05778],[-102.21511,21.06489],[-102.21712,21.06713],[-102.21716,21.07714],[-102.22292,21.08561],[-102.22169,21.09256],[-102.2237,21.10806],[-102.23113,21.1066],[-102.23685,21.11044],[-102.23684,21.11552],[-102.23925,21.11665],[-102.23995,21.12016],[-102.24631,21.1208]]]}},{"type":"Feature","properties":{"cvegeo":"14079","nombre":"Gómez Farías"},"geometry":{"type":"Polygon","coordinates":[[[-103.33264,19.96081],[-103.36693,19.95501],[-103.37552,19.9469],[-103.37777,19.94087],[-103.38008,19.93895],[-103.37962,19.93504],[-103.37657,19.93412],[-103.37443,19.93003],[-103.3806,19.93219],[-103.39059,19.93288],[-103.40398,19.94132],[-103.41089,19.93391],[-103.41875,19.93246],[-103.42579,19.93343],[-103.42727,19.9349],[-103.42771,19.92598],[-103.43204,19.92251],[-103.4227,19.91488],[-103.42805,19.91249],[-103.42932,19.90954],[-103.43022,19.90399],[-103.42847,19.90382],[-103.42753,19.90142],[-103.4262,19.88714],[-103.4285,19.88266],[-103.43285,19.88296],[-103.43699,19.88073],[-103.43918,19.88493],[-103.4419,19.88386],[-103.44468,19.88832],[-103.4484,19.88545],[-103.44658,19.89294],[-103.45024,19.88831],[-103.45321,19.88716],[-103.49933,19.89751],[-103.50025,19.89223],[-103.5025,19.89174],[-103.50461,19.88688],[-103.50898,19.88519],[-103.5095,19.8764],[-103.51497,19.87574],[-103.51245,19.86812],[-103.51413,19.86236],[-103.5119,19.85413],[-103.54143,19.86395],[-103.54199,19.85448],[-103.54464,19.85108],[-103.54427,19.84849],[-103.54737,19.84617],[-103.54599,19.84072],[-103.55143,19.83969],[-103.55166,19.83742],[-103.55531,19.83613],[-103.55787,19.83703],[-103.55943,19.82996],[-103.5577,19.82933],[-103.55842,19.8249],[-103.56352,19.82284],[-103.565,19.82491],[-103.56577,19.81876],[-103.56814,19.81678],[-103.56418,19.81533],[-103.56008,19.80328],[-103.55316,19.79625],[-103.55379,19.79517],[-103.55292,19.79604],[-103.55058,19.79398],[-103.54357,19.77426],[-103.52804,19.77185],[-103.52735,19.77438],[-103.52468,19.77495],[-103.5163,19.76982],[-103.50555,19.76876],[-103.50077,19.76508],[-103.50027,19.75972],[-103.49795,19.75867],[-103.4967,19.7592],[-103.4972,19.76224],[-103.48954,19.76526],[-103.48769,19.76713],[-103.48852,19.76923],[-103.48345,19.77222],[-103.47522,19.77242],[-103.47254,19.77106],[-103.47518,19.77718],[-103.46749,19.77199],[-103.46709,19.77026],[-103.4644,19.77071],[-103.46047,19.76784],[-103.46022,19.76994],[-103.4618,19.77101],[-103.45373,19.77686],[-103.45378,19.77978],[-103.45721,19.78004],[-103.45836,19.78349],[-103.45274,19.78768],[-103.4472,19.78455],[-103.44652,19.78942],[-103.44647,19.78673],[-103.44241,19.78551],[-103.44127,19.78121],[-103.43733,19.78213],[-103.43856,19.78082],[-103.43606,19.7816],[-103.43325,19.77957],[-103.43095,19.78118],[-103.42792,19.78865],[-103.42802,19.79219],[-103.42459,19.79163],[-103.42683,19.79573],[-103.4267,19.80089],[-103.42247,19.7982],[-103.42075,19.80182],[-103.41822,19.80192],[-103.41623,19.80722],[-103.41332,19.80901],[-103.41362,19.81607],[-103.40858,19.81277],[-103.40912,19.81027],[-103.4044,19.81111],[-103.40549,19.81244],[-103.40297,19.81435],[-103.39719,19.81193],[-103.38952,19.81348],[-103.38658,19.81136],[-103.37907,19.81069],[-103.37348,19.81363],[-103.36777,19.80997],[-103.36394,19.81076],[-103.35967,19.80841],[-103.35926,19.80611],[-103.35256,19.80355],[-103.34939,19.79822],[-103.34709,19.79827],[-103.3406,19.79349],[-103.33839,19.80094],[-103.33564,19.8021],[-103.33453,19.79626],[-103.32862,19.80146],[-103.32902,19.80843],[-103.3274,19.81056],[-103.33003,19.81454],[-103.32595,19.81573],[-103.32477,19.81945],[-103.32137,19.82015],[-103.32348,19.82221],[-103.32091,19.82444],[-103.32087,19.82682],[-103.31652,19.82897],[-103.31542,19.8324],[-103.31256,19.83249],[-103.31118,19.83589],[-103.31428,19.84046],[-103.31331,19.84053],[-103.31033,19.83726],[-103.30332,19.83797],[-103.29875,19.84026],[-103.29766,19.84405],[-103.29849,19.84613],[-103.30123,19.84689],[-103.30281,19.85452],[-103.30762,19.85948],[-103.30983,19.86475],[-103.318,19.86944],[-103.31687,19.87062],[-103.32173,19.87261],[-103.32202,19.87783],[-103.31972,19.8794],[-103.31397,19.8792],[-103.31398,19.8813],[-103.30998,19.88284],[-103.30764,19.88603],[-103.30097,19.88599],[-103.29958,19.88773],[-103.29137,19.88417],[-103.28093,19.88583],[-103.2793,19.88224],[-103.26937,19.88455],[-103.27354,19.88503],[-103.27717,19.89703],[-103.2811,19.89939],[-103.27934,19.90689],[-103.28022,19.91543],[-103.28567,19.91656],[-103.29212,19.9264],[-103.30156,19.9304],[-103.30605,19.93757],[-103.31449,19.93985],[-103.31684,19.94519],[-103.3255,19.94268],[-103.33307,19.94404],[-103.33164,19.94886],[-103.33264,19.96081]]]}},{"type":"Feature","properties":{"cvegeo":"14073","nombre":"San Juan de los Lagos"},"geometry":{"type":"Polygon","coordinates":[[[-102.41701,21.41241],[-102.43152,21.40068],[-102.44929,21.40533],[-102.45586,21.4033],[-102.46121,21.39397],[-102.46122,21.38526],[-102.46391,21.38306],[-102.45905,21.37887],[-102.46821,21.36909],[-102.46764,21.36634],[-102.47062,21.36652],[-102.47556,21.35869],[-102.48076,21.35449],[-102.48165,21.35117],[-102.49122,21.35139],[-102.49459,21.34826],[-102.49298,21.34589],[-102.48653,21.34472],[-102.48746,21.33943],[-102.48195,21.32695],[-102.48136,21.32928],[-102.47658,21.33137],[-102.47203,21.33601],[-102.46862,21.33656],[-102.46021,21.33119],[-102.448,21.32749],[-102.43181,21.3273],[-102.42969,21.32878],[-102.43325,21.32254],[-102.43452,21.31502],[-102.44327,21.30764],[-102.44819,21.30076],[-102.45179,21.30434],[-102.45347,21.30261],[-102.45486,21.29627],[-102.45679,21.29611],[-102.45373,21.28726],[-102.45609,21.28135],[-102.45495,21.27854],[-102.45104,21.28035],[-102.43995,21.27635],[-102.43885,21.28117],[-102.4405,21.28938],[-102.43552,21.28686],[-102.43232,21.28076],[-102.4233,21.28152],[-102.42155,21.27925],[-102.42019,21.27219],[-102.42499,21.2683],[-102.4271,21.26828],[-102.42783,21.26646],[-102.43114,21.26727],[-102.42608,21.26048],[-102.42337,21.25971],[-102.41731,21.2394],[-102.42492,21.23657],[-102.42743,21.23374],[-102.43961,21.23158],[-102.43203,21.22888],[-102.4271,21.22381],[-102.42069,21.22333],[-102.41711,21.22052],[-102.41468,21.22068],[-102.42172,21.20767],[-102.40926,21.21159],[-102.40456,21.20594],[-102.39588,21.2011],[-102.41285,21.19212],[-102.41811,21.18612],[-102.40586,21.18291],[-102.41158,21.16838],[-102.40835,21.16757],[-102.40835,21.16152],[-102.40339,21.16207],[-102.40181,21.16081],[-102.39753,21.16616],[-102.39398,21.1655],[-102.3875,21.16057],[-102.38424,21.16206],[-102.3844,21.16444],[-102.38324,21.16304],[-102.37986,21.16467],[-102.37741,21.16068],[-102.37363,21.15911],[-102.37053,21.16182],[-102.36224,21.16416],[-102.35648,21.1625],[-102.35115,21.16399],[-102.35088,21.16188],[-102.34022,21.15955],[-102.34006,21.15701],[-102.33785,21.15506],[-102.33274,21.15501],[-102.32904,21.15314],[-102.32869,21.15137],[-102.32353,21.15022],[-102.31447,21.14043],[-102.315,21.13817],[-102.31323,21.1362],[-102.31411,21.12657],[-102.31244,21.12187],[-102.31493,21.11832],[-102.31488,21.10318],[-102.30889,21.10138],[-102.29521,21.10158],[-102.29458,21.09789],[-102.292,21.096],[-102.28991,21.09778],[-102.28628,21.09686],[-102.28021,21.09991],[-102.2736,21.09831],[-102.27168,21.09992],[-102.2633,21.09971],[-102.25017,21.10257],[-102.24792,21.10401],[-102.24673,21.12082],[-102.23995,21.12016],[-102.23925,21.11665],[-102.23684,21.11552],[-102.23685,21.11044],[-102.23113,21.1066],[-102.224,21.10858],[-102.22325,21.09954],[-102.2142,21.09845],[-102.20241,21.1023],[-102.19915,21.10197],[-102.19694,21.10419],[-102.19487,21.10349],[-102.19529,21.10665],[-102.1895,21.11197],[-102.1878,21.11736],[-102.19182,21.11793],[-102.1918,21.1221],[-102.1946,21.12419],[-102.19442,21.12949],[-102.19882,21.13351],[-102.20206,21.13347],[-102.19653,21.14098],[-102.19414,21.14186],[-102.19484,21.14366],[-102.19695,21.14267],[-102.19507,21.1459],[-102.19705,21.15121],[-102.19425,21.15208],[-102.19519,21.1587],[-102.19401,21.16059],[-102.19614,21.16166],[-102.18795,21.16507],[-102.19163,21.1698],[-102.18995,21.17091],[-102.1936,21.17151],[-102.19345,21.17374],[-102.18901,21.17378],[-102.1878,21.17054],[-102.18439,21.168],[-102.17821,21.17106],[-102.17212,21.16942],[-102.17384,21.17568],[-102.17108,21.17812],[-102.17101,21.18148],[-102.1733,21.18059],[-102.17674,21.18221],[-102.17982,21.17951],[-102.18867,21.1815],[-102.18598,21.18717],[-102.18353,21.18938],[-102.17056,21.19161],[-102.1701,21.19875],[-102.1651,21.19843],[-102.16671,21.19945],[-102.16541,21.2005],[-102.16462,21.19942],[-102.16435,21.20221],[-102.1622,21.20205],[-102.16234,21.20064],[-102.15849,21.20147],[-102.15608,21.19915],[-102.15132,21.20259],[-102.14837,21.20729],[-102.14323,21.20955],[-102.1424,21.21146],[-102.14632,21.21858],[-102.14472,21.22368],[-102.14755,21.22721],[-102.14533,21.22817],[-102.14329,21.23406],[-102.14409,21.24027],[-102.1396,21.2486],[-102.14026,21.25537],[-102.13689,21.26437],[-102.12632,21.26891],[-102.12806,21.27035],[-102.12419,21.27147],[-102.12304,21.27412],[-102.13033,21.27753],[-102.13694,21.27768],[-102.14092,21.27562],[-102.14453,21.27675],[-102.14464,21.28073],[-102.13266,21.29057],[-102.13123,21.29775],[-102.14881,21.29437],[-102.14823,21.29961],[-102.15167,21.30051],[-102.15544,21.30462],[-102.16419,21.30337],[-102.16624,21.30069],[-102.16885,21.30213],[-102.16382,21.31081],[-102.15921,21.31347],[-102.15765,21.31767],[-102.15894,21.31938],[-102.15671,21.32372],[-102.15906,21.32421],[-102.15907,21.33049],[-102.16056,21.33068],[-102.15627,21.34696],[-102.13927,21.35369],[-102.14179,21.35442],[-102.14407,21.36311],[-102.14271,21.36461],[-102.14917,21.37856],[-102.14959,21.38372],[-102.14769,21.38656],[-102.14986,21.38784],[-102.15212,21.38518],[-102.15662,21.38554],[-102.1593,21.38148],[-102.16365,21.38339],[-102.16404,21.38242],[-102.17732,21.39258],[-102.17948,21.39657],[-102.18055,21.39253],[-102.1908,21.39126],[-102.19696,21.38718],[-102.20073,21.38769],[-102.20561,21.38385],[-102.21441,21.38273],[-102.21651,21.38383],[-102.21399,21.38809],[-102.21517,21.39402],[-102.21112,21.4028],[-102.21866,21.40198],[-102.21848,21.39896],[-102.22737,21.39651],[-102.22916,21.38868],[-102.22719,21.38825],[-102.22733,21.38537],[-102.22895,21.38526],[-102.22996,21.38167],[-102.24363,21.38191],[-102.2417,21.38633],[-102.2505,21.38897],[-102.25884,21.39645],[-102.26558,21.3918],[-102.26718,21.38903],[-102.27475,21.38849],[-102.27472,21.38564],[-102.2785,21.38384],[-102.28124,21.38537],[-102.28266,21.38339],[-102.28653,21.38352],[-102.28894,21.38519],[-102.298,21.3821],[-102.30983,21.38618],[-102.31031,21.384],[-102.31351,21.38449],[-102.31683,21.38713],[-102.32282,21.38805],[-102.32611,21.39574],[-102.3254,21.39702],[-102.33003,21.40099],[-102.32971,21.40364],[-102.33164,21.4045],[-102.32928,21.40816],[-102.34076,21.41273],[-102.34903,21.40995],[-102.35159,21.40656],[-102.37125,21.39894],[-102.37669,21.39514],[-102.3784,21.39213],[-102.38013,21.39208],[-102.38157,21.38606],[-102.38741,21.38698],[-102.39072,21.38543],[-102.39297,21.38877],[-102.40035,21.38951],[-102.40317,21.40514],[-102.41169,21.40644],[-102.41225,21.40968],[-102.41701,21.41241]]]}},{"type":"Feature","properties":{"cvegeo":"14074","nombre":"San Julián"},"geometry":{"type":"Polygon","coordinates":[[[-102.18828,21.11529],[-102.1895,21.11197],[-102.19529,21.10665],[-102.19487,21.10349],[-102.19694,21.10419],[-102.19915,21.10197],[-102.20241,21.1023],[-102.2142,21.09845],[-102.22337,21.09959],[-102.22169,21.09256],[-102.22292,21.08561],[-102.21716,21.07714],[-102.21712,21.06713],[-102.21511,21.06489],[-102.21357,21.05778],[-102.2182,21.05385],[-102.21916,21.04444],[-102.21424,21.0298],[-102.21353,21.01794],[-102.20773,21.01188],[-102.20389,21.00302],[-102.21502,20.99338],[-102.21518,20.98942],[-102.21877,20.98529],[-102.21388,20.98536],[-102.20927,20.97999],[-102.20161,20.97907],[-102.20888,20.97019],[-102.2152,20.96903],[-102.22421,20.95032],[-102.22186,20.9504],[-102.22245,20.94602],[-102.21955,20.94428],[-102.21991,20.9425],[-102.22335,20.94166],[-102.22073,20.93729],[-102.22426,20.93419],[-102.22421,20.93131],[-102.23026,20.92642],[-102.22912,20.9253],[-102.23153,20.92475],[-102.23238,20.92071],[-102.23613,20.9206],[-102.23807,20.91394],[-102.24458,20.9179],[-102.2501,20.91766],[-102.25121,20.91429],[-102.25269,20.9141],[-102.25207,20.90999],[-102.24809,20.9099],[-102.24441,20.90551],[-102.24077,20.90507],[-102.23536,20.89802],[-102.23395,20.8998],[-102.22545,20.89947],[-102.22558,20.90301],[-102.223,20.9073],[-102.22455,20.90853],[-102.22339,20.91088],[-102.21549,20.90988],[-102.21119,20.90504],[-102.20762,20.90507],[-102.20334,20.9078],[-102.19527,20.90239],[-102.19245,20.90426],[-102.18492,20.90524],[-102.18114,20.90868],[-102.1763,20.90764],[-102.16669,20.90922],[-102.16447,20.91108],[-102.1594,20.90566],[-102.14869,20.8999],[-102.14976,20.89568],[-102.15357,20.89246],[-102.1532,20.88539],[-102.15789,20.88137],[-102.15944,20.87619],[-102.153,20.87511],[-102.15285,20.87204],[-102.11966,20.87661],[-102.11654,20.88534],[-102.12192,20.89306],[-102.12169,20.89998],[-102.11132,20.89655],[-102.11162,20.9059],[-102.10601,20.90714],[-102.10777,20.91072],[-102.10843,20.91929],[-102.10324,20.92426],[-102.10298,20.92737],[-102.10578,20.93359],[-102.11136,20.93544],[-102.11149,20.93896],[-102.11925,20.94256],[-102.11311,20.9419],[-102.10988,20.94514],[-102.10378,20.945],[-102.10723,20.95147],[-102.11881,20.95863],[-102.11667,20.964],[-102.11845,20.96502],[-102.11798,20.97006],[-102.12149,20.97287],[-102.12189,20.97729],[-102.11955,20.97941],[-102.11888,20.98381],[-102.10946,20.98497],[-102.10814,20.98985],[-102.10539,20.99038],[-102.10204,20.99456],[-102.10215,20.99578],[-102.10495,20.99507],[-102.11418,21.00176],[-102.11346,21.00951],[-102.11706,21.03291],[-102.10937,21.05905],[-102.09553,21.06187],[-102.0933,21.06381],[-102.08787,21.06344],[-102.08885,21.06663],[-102.08535,21.06919],[-102.0892,21.06957],[-102.09307,21.07918],[-102.10503,21.08081],[-102.10958,21.08999],[-102.11665,21.09092],[-102.11601,21.09972],[-102.11727,21.10313],[-102.12333,21.10169],[-102.12503,21.10585],[-102.13069,21.10884],[-102.13233,21.1065],[-102.13722,21.10631],[-102.13654,21.10173],[-102.1497,21.09746],[-102.15793,21.09061],[-102.15638,21.11262],[-102.15909,21.1084],[-102.17606,21.108],[-102.18075,21.10566],[-102.18568,21.1099],[-102.18828,21.11529]]]}},{"type":"Feature","properties":{"cvegeo":"14076","nombre":"San Martín de Bolaños"},"geometry":{"type":"Polygon","coordinates":[[[-103.91142,21.77931],[-103.92184,21.7737],[-103.9228,21.7715],[-103.91864,21.76617],[-103.91956,21.7593],[-103.91605,21.75643],[-103.91688,21.75403],[-103.92012,21.75086],[-103.9312,21.75167],[-103.93365,21.74843],[-103.92772,21.73699],[-103.92374,21.73643],[-103.9176,21.72936],[-103.91077,21.7254],[-103.90745,21.71838],[-103.90423,21.71848],[-103.90241,21.71614],[-103.89876,21.7277],[-103.89591,21.72774],[-103.89657,21.71274],[-103.8914,21.70572],[-103.89044,21.69944],[-103.88772,21.69782],[-103.89403,21.6938],[-103.89862,21.68741],[-103.9033,21.68583],[-103.90265,21.68292],[-103.90616,21.68237],[-103.90884,21.67379],[-103.9124,21.66897],[-103.91527,21.67082],[-103.92134,21.66837],[-103.93025,21.64191],[-103.91183,21.62983],[-103.9077,21.61868],[-103.90982,21.61484],[-103.91475,21.61608],[-103.91651,21.61831],[-103.91908,21.61625],[-103.9188,21.61343],[-103.91479,21.61142],[-103.91237,21.60805],[-103.91654,21.60252],[-103.91715,21.59793],[-103.92319,21.59057],[-103.91973,21.58582],[-103.91923,21.58199],[-103.91737,21.57981],[-103.90404,21.57755],[-103.90298,21.57441],[-103.89594,21.57534],[-103.89258,21.57414],[-103.89023,21.57161],[-103.89274,21.56602],[-103.89107,21.56377],[-103.89184,21.56248],[-103.88606,21.55641],[-103.88709,21.55544],[-103.88103,21.55306],[-103.88165,21.55214],[-103.87075,21.54874],[-103.86874,21.55027],[-103.85938,21.55029],[-103.85627,21.55237],[-103.85452,21.547],[-103.85579,21.54599],[-103.85403,21.54353],[-103.8551,21.54292],[-103.85338,21.54197],[-103.85589,21.53869],[-103.85401,21.53323],[-103.85801,21.53131],[-103.85992,21.52475],[-103.84929,21.51453],[-103.83661,21.51266],[-103.83213,21.5134],[-103.83201,21.50951],[-103.82792,21.50526],[-103.82816,21.49817],[-103.82371,21.49305],[-103.81401,21.49448],[-103.80042,21.48719],[-103.80158,21.48982],[-103.79299,21.48869],[-103.79119,21.49177],[-103.79268,21.49273],[-103.79108,21.49775],[-103.78992,21.4968],[-103.78482,21.49849],[-103.7834,21.49734],[-103.78007,21.49998],[-103.77751,21.49899],[-103.7786,21.49833],[-103.77413,21.49838],[-103.77388,21.4962],[-103.7777,21.49492],[-103.77819,21.49208],[-103.77028,21.4884],[-103.76913,21.48302],[-103.76134,21.48174],[-103.75014,21.47563],[-103.74822,21.47087],[-103.75294,21.46609],[-103.74836,21.46234],[-103.74453,21.45413],[-103.74534,21.45166],[-103.74203,21.44156],[-103.73945,21.44171],[-103.73374,21.43693],[-103.72838,21.43568],[-103.7209,21.42543],[-103.7234,21.42122],[-103.72764,21.42103],[-103.73127,21.4159],[-103.75131,21.41751],[-103.75479,21.41568],[-103.75645,21.41006],[-103.7644,21.4103],[-103.7644,21.40795],[-103.7569,21.39986],[-103.75957,21.39944],[-103.76613,21.39335],[-103.76733,21.38843],[-103.76542,21.38602],[-103.74976,21.38209],[-103.74237,21.37547],[-103.74142,21.3736],[-103.74569,21.36304],[-103.7432,21.36718],[-103.73536,21.36913],[-103.72777,21.37338],[-103.72648,21.37475],[-103.7274,21.3764],[-103.72456,21.37853],[-103.72101,21.37794],[-103.71806,21.37976],[-103.7152,21.37859],[-103.71231,21.38108],[-103.70522,21.37992],[-103.702,21.38502],[-103.70451,21.39116],[-103.69857,21.39439],[-103.68588,21.39517],[-103.68225,21.3985],[-103.67111,21.40379],[-103.66416,21.40226],[-103.66197,21.40564],[-103.65872,21.40628],[-103.65197,21.41237],[-103.65193,21.4138],[-103.64668,21.41483],[-103.64408,21.4194],[-103.6405,21.42157],[-103.62953,21.41865],[-103.6285,21.41679],[-103.62469,21.41811],[-103.62255,21.42391],[-103.61932,21.42403],[-103.62122,21.42532],[-103.62041,21.42666],[-103.62336,21.42668],[-103.62578,21.42872],[-103.62653,21.43448],[-103.63035,21.43512],[-103.63184,21.43815],[-103.6342,21.43926],[-103.63892,21.43732],[-103.64925,21.43859],[-103.65031,21.4346],[-103.66079,21.44158],[-103.66335,21.44646],[-103.6647,21.45487],[-103.65874,21.4637],[-103.66931,21.4657],[-103.68495,21.46357],[-103.69775,21.46702],[-103.70146,21.46627],[-103.69939,21.47278],[-103.69317,21.47904],[-103.69223,21.48709],[-103.69426,21.49021],[-103.69178,21.4956],[-103.6849,21.5015],[-103.67308,21.50522],[-103.67241,21.50706],[-103.67539,21.51082],[-103.67981,21.5112],[-103.68216,21.52107],[-103.68609,21.52118],[-103.68666,21.52474],[-103.69449,21.52889],[-103.6935,21.53253],[-103.68629,21.53504],[-103.6901,21.54964],[-103.68608,21.55886],[-103.69135,21.5603],[-103.69259,21.57308],[-103.69867,21.57834],[-103.69923,21.5846],[-103.70157,21.58538],[-103.7036,21.58919],[-103.70367,21.5945],[-103.70711,21.59614],[-103.70937,21.60023],[-103.69928,21.60086],[-103.68495,21.60597],[-103.68377,21.61465],[-103.68433,21.61924],[-103.688,21.62459],[-103.69004,21.62476],[-103.69787,21.63898],[-103.70092,21.64036],[-103.70153,21.64463],[-103.699,21.64635],[-103.69673,21.65407],[-103.69424,21.65253],[-103.69416,21.65796],[-103.69136,21.66044],[-103.69283,21.66324],[-103.69199,21.66663],[-103.68961,21.6693],[-103.68589,21.66976],[-103.68539,21.66543],[-103.6826,21.66473],[-103.6788,21.66721],[-103.67868,21.67184],[-103.67457,21.67613],[-103.67692,21.6776],[-103.67652,21.68093],[-103.67154,21.68156],[-103.67056,21.67929],[-103.66611,21.68149],[-103.66465,21.68026],[-103.66454,21.6881],[-103.66217,21.68765],[-103.66023,21.68999],[-103.66088,21.69228],[-103.65808,21.69434],[-103.65964,21.69932],[-103.65558,21.70319],[-103.65392,21.70037],[-103.65111,21.70124],[-103.65174,21.70886],[-103.64745,21.71355],[-103.64671,21.72217],[-103.65307,21.71634],[-103.65771,21.71687],[-103.66614,21.71177],[-103.67104,21.71354],[-103.67433,21.71292],[-103.67419,21.70938],[-103.67931,21.7077],[-103.67933,21.70293],[-103.68101,21.70101],[-103.68877,21.70245],[-103.69734,21.69573],[-103.70369,21.69639],[-103.70568,21.69745],[-103.70615,21.70829],[-103.71509,21.71058],[-103.71867,21.7145],[-103.72717,21.71621],[-103.7268,21.72323],[-103.73225,21.72086],[-103.73661,21.7239],[-103.74085,21.72498],[-103.74527,21.72383],[-103.74728,21.72584],[-103.75127,21.72345],[-103.75473,21.72392],[-103.75865,21.72214],[-103.76094,21.72307],[-103.7653,21.72026],[-103.76784,21.72342],[-103.77121,21.72189],[-103.77786,21.72819],[-103.79249,21.73359],[-103.79513,21.73388],[-103.79672,21.72991],[-103.80316,21.72892],[-103.81414,21.73797],[-103.82364,21.73635],[-103.833,21.73862],[-103.83781,21.73334],[-103.83985,21.73388],[-103.84716,21.73857],[-103.84982,21.7452],[-103.86109,21.74572],[-103.86448,21.75003],[-103.86935,21.75229],[-103.86852,21.7535],[-103.87571,21.75735],[-103.874,21.76368],[-103.87543,21.77068],[-103.87931,21.7678],[-103.88153,21.76268],[-103.88986,21.76009],[-103.89502,21.74955],[-103.88913,21.77966],[-103.91142,21.77931]]]}},{"type":"Feature","properties":{"cvegeo":"14014","nombre":"Atoyac"},"geometry":{"type":"Polygon","coordinates":[[[-103.5178,20.13337],[-103.53539,20.12981],[-103.53974,20.12571],[-103.54219,20.12053],[-103.54241,20.11383],[-103.5384,20.09456],[-103.53923,20.07532],[-103.54457,20.05549],[-103.55267,20.03873],[-103.54437,20.0314],[-103.54437,20.02624],[-103.54804,20.02248],[-103.55754,20.01974],[-103.56568,20.01429],[-103.56776,20.01528],[-103.58242,19.99392],[-103.59338,19.97419],[-103.60881,19.96197],[-103.61224,19.95629],[-103.6086,19.93321],[-103.59713,19.90899],[-103.59337,19.9109],[-103.58012,19.90574],[-103.57753,19.90233],[-103.57933,19.89289],[-103.57045,19.89545],[-103.56857,19.90652],[-103.57287,19.90883],[-103.56129,19.92539],[-103.55164,19.92806],[-103.54189,19.93743],[-103.52346,19.94902],[-103.52421,19.92643],[-103.51615,19.92665],[-103.51354,19.92516],[-103.5137,19.91285],[-103.49966,19.91129],[-103.49822,19.90724],[-103.50067,19.90561],[-103.50199,19.90083],[-103.49966,19.89733],[-103.49455,19.89566],[-103.49037,19.89643],[-103.47682,19.89152],[-103.45321,19.88716],[-103.45024,19.88831],[-103.44658,19.89294],[-103.4484,19.88545],[-103.44468,19.88832],[-103.4419,19.88386],[-103.43918,19.88493],[-103.43699,19.88073],[-103.43285,19.88296],[-103.4285,19.88266],[-103.4262,19.88714],[-103.42753,19.90142],[-103.42847,19.90382],[-103.43022,19.90399],[-103.42932,19.90954],[-103.42805,19.91249],[-103.4227,19.91488],[-103.43204,19.92251],[-103.42771,19.92598],[-103.42681,19.93524],[-103.42579,19.93343],[-103.41875,19.93246],[-103.41089,19.93391],[-103.40398,19.94132],[-103.39059,19.93288],[-103.3806,19.93219],[-103.37443,19.93003],[-103.37657,19.93412],[-103.37962,19.93504],[-103.38008,19.93895],[-103.37777,19.94087],[-103.37552,19.9469],[-103.36635,19.95539],[-103.33246,19.96073],[-103.33001,19.97064],[-103.32571,19.97666],[-103.31475,19.98044],[-103.30579,19.98083],[-103.29684,19.97584],[-103.29896,19.98472],[-103.29743,19.98755],[-103.30798,19.99885],[-103.31399,20.00073],[-103.3205,20.00546],[-103.3214,20.00726],[-103.31616,20.00774],[-103.31513,20.00939],[-103.31948,20.01384],[-103.32935,20.01741],[-103.32944,20.01582],[-103.33474,20.01546],[-103.33744,20.01368],[-103.34266,20.01329],[-103.34794,20.01619],[-103.3529,20.0154],[-103.35879,20.0176],[-103.36814,20.02653],[-103.37735,20.03156],[-103.37883,20.03585],[-103.38304,20.03872],[-103.38083,20.0464],[-103.38385,20.05194],[-103.38401,20.06115],[-103.3879,20.0595],[-103.38921,20.05625],[-103.39296,20.06108],[-103.39701,20.0592],[-103.39964,20.061],[-103.40574,20.06084],[-103.40987,20.06464],[-103.4119,20.07034],[-103.41475,20.07236],[-103.41472,20.07547],[-103.42226,20.07427],[-103.4327,20.08544],[-103.43661,20.08562],[-103.43665,20.08702],[-103.4544,20.09411],[-103.46001,20.08823],[-103.4584,20.07805],[-103.4622,20.07585],[-103.46278,20.07097],[-103.46515,20.0684],[-103.46806,20.06791],[-103.47263,20.07161],[-103.47397,20.06861],[-103.4751,20.06909],[-103.47513,20.07367],[-103.47836,20.0747],[-103.48041,20.07887],[-103.49159,20.08135],[-103.4967,20.0867],[-103.49701,20.09006],[-103.49372,20.09474],[-103.48931,20.09472],[-103.47584,20.10365],[-103.47946,20.1075],[-103.47803,20.11065],[-103.47557,20.11182],[-103.46894,20.10831],[-103.46579,20.11104],[-103.46637,20.11906],[-103.46951,20.11884],[-103.5178,20.13337]]]}},{"type":"Feature","properties":{"cvegeo":"14015","nombre":"Autlán de Navarro"},"geometry":{"type":"Polygon","coordinates":[[[-104.36322,19.92308],[-104.36769,19.92599],[-104.37073,19.92484],[-104.37545,19.9178],[-104.38081,19.9155],[-104.38294,19.91759],[-104.38791,19.91645],[-104.39071,19.92152],[-104.39628,19.91717],[-104.40218,19.92102],[-104.40209,19.91751],[-104.40356,19.91653],[-104.40545,19.91835],[-104.40844,19.91552],[-104.40952,19.91955],[-104.41077,19.91937],[-104.41426,19.91439],[-104.41744,19.91376],[-104.4165,19.9127],[-104.41882,19.90892],[-104.41601,19.90462],[-104.41993,19.90286],[-104.42168,19.89956],[-104.41958,19.89659],[-104.42231,19.89335],[-104.42025,19.89131],[-104.42166,19.88669],[-104.42412,19.88523],[-104.43692,19.88511],[-104.43942,19.87834],[-104.44501,19.87454],[-104.44437,19.87174],[-104.4472,19.86795],[-104.44778,19.85991],[-104.45016,19.85416],[-104.45595,19.84678],[-104.45232,19.84611],[-104.44867,19.84262],[-104.44882,19.84099],[-104.4501,19.84169],[-104.44824,19.83977],[-104.44963,19.83978],[-104.44865,19.83713],[-104.44692,19.83677],[-104.44679,19.83285],[-104.43704,19.82627],[-104.43632,19.8242],[-104.4396,19.82602],[-104.44266,19.82433],[-104.44774,19.82556],[-104.46312,19.82484],[-104.46521,19.81497],[-104.47357,19.79964],[-104.47161,19.79604],[-104.4732,19.79135],[-104.4709,19.7861],[-104.4714,19.77889],[-104.46385,19.77478],[-104.45973,19.76635],[-104.45744,19.76526],[-104.45523,19.75892],[-104.44088,19.7586],[-104.4375,19.75587],[-104.42528,19.75945],[-104.42619,19.75116],[-104.42475,19.74381],[-104.40864,19.7326],[-104.40457,19.73166],[-104.39653,19.73589],[-104.39319,19.7354],[-104.38797,19.73961],[-104.37879,19.73554],[-104.3853,19.74157],[-104.37284,19.74393],[-104.37409,19.74027],[-104.37074,19.7414],[-104.37326,19.73299],[-104.37565,19.73382],[-104.37996,19.73026],[-104.38389,19.72943],[-104.38277,19.72226],[-104.38455,19.71813],[-104.38913,19.71765],[-104.39268,19.71522],[-104.38659,19.71067],[-104.38616,19.70595],[-104.38793,19.7012],[-104.38685,19.69807],[-104.37793,19.69386],[-104.37516,19.69071],[-104.3687,19.6898],[-104.37455,19.67893],[-104.37874,19.67545],[-104.37644,19.67278],[-104.3798,19.66676],[-104.37825,19.66468],[-104.37954,19.6613],[-104.37487,19.65864],[-104.37763,19.65476],[-104.37548,19.65291],[-104.37651,19.65173],[-104.37442,19.64876],[-104.37582,19.64698],[-104.37404,19.64547],[-104.37491,19.64128],[-104.37236,19.63867],[-104.37303,19.63397],[-104.38108,19.62692],[-104.39036,19.62631],[-104.37535,19.61838],[-104.36374,19.61799],[-104.36066,19.6157],[-104.35104,19.61365],[-104.348,19.60601],[-104.34936,19.60096],[-104.34379,19.60124],[-104.34293,19.59967],[-104.34052,19.60044],[-104.34163,19.60284],[-104.33656,19.60444],[-104.33414,19.60731],[-104.33159,19.60714],[-104.33442,19.60432],[-104.32834,19.60595],[-104.32567,19.60359],[-104.32187,19.60562],[-104.32263,19.6035],[-104.32077,19.60362],[-104.32303,19.59997],[-104.31019,19.60687],[-104.29917,19.60375],[-104.29755,19.59777],[-104.29404,19.59863],[-104.29222,19.5959],[-104.28293,19.59391],[-104.27254,19.58838],[-104.26298,19.58874],[-104.26049,19.59471],[-104.24503,19.59378],[-104.24359,19.59673],[-104.2353,19.59779],[-104.23143,19.59663],[-104.22844,19.59776],[-104.22616,19.59414],[-104.22302,19.59274],[-104.22469,19.59164],[-104.22389,19.59067],[-104.22175,19.59116],[-104.22082,19.59441],[-104.21584,19.59348],[-104.21434,19.59694],[-104.20646,19.59977],[-104.20487,19.60237],[-104.20479,19.60521],[-104.19955,19.61338],[-104.20064,19.61607],[-104.20374,19.61732],[-104.20245,19.61983],[-104.19906,19.61796],[-104.19473,19.62221],[-104.18582,19.62356],[-104.18288,19.63029],[-104.17867,19.63205],[-104.17519,19.643],[-104.17073,19.64686],[-104.17205,19.64931],[-104.171,19.65129],[-104.16248,19.65517],[-104.16106,19.66025],[-104.1571,19.66154],[-104.15823,19.6652],[-104.14674,19.67173],[-104.13843,19.69089],[-104.13642,19.69221],[-104.1472,19.69016],[-104.14839,19.69153],[-104.14991,19.69562],[-104.14289,19.69862],[-104.14245,19.70197],[-104.14574,19.70719],[-104.15407,19.70613],[-104.15208,19.71035],[-104.15413,19.71441],[-104.15322,19.71655],[-104.15623,19.71599],[-104.15949,19.72155],[-104.15844,19.72774],[-104.1636,19.73661],[-104.16687,19.73199],[-104.17206,19.7326],[-104.1752,19.73492],[-104.17376,19.73913],[-104.17468,19.74113],[-104.18112,19.74421],[-104.17998,19.73925],[-104.18503,19.73956],[-104.18698,19.74255],[-104.18739,19.74763],[-104.19046,19.74813],[-104.19133,19.74613],[-104.19289,19.74684],[-104.19319,19.74983],[-104.19655,19.75182],[-104.20087,19.75009],[-104.20235,19.75265],[-104.20629,19.75428],[-104.21029,19.75323],[-104.21063,19.75627],[-104.21565,19.75891],[-104.21523,19.7638],[-104.21733,19.76805],[-104.21739,19.77335],[-104.21882,19.77417],[-104.21909,19.77292],[-104.22217,19.77256],[-104.22171,19.77399],[-104.2228,19.77294],[-104.22746,19.77521],[-104.22573,19.77733],[-104.22553,19.79002],[-104.23161,19.79157],[-104.23001,19.79471],[-104.23594,19.79756],[-104.23925,19.80206],[-104.24103,19.81562],[-104.24328,19.81968],[-104.24091,19.82045],[-104.24191,19.82364],[-104.24374,19.82453],[-104.24898,19.82305],[-104.25601,19.82745],[-104.27357,19.82334],[-104.27909,19.82625],[-104.28305,19.8322],[-104.28188,19.83899],[-104.28271,19.84889],[-104.29056,19.85823],[-104.30501,19.86375],[-104.30816,19.87091],[-104.31459,19.87052],[-104.31847,19.87197],[-104.32154,19.87702],[-104.33154,19.8776],[-104.33338,19.88525],[-104.33963,19.88108],[-104.34192,19.88302],[-104.34078,19.88712],[-104.3458,19.8898],[-104.35085,19.88886],[-104.35296,19.89031],[-104.35601,19.89732],[-104.35617,19.90383],[-104.36161,19.90481],[-104.36451,19.90822],[-104.36217,19.91305],[-104.36322,19.92308]]]}},{"type":"Feature","properties":{"cvegeo":"14043","nombre":"La Huerta"},"geometry":{"type":"MultiPolygon","coordinates":[[[[-104.8149,19.23129],[-104.81764,19.22407],[-104.81659,19.22416],[-104.81636,19.2209],[-104.8164,19.22354],[-104.81353,19.2259],[-104.8149,19.23129]]],[[[-104.81297,19.23426],[-104.81482,19.2331],[-104.81339,19.23093],[-104.81297,19.23426]]],[[[-104.87686,19.27373],[-104.87747,19.27275],[-104.87651,19.27237],[-104.87686,19.27373]]],[[[-104.95991,19.30605],[-104.95954,19.30709],[-104.9606,19.30813],[-104.96095,19.30769],[-104.95991,19.30605]]],[[[-104.95561,19.31058],[-104.95658,19.31034],[-104.95569,19.30943],[-104.95561,19.31058]]],[[[-104.95135,19.31496],[-104.95195,19.31527],[-104.95194,19.31463],[-104.95135,19.31496]]],[[[-105.03528,19.39091],[-105.036,19.38903],[-105.03409,19.38897],[-105.03395,19.39026],[-105.03528,19.39091]]],[[[-105.03637,19.4401],[-105.03573,19.43961],[-105.03476,19.44047],[-105.03637,19.4401]]],[[[-105.06463,19.4771],[-105.06627,19.47635],[-105.06344,19.47632],[-105.06463,19.4771]]],[[[-105.06664,19.47914],[-105.06648,19.47779],[-105.06844,19.47778],[-105.06698,19.47714],[-105.06388,19.47785],[-105.06449,19.47898],[-105.06664,19.47914]]],[[[-105.08619,19.51445],[-105.0852,19.51382],[-105.08499,19.51462],[-105.08619,19.51445]]],[[[-105.08699,19.5215],[-105.08563,19.5211],[-105.08549,19.5225],[-105.08699,19.5215]]],[[[-105.09326,19.52646],[-105.09589,19.52598],[-105.09412,19.52557],[-105.09525,19.5251],[-105.09385,19.52371],[-105.09102,19.5233],[-105.09088,19.52464],[-105.09326,19.52646]]],[[[-105.09416,19.53043],[-105.09446,19.52916],[-105.09309,19.5302],[-105.09416,19.53043]]],[[[-105.08965,19.53322],[-105.08953,19.53184],[-105.08786,19.53163],[-105.08965,19.53322]]],[[[-105.08875,19.53611],[-105.08929,19.53401],[-105.0872,19.53433],[-105.08769,19.53574],[-105.08875,19.53611]]],[[[-105.09187,19.53604],[-105.09212,19.53639],[-105.09282,19.53526],[-105.09187,19.53604]]],[[[-105.09398,19.54045],[-105.09512,19.53878],[-105.09323,19.53793],[-105.09208,19.53929],[-105.09398,19.54045]]],[[[-105.11568,19.54878],[-105.11601,19.5473],[-105.11318,19.54833],[-105.11568,19.54878]]],[[[-105.10932,19.5521],[-105.11126,19.5505],[-105.1133,19.54543],[-105.10805,19.54453],[-105.10987,19.54666],[-105.10624,19.54928],[-105.10932,19.5521]]],[[[-105.10795,19.55573],[-105.1064,19.55609],[-105.10661,19.55635],[-105.10795,19.55573]]],[[[-105.11053,19.56171],[-105.11357,19.56152],[-105.11279,19.5601],[-105.11627,19.55822],[-105.11717,19.55497],[-105.11392,19.55753],[-105.11164,19.55734],[-105.11053,19.56171]]],[[[-105.13056,19.57367],[-105.13092,19.57392],[-105.13108,19.57327],[-105.13056,19.57367]]],[[[-105.13428,19.57402],[-105.13451,19.57365],[-105.13247,19.57366],[-105.13428,19.57402]]],[[[-105.13529,19.57519],[-105.13694,19.57436],[-105.1358,19.57377],[-105.13529,19.57519]]],[[[-105.14781,19.57903],[-105.14787,19.57865],[-105.14661,19.57878],[-105.14781,19.57903]]],[[[-105.14668,19.58105],[-105.14748,19.58068],[-105.14691,19.58036],[-105.14668,19.58105]]],[[[-105.02542,19.76371],[-105.03385,19.75852],[-105.04376,19.75773],[-105.04679,19.75364],[-105.04703,19.75056],[-105.05302,19.74675],[-105.0596,19.74749],[-105.06787,19.73759],[-105.0722,19.73721],[-105.08033,19.73239],[-105.08673,19.73537],[-105.0911,19.73225],[-105.0954,19.72503],[-105.10425,19.71956],[-105.1142,19.7187],[-105.12449,19.72655],[-105.13117,19.72766],[-105.13721,19.72621],[-105.14044,19.72066],[-105.14206,19.72079],[-105.14021,19.71759],[-105.14098,19.71566],[-105.15371,19.70603],[-105.14717,19.70454],[-105.1443,19.70134],[-105.14482,19.7001],[-105.14793,19.69702],[-105.16212,19.6921],[-105.15506,19.68465],[-105.15745,19.67966],[-105.1564,19.66468],[-105.15755,19.66242],[-105.16694,19.66167],[-105.17239,19.65807],[-105.17575,19.66166],[-105.17963,19.66125],[-105.18099,19.65448],[-105.1882,19.64431],[-105.19131,19.64456],[-105.19433,19.64841],[-105.19961,19.6472],[-105.20207,19.64336],[-105.20473,19.64254],[-105.20869,19.64444],[-105.2203,19.64569],[-105.2007,19.62974],[-105.19868,19.62589],[-105.2017,19.6229],[-105.1992,19.62105],[-105.18944,19.62214],[-105.18072,19.62071],[-105.17708,19.61706],[-105.16935,19.61569],[-105.16216,19.61152],[-105.1596,19.60674],[-105.16187,19.60374],[-105.16008,19.60303],[-105.15953,19.60473],[-105.1527,19.60351],[-105.15061,19.60035],[-105.15312,19.59509],[-105.15056,19.59228],[-105.15239,19.59038],[-105.15229,19.58714],[-105.1444,19.5833],[-105.14601,19.58277],[-105.14423,19.58179],[-105.14231,19.57508],[-105.14091,19.57499],[-105.14161,19.57707],[-105.13867,19.57561],[-105.13424,19.57604],[-105.13434,19.58052],[-105.13317,19.58026],[-105.13449,19.58475],[-105.13227,19.58661],[-105.1278,19.58782],[-105.11871,19.58703],[-105.11103,19.58385],[-105.10571,19.57961],[-105.09715,19.56568],[-105.08895,19.56045],[-105.08956,19.55427],[-105.08535,19.54868],[-105.08145,19.53197],[-105.08493,19.52902],[-105.08007,19.5201],[-105.08293,19.51922],[-105.08248,19.51595],[-105.08437,19.51432],[-105.08065,19.51543],[-105.07909,19.51362],[-105.08295,19.5124],[-105.08266,19.50981],[-105.07957,19.5081],[-105.08202,19.50715],[-105.08171,19.50583],[-105.07848,19.50287],[-105.07616,19.50406],[-105.07668,19.50238],[-105.07186,19.49979],[-105.07039,19.50193],[-105.06716,19.50113],[-105.06584,19.4966],[-105.0607,19.49551],[-105.06661,19.48945],[-105.06246,19.48588],[-105.06391,19.4849],[-105.0631,19.48361],[-105.05997,19.48358],[-105.061,19.48244],[-105.05888,19.48087],[-105.06234,19.47966],[-105.05982,19.47947],[-105.06126,19.47745],[-105.05778,19.47434],[-105.06062,19.47426],[-105.0591,19.47157],[-105.06165,19.47124],[-105.06542,19.47357],[-105.06551,19.47224],[-105.07232,19.4725],[-105.07312,19.4711],[-105.06808,19.46908],[-105.06997,19.46807],[-105.06122,19.46275],[-105.06295,19.46182],[-105.0559,19.45963],[-105.0553,19.4564],[-105.05424,19.45756],[-105.05257,19.45437],[-105.04448,19.45436],[-105.04465,19.45118],[-105.04615,19.45028],[-105.04175,19.44869],[-105.04264,19.44633],[-105.03807,19.4433],[-105.0367,19.44346],[-105.0377,19.44437],[-105.03653,19.44565],[-105.03317,19.44486],[-105.03207,19.44088],[-105.02985,19.43906],[-105.03062,19.43794],[-105.02523,19.43641],[-105.02736,19.43078],[-105.02963,19.43061],[-105.02986,19.42911],[-105.02705,19.42873],[-105.02655,19.42625],[-105.02468,19.42585],[-105.02539,19.42423],[-105.02065,19.42153],[-105.01796,19.41294],[-105.01767,19.4055],[-105.0206,19.39722],[-105.02399,19.39363],[-105.02715,19.39396],[-105.03072,19.39728],[-105.02997,19.39434],[-105.03245,19.38963],[-105.03209,19.38725],[-105.03052,19.38745],[-105.02556,19.38187],[-105.02429,19.38291],[-105.01787,19.37965],[-104.9954,19.3629],[-104.99331,19.35836],[-104.98763,19.35543],[-104.98789,19.35262],[-104.98473,19.35191],[-104.98551,19.35057],[-104.98336,19.3507],[-104.98231,19.34798],[-104.97904,19.34716],[-104.97927,19.34506],[-104.97642,19.34556],[-104.96848,19.33964],[-104.96675,19.33406],[-104.96427,19.33205],[-104.96524,19.33136],[-104.96133,19.33142],[-104.95357,19.32163],[-104.95232,19.32219],[-104.93872,19.31389],[-104.9374,19.30864],[-104.93227,19.30898],[-104.91381,19.30008],[-104.90991,19.29613],[-104.90547,19.29674],[-104.88648,19.28939],[-104.87771,19.28414],[-104.87734,19.28097],[-104.87401,19.27978],[-104.87597,19.27762],[-104.87355,19.27626],[-104.87159,19.27886],[-104.8737,19.28248],[-104.87289,19.28541],[-104.8668,19.28951],[-104.85526,19.29107],[-104.85048,19.28834],[-104.85046,19.28995],[-104.84743,19.29056],[-104.84657,19.28799],[-104.84626,19.28965],[-104.84489,19.28884],[-104.84541,19.28995],[-104.84439,19.28912],[-104.8428,19.29141],[-104.8397,19.29224],[-104.83916,19.29022],[-104.83709,19.28961],[-104.83645,19.2944],[-104.83998,19.29623],[-104.84094,19.30001],[-104.83774,19.30425],[-104.83275,19.30687],[-104.82741,19.30774],[-104.8195,19.30652],[-104.80145,19.30077],[-104.79183,19.29227],[-104.78866,19.28178],[-104.78935,19.27977],[-104.79265,19.27892],[-104.79527,19.27183],[-104.79957,19.2684],[-104.79949,19.26313],[-104.80105,19.26029],[-104.80578,19.26175],[-104.80945,19.2586],[-104.80652,19.25328],[-104.80774,19.25005],[-104.80949,19.24985],[-104.80837,19.24783],[-104.81053,19.24757],[-104.80918,19.24743],[-104.80799,19.24344],[-104.81058,19.23445],[-104.80849,19.23257],[-104.80698,19.23559],[-104.79893,19.23439],[-104.79775,19.23013],[-104.79553,19.23069],[-104.7957,19.23263],[-104.79281,19.23291],[-104.79009,19.23792],[-104.78452,19.23683],[-104.78158,19.23924],[-104.77858,19.23764],[-104.77679,19.2402],[-104.77523,19.23915],[-104.77394,19.2411],[-104.78635,19.24417],[-104.78489,19.25058],[-104.77616,19.2487],[-104.77556,19.2573],[-104.75715,19.28499],[-104.76663,19.2873],[-104.76635,19.29149],[-104.77927,19.29213],[-104.78386,19.3035],[-104.78796,19.30875],[-104.7926,19.3113],[-104.79679,19.31144],[-104.79994,19.31524],[-104.79896,19.32106],[-104.79282,19.31588],[-104.79106,19.31782],[-104.78781,19.3151],[-104.78463,19.31542],[-104.78408,19.31366],[-104.77828,19.31447],[-104.77644,19.31273],[-104.77149,19.31913],[-104.76928,19.31928],[-104.77,19.32112],[-104.76837,19.32173],[-104.76806,19.32016],[-104.76429,19.32566],[-104.76806,19.32909],[-104.76539,19.32981],[-104.77332,19.33232],[-104.77223,19.33654],[-104.7628,19.33849],[-104.75774,19.34337],[-104.7561,19.34372],[-104.75475,19.34184],[-104.7457,19.34229],[-104.74374,19.34468],[-104.7402,19.34397],[-104.73935,19.34233],[-104.73304,19.34357],[-104.72923,19.33988],[-104.72721,19.34165],[-104.71914,19.34024],[-104.71807,19.34702],[-104.71455,19.34826],[-104.71257,19.35371],[-104.70975,19.35499],[-104.70567,19.35244],[-104.70271,19.3585],[-104.69813,19.35997],[-104.69363,19.35781],[-104.68796,19.36107],[-104.68419,19.36104],[-104.68108,19.36605],[-104.67757,19.36567],[-104.67764,19.36947],[-104.68022,19.37297],[-104.67247,19.37647],[-104.66882,19.3744],[-104.66297,19.37536],[-104.66186,19.37368],[-104.65717,19.37343],[-104.65174,19.3689],[-104.65314,19.36608],[-104.65146,19.3653],[-104.65249,19.36331],[-104.65011,19.36043],[-104.64862,19.36384],[-104.64415,19.36463],[-104.64197,19.36091],[-104.63731,19.35955],[-104.63276,19.36034],[-104.63304,19.35879],[-104.62905,19.35743],[-104.62419,19.35215],[-104.62466,19.35702],[-104.62288,19.35909],[-104.62428,19.36113],[-104.6222,19.36395],[-104.62417,19.36458],[-104.62388,19.36927],[-104.62171,19.37211],[-104.62511,19.37764],[-104.62756,19.37652],[-104.63273,19.37858],[-104.63378,19.3873],[-104.63615,19.38941],[-104.63422,19.39768],[-104.63166,19.39819],[-104.63071,19.40196],[-104.62133,19.40863],[-104.6168,19.41431],[-104.61215,19.41215],[-104.60987,19.41548],[-104.60378,19.41334],[-104.59774,19.41613],[-104.59383,19.41515],[-104.59107,19.41628],[-104.58217,19.41193],[-104.57365,19.41071],[-104.57028,19.41279],[-104.56776,19.41817],[-104.56901,19.42899],[-104.57284,19.42964],[-104.57648,19.43371],[-104.57736,19.43724],[-104.57324,19.43992],[-104.57348,19.44658],[-104.57746,19.44935],[-104.57801,19.45184],[-104.55577,19.44917],[-104.55527,19.45206],[-104.54789,19.45128],[-104.53877,19.45369],[-104.53667,19.46055],[-104.5308,19.4616],[-104.5291,19.46359],[-104.53113,19.47017],[-104.53641,19.47502],[-104.54016,19.48525],[-104.54278,19.48716],[-104.55128,19.50103],[-104.52783,19.52529],[-104.53511,19.52496],[-104.54412,19.54297],[-104.54751,19.54054],[-104.5568,19.54364],[-104.55722,19.53876],[-104.55962,19.5377],[-104.56615,19.54581],[-104.57189,19.54775],[-104.57106,19.553],[-104.58302,19.55658],[-104.58189,19.56009],[-104.58413,19.56876],[-104.59538,19.56459],[-104.59854,19.55856],[-104.60335,19.55749],[-104.60456,19.5547],[-104.60588,19.55537],[-104.60557,19.5734],[-104.60925,19.57811],[-104.61775,19.57946],[-104.61471,19.58414],[-104.61721,19.5924],[-104.6204,19.59526],[-104.61602,19.59604],[-104.61289,19.60154],[-104.62381,19.60941],[-104.66721,19.62558],[-104.68448,19.62457],[-104.69327,19.62128],[-104.70258,19.62474],[-104.70294,19.62618],[-104.70681,19.62459],[-104.71031,19.62678],[-104.71232,19.6304],[-104.71996,19.63432],[-104.72096,19.63649],[-104.72485,19.63339],[-104.72396,19.62857],[-104.7302,19.62518],[-104.74116,19.61197],[-104.75253,19.61896],[-104.75611,19.62397],[-104.75305,19.63145],[-104.75397,19.63424],[-104.75975,19.63441],[-104.76501,19.63826],[-104.77316,19.63312],[-104.78094,19.63821],[-104.78323,19.63568],[-104.81964,19.632],[-104.83047,19.63803],[-104.82999,19.64023],[-104.83688,19.64939],[-104.84077,19.65074],[-104.83912,19.65552],[-104.84558,19.66549],[-104.8469,19.6709],[-104.85095,19.67718],[-104.8564,19.68084],[-104.87249,19.70744],[-104.88324,19.70567],[-104.89336,19.69973],[-104.89987,19.70003],[-104.90108,19.69849],[-104.89999,19.69736],[-104.91964,19.6831],[-104.92013,19.68678],[-104.9257,19.68534],[-104.92929,19.68907],[-104.9313,19.68634],[-104.93337,19.69154],[-104.94132,19.6907],[-104.94435,19.69443],[-104.95651,19.69055],[-104.95946,19.69673],[-104.96624,19.70147],[-104.96923,19.70662],[-104.97247,19.70495],[-104.97677,19.70645],[-104.978,19.70538],[-104.97797,19.70263],[-104.97529,19.69982],[-104.976,19.69437],[-104.97322,19.6901],[-104.9755,19.68692],[-104.9772,19.68672],[-104.97668,19.68853],[-104.97928,19.68973],[-104.98282,19.68766],[-104.98498,19.69051],[-104.98868,19.69045],[-104.99252,19.69417],[-104.99468,19.69367],[-104.9989,19.69748],[-105.0065,19.69925],[-105.01142,19.70296],[-105.01736,19.69986],[-105.01616,19.70528],[-105.01775,19.70772],[-105.01598,19.70944],[-105.01801,19.71175],[-105.02459,19.71415],[-105.02197,19.72259],[-105.01542,19.72927],[-105.01052,19.72981],[-105.01181,19.73785],[-105.00979,19.75423],[-105.01224,19.75553],[-105.01373,19.75934],[-105.01886,19.758],[-105.02452,19.75918],[-105.02542,19.76371]]]]}},{"type":"Feature","properties":{"cvegeo":"14055","nombre":"Magdalena"},"geometry":{"type":"Polygon","coordinates":[[[-104.01172,21.00793],[-104.02099,21.0043],[-104.02287,21.00609],[-104.02039,21.0027],[-104.02354,20.99412],[-104.02726,20.99518],[-104.03198,20.98547],[-104.03176,20.98037],[-104.04102,20.98146],[-104.05048,20.97521],[-104.05195,20.976],[-104.06176,20.95879],[-104.07448,20.95599],[-104.07816,20.95266],[-104.08796,20.95541],[-104.08973,20.95741],[-104.09662,20.95751],[-104.09998,20.95421],[-104.09756,20.95499],[-104.09247,20.94944],[-104.09156,20.94417],[-104.09839,20.94287],[-104.10017,20.94118],[-104.10602,20.94305],[-104.10939,20.9472],[-104.11592,20.94484],[-104.11789,20.94204],[-104.12665,20.94225],[-104.12739,20.94083],[-104.1311,20.94129],[-104.13358,20.93944],[-104.13856,20.94382],[-104.13777,20.94599],[-104.13974,20.94574],[-104.14165,20.94851],[-104.1448,20.94919],[-104.14693,20.94656],[-104.14925,20.94762],[-104.14944,20.94493],[-104.15172,20.94398],[-104.15414,20.93995],[-104.15742,20.93916],[-104.15682,20.93662],[-104.1598,20.93614],[-104.16545,20.9386],[-104.16677,20.93745],[-104.17971,20.94056],[-104.17758,20.94241],[-104.17862,20.94572],[-104.17574,20.94514],[-104.17289,20.94726],[-104.16969,20.95315],[-104.17169,20.95592],[-104.17603,20.95775],[-104.17833,20.95533],[-104.1848,20.95775],[-104.18615,20.96656],[-104.18866,20.96278],[-104.18997,20.95177],[-104.19198,20.94965],[-104.19568,20.95738],[-104.20147,20.96008],[-104.20484,20.9599],[-104.20131,20.95924],[-104.20106,20.95732],[-104.20453,20.95493],[-104.20462,20.95197],[-104.20797,20.95106],[-104.20659,20.93637],[-104.22107,20.94153],[-104.22875,20.93558],[-104.23009,20.93198],[-104.23652,20.92619],[-104.24645,20.92125],[-104.24823,20.90687],[-104.25949,20.89397],[-104.25367,20.89268],[-104.25175,20.89556],[-104.25045,20.89455],[-104.24957,20.89615],[-104.24375,20.89767],[-104.24187,20.90086],[-104.23924,20.89999],[-104.23778,20.9043],[-104.23328,20.90717],[-104.23053,20.91154],[-104.22784,20.91211],[-104.2257,20.91652],[-104.21693,20.91949],[-104.21837,20.92054],[-104.21626,20.92332],[-104.20182,20.922],[-104.20221,20.92042],[-104.19771,20.91905],[-104.19604,20.91516],[-104.19366,20.9142],[-104.19068,20.91547],[-104.18187,20.91028],[-104.17923,20.91218],[-104.172,20.9116],[-104.16619,20.90287],[-104.15525,20.89772],[-104.15323,20.89312],[-104.14721,20.89124],[-104.143,20.88421],[-104.13858,20.88655],[-104.13325,20.88226],[-104.13001,20.88239],[-104.13022,20.884],[-104.12201,20.88473],[-104.11817,20.88332],[-104.10843,20.88468],[-104.10567,20.88302],[-104.09813,20.88546],[-104.09774,20.88707],[-104.09223,20.88588],[-104.09157,20.88799],[-104.08766,20.88875],[-104.0866,20.89096],[-104.0822,20.89152],[-104.08141,20.89342],[-104.07957,20.89275],[-104.07682,20.89898],[-104.07951,20.90068],[-104.07978,20.90315],[-104.07524,20.90333],[-104.07177,20.90582],[-104.06608,20.90574],[-104.05877,20.91155],[-104.03675,20.91147],[-104.03107,20.90821],[-104.03114,20.89221],[-104.02051,20.89225],[-104.02122,20.84418],[-103.98523,20.84577],[-103.9831,20.8414],[-103.97834,20.8389],[-103.97351,20.8314],[-103.9666,20.83013],[-103.96756,20.8253],[-103.96677,20.82415],[-103.96424,20.82525],[-103.96621,20.82327],[-103.96528,20.82133],[-103.95823,20.82591],[-103.94382,20.83083],[-103.94474,20.8321],[-103.93883,20.8374],[-103.93998,20.84001],[-103.93586,20.84063],[-103.9343,20.84304],[-103.92381,20.83904],[-103.92174,20.83183],[-103.92612,20.82782],[-103.92616,20.82486],[-103.915,20.81463],[-103.90947,20.8133],[-103.90256,20.81534],[-103.90112,20.81942],[-103.8955,20.81983],[-103.89134,20.82281],[-103.89678,20.83318],[-103.89875,20.84147],[-103.89114,20.84338],[-103.88938,20.85656],[-103.88569,20.86004],[-103.8832,20.8662],[-103.87787,20.86983],[-103.87781,20.87288],[-103.88504,20.87383],[-103.88698,20.87884],[-103.89069,20.88013],[-103.88776,20.88957],[-103.88613,20.8905],[-103.88814,20.89218],[-103.89,20.88994],[-103.89224,20.89372],[-103.89308,20.89167],[-103.89725,20.89467],[-103.91236,20.90003],[-103.9194,20.90479],[-103.90832,20.91035],[-103.90798,20.91318],[-103.91256,20.91536],[-103.91235,20.91859],[-103.91633,20.92014],[-103.9202,20.91807],[-103.91985,20.91468],[-103.92837,20.91298],[-103.93,20.90882],[-103.93512,20.9075],[-103.93512,20.90977],[-103.93962,20.90622],[-103.93969,20.91103],[-103.94162,20.91124],[-103.94338,20.90675],[-103.94616,20.90733],[-103.9453,20.91103],[-103.97034,20.94605],[-103.96646,20.9556],[-103.97333,20.95763],[-103.97663,20.95628],[-103.97903,20.95752],[-103.97722,20.95961],[-103.98095,20.95948],[-103.98031,20.96157],[-103.98449,20.96841],[-103.99078,20.97172],[-103.98702,20.97706],[-103.99044,20.9782],[-103.99014,20.9802],[-103.99556,20.98301],[-103.99823,20.98751],[-104.00218,20.99008],[-104.00047,20.99169],[-104.01172,21.00793]]]}},{"type":"Feature","properties":{"cvegeo":"14086","nombre":"Tapalpa"},"geometry":{"type":"Polygon","coordinates":[[[-103.77458,20.09268],[-103.79318,20.08819],[-103.80042,20.08197],[-103.80172,20.07578],[-103.80602,20.07123],[-103.80864,20.0734],[-103.81231,20.0722],[-103.82646,20.06408],[-103.83724,20.06464],[-103.8408,20.05952],[-103.8404,20.05604],[-103.83626,20.05721],[-103.83449,20.05595],[-103.83431,20.05142],[-103.83526,20.04929],[-103.83927,20.04884],[-103.84114,20.03513],[-103.83707,20.03174],[-103.83587,20.02576],[-103.83101,20.01967],[-103.83012,20.01591],[-103.82468,20.01074],[-103.82479,20.00649],[-103.82928,20.00808],[-103.82802,20.00527],[-103.8299,20.00402],[-103.84272,20.00774],[-103.84417,20.0054],[-103.85015,20.00886],[-103.85625,20.01605],[-103.86094,20.01374],[-103.86314,20.01585],[-103.86551,20.01453],[-103.87275,20.01722],[-103.87939,20.00978],[-103.88276,20.01073],[-103.8865,20.00493],[-103.88523,20.00328],[-103.89062,20.00483],[-103.89363,20.00878],[-103.89416,20.0074],[-103.89403,20.00233],[-103.88882,19.99722],[-103.88888,19.99413],[-103.89066,19.98761],[-103.89326,19.98359],[-103.89622,19.98294],[-103.89668,19.98051],[-103.89311,19.97712],[-103.89396,19.97182],[-103.89268,19.96399],[-103.88892,19.95674],[-103.89085,19.95038],[-103.89642,19.94652],[-103.89487,19.94135],[-103.89602,19.93955],[-103.89298,19.93043],[-103.88438,19.92541],[-103.88593,19.92084],[-103.88425,19.91688],[-103.88661,19.9144],[-103.88574,19.90944],[-103.88805,19.90509],[-103.88716,19.90207],[-103.88928,19.90229],[-103.8885,19.90019],[-103.89239,19.89853],[-103.89441,19.89569],[-103.89326,19.89422],[-103.89711,19.89359],[-103.89717,19.89136],[-103.88833,19.89112],[-103.88261,19.89373],[-103.87468,19.89085],[-103.87354,19.88854],[-103.87124,19.88866],[-103.86793,19.88614],[-103.86551,19.879],[-103.86342,19.85523],[-103.86441,19.84095],[-103.86658,19.8353],[-103.87792,19.83049],[-103.88064,19.81916],[-103.87805,19.81625],[-103.87499,19.8167],[-103.86305,19.82843],[-103.85631,19.82435],[-103.85688,19.82589],[-103.85311,19.83189],[-103.85036,19.83233],[-103.84024,19.82132],[-103.83326,19.81981],[-103.82863,19.8223],[-103.82423,19.82141],[-103.81972,19.82371],[-103.81366,19.8189],[-103.81134,19.81935],[-103.80703,19.81504],[-103.7982,19.81234],[-103.79739,19.8134],[-103.80128,19.81722],[-103.79648,19.81744],[-103.79475,19.82547],[-103.79803,19.82846],[-103.79664,19.83023],[-103.79723,19.8333],[-103.80127,19.83482],[-103.7981,19.83774],[-103.78955,19.8389],[-103.78647,19.83473],[-103.78154,19.83352],[-103.78099,19.82721],[-103.77958,19.82635],[-103.78047,19.82281],[-103.77781,19.82015],[-103.77146,19.82288],[-103.7592,19.82004],[-103.75527,19.81685],[-103.75188,19.81755],[-103.75057,19.81432],[-103.74668,19.81468],[-103.74625,19.81306],[-103.74393,19.81569],[-103.74023,19.81564],[-103.73286,19.82109],[-103.72936,19.82734],[-103.72248,19.83157],[-103.71724,19.8397],[-103.71209,19.82987],[-103.71495,19.82424],[-103.71382,19.82339],[-103.71518,19.81114],[-103.70311,19.81355],[-103.70051,19.81103],[-103.6978,19.80041],[-103.69398,19.80323],[-103.69558,19.8052],[-103.69566,19.81073],[-103.69165,19.8155],[-103.69202,19.82702],[-103.68883,19.82831],[-103.68394,19.82472],[-103.67827,19.81177],[-103.6711,19.80573],[-103.67074,19.80949],[-103.66614,19.81297],[-103.6622,19.82013],[-103.65819,19.82174],[-103.6553,19.82727],[-103.65034,19.83165],[-103.64764,19.8305],[-103.64407,19.83224],[-103.63779,19.82738],[-103.63319,19.82867],[-103.63307,19.83237],[-103.63041,19.83395],[-103.63045,19.83838],[-103.62489,19.84092],[-103.6269,19.84701],[-103.63582,19.84409],[-103.63666,19.84559],[-103.64802,19.84721],[-103.65461,19.8459],[-103.65895,19.84819],[-103.65898,19.8497],[-103.66761,19.84819],[-103.67569,19.8563],[-103.6744,19.86669],[-103.68685,19.86529],[-103.69871,19.87816],[-103.7074,19.88051],[-103.69971,19.88223],[-103.69501,19.88655],[-103.69099,19.88685],[-103.68686,19.88937],[-103.67478,19.88598],[-103.66897,19.89106],[-103.67031,19.8958],[-103.66911,19.90227],[-103.66468,19.90457],[-103.66335,19.91028],[-103.6563,19.91196],[-103.65649,19.91699],[-103.65858,19.92259],[-103.66276,19.92759],[-103.66319,19.93208],[-103.66526,19.93318],[-103.66545,19.93707],[-103.664,19.93783],[-103.66151,19.93595],[-103.66127,19.93856],[-103.65762,19.94044],[-103.65245,19.94054],[-103.656,19.94515],[-103.65584,19.9476],[-103.65379,19.94603],[-103.65281,19.94789],[-103.65561,19.95007],[-103.65718,19.95811],[-103.66425,19.9555],[-103.66669,19.95766],[-103.66956,19.95436],[-103.68425,19.9524],[-103.67999,19.9566],[-103.67333,19.9748],[-103.67545,19.98541],[-103.67386,19.99168],[-103.6745,20.00677],[-103.67169,20.00793],[-103.67025,20.01278],[-103.67198,20.01507],[-103.66865,20.01554],[-103.66906,20.01911],[-103.6648,20.01879],[-103.66301,20.03267],[-103.66111,20.0327],[-103.66025,20.0387],[-103.66345,20.04332],[-103.65806,20.05216],[-103.65379,20.05571],[-103.65056,20.0554],[-103.64915,20.05355],[-103.63678,20.05284],[-103.63191,20.05082],[-103.63091,20.0624],[-103.62154,20.06438],[-103.63153,20.06707],[-103.63709,20.07367],[-103.63578,20.07622],[-103.63648,20.07887],[-103.64016,20.08342],[-103.64446,20.08454],[-103.64601,20.08706],[-103.6515,20.08101],[-103.65708,20.08629],[-103.66247,20.08689],[-103.66828,20.08415],[-103.67258,20.0876],[-103.68308,20.09027],[-103.68467,20.08959],[-103.68336,20.08608],[-103.68797,20.08928],[-103.7024,20.08321],[-103.7146,20.0895],[-103.71901,20.08647],[-103.72604,20.08489],[-103.72619,20.07976],[-103.73619,20.07996],[-103.73787,20.07782],[-103.73702,20.07319],[-103.74124,20.07443],[-103.74439,20.06951],[-103.74305,20.06787],[-103.74459,20.06781],[-103.74648,20.06389],[-103.75224,20.06157],[-103.7638,20.06091],[-103.76563,20.064],[-103.76383,20.06906],[-103.76605,20.07089],[-103.7686,20.07961],[-103.77259,20.08404],[-103.77458,20.09268]]]}},{"type":"Feature","properties":{"cvegeo":"14003","nombre":"Ahualulco de Mercado"},"geometry":{"type":"Polygon","coordinates":[[[-103.90789,20.8099],[-103.91411,20.80913],[-103.91455,20.80536],[-103.91713,20.80438],[-103.91817,20.79959],[-103.92128,20.79755],[-103.92744,20.78444],[-103.92554,20.77932],[-103.92731,20.77591],[-103.93042,20.77592],[-103.93319,20.77198],[-103.9387,20.77104],[-103.94155,20.76875],[-103.94054,20.76213],[-103.942,20.7585],[-103.94071,20.75671],[-103.94243,20.75717],[-103.94332,20.75551],[-103.94637,20.75714],[-103.94792,20.75585],[-103.95176,20.75754],[-103.95608,20.75408],[-103.96158,20.74798],[-103.96105,20.74053],[-103.96463,20.73451],[-103.97039,20.73165],[-103.97321,20.7263],[-103.97596,20.72771],[-103.97346,20.72615],[-103.97688,20.71916],[-103.98866,20.71614],[-103.99196,20.71615],[-103.99361,20.71873],[-103.99652,20.71591],[-104.00262,20.72531],[-104.00658,20.7254],[-104.0116,20.72849],[-104.01729,20.7266],[-104.02258,20.72722],[-104.02516,20.72831],[-104.02662,20.73141],[-104.03069,20.73197],[-104.03021,20.729],[-104.03222,20.72783],[-104.05203,20.69205],[-104.05626,20.68715],[-104.05736,20.68023],[-104.0562,20.66223],[-104.0348,20.64327],[-104.03182,20.64223],[-104.03069,20.63952],[-104.01394,20.62457],[-104.00237,20.61741],[-103.98742,20.61159],[-103.98096,20.61116],[-103.9718,20.61982],[-103.95565,20.62555],[-103.95002,20.63014],[-103.9504,20.63265],[-103.94558,20.63605],[-103.9403,20.63619],[-103.93705,20.63994],[-103.93511,20.63822],[-103.932,20.63923],[-103.92782,20.63795],[-103.92012,20.6445],[-103.91038,20.63858],[-103.89807,20.63957],[-103.89149,20.63565],[-103.89053,20.63805],[-103.88591,20.63598],[-103.88681,20.63899],[-103.8919,20.64225],[-103.89407,20.64806],[-103.90413,20.65545],[-103.90521,20.65777],[-103.91024,20.6595],[-103.90828,20.68038],[-103.9164,20.69214],[-103.91029,20.70515],[-103.9096,20.71165],[-103.90193,20.72015],[-103.89522,20.72533],[-103.89123,20.72629],[-103.88807,20.73006],[-103.88784,20.72852],[-103.88287,20.72757],[-103.88492,20.72463],[-103.88378,20.71763],[-103.87913,20.71283],[-103.87504,20.71144],[-103.87446,20.70434],[-103.87141,20.7005],[-103.86494,20.6975],[-103.86508,20.69313],[-103.86331,20.69148],[-103.85592,20.70936],[-103.85092,20.71334],[-103.85033,20.71222],[-103.84621,20.71324],[-103.8407,20.72219],[-103.83871,20.72281],[-103.83803,20.72745],[-103.83978,20.72892],[-103.84218,20.73689],[-103.84074,20.73761],[-103.83941,20.7431],[-103.83387,20.74725],[-103.82686,20.74563],[-103.82167,20.74826],[-103.80757,20.76959],[-103.79993,20.77264],[-103.78615,20.78681],[-103.79039,20.79162],[-103.78829,20.7924],[-103.78833,20.79494],[-103.79351,20.79566],[-103.80717,20.80207],[-103.81165,20.80065],[-103.81826,20.80173],[-103.8257,20.7938],[-103.83658,20.78981],[-103.84737,20.78732],[-103.85004,20.78955],[-103.86425,20.78966],[-103.86863,20.78674],[-103.86909,20.79025],[-103.87247,20.79249],[-103.87567,20.79857],[-103.88405,20.79862],[-103.89194,20.80237],[-103.89478,20.80805],[-103.90789,20.8099]]]}},{"type":"Feature","properties":{"cvegeo":"14005","nombre":"Amatitán"},"geometry":{"type":"Polygon","coordinates":[[[-103.75492,20.92584],[-103.75768,20.92514],[-103.76056,20.92166],[-103.76093,20.91585],[-103.76291,20.9143],[-103.76372,20.91051],[-103.76982,20.90702],[-103.76748,20.90391],[-103.77051,20.89892],[-103.76912,20.89525],[-103.77106,20.89319],[-103.76954,20.88629],[-103.75256,20.87869],[-103.76004,20.86499],[-103.76678,20.86716],[-103.77078,20.86135],[-103.7732,20.84719],[-103.77251,20.84386],[-103.7761,20.83875],[-103.77915,20.82674],[-103.77786,20.82567],[-103.78577,20.81166],[-103.78327,20.80536],[-103.78695,20.80337],[-103.78829,20.7924],[-103.79039,20.79162],[-103.78638,20.78767],[-103.78714,20.78362],[-103.78504,20.78255],[-103.78493,20.78033],[-103.77733,20.78392],[-103.77373,20.78008],[-103.76681,20.78198],[-103.75879,20.77824],[-103.74476,20.77906],[-103.73648,20.77626],[-103.73892,20.77079],[-103.73664,20.76739],[-103.74446,20.76508],[-103.74424,20.7633],[-103.73135,20.76885],[-103.72852,20.77392],[-103.72511,20.77155],[-103.71646,20.77528],[-103.71635,20.77737],[-103.71373,20.77679],[-103.71108,20.78091],[-103.71602,20.7838],[-103.70763,20.79308],[-103.7046,20.79231],[-103.70063,20.80978],[-103.70087,20.81537],[-103.6927,20.82482],[-103.68754,20.82145],[-103.68789,20.82021],[-103.68304,20.81848],[-103.67921,20.82115],[-103.67743,20.82064],[-103.67769,20.81017],[-103.67294,20.81365],[-103.67094,20.81071],[-103.66618,20.81199],[-103.66596,20.81014],[-103.66145,20.8132],[-103.66233,20.81636],[-103.6577,20.82011],[-103.64867,20.81799],[-103.64829,20.82051],[-103.65196,20.82586],[-103.65242,20.83284],[-103.65442,20.83685],[-103.6504,20.83845],[-103.64932,20.84359],[-103.64512,20.8473],[-103.64591,20.85367],[-103.63967,20.85886],[-103.63899,20.8626],[-103.64054,20.86748],[-103.63571,20.87101],[-103.63166,20.87054],[-103.63769,20.88002],[-103.63332,20.88582],[-103.63797,20.88804],[-103.64251,20.88785],[-103.64235,20.89033],[-103.64727,20.89302],[-103.6564,20.90628],[-103.66034,20.90369],[-103.66091,20.89815],[-103.66284,20.90044],[-103.66698,20.90159],[-103.67645,20.89922],[-103.67991,20.90283],[-103.68599,20.90481],[-103.68491,20.90768],[-103.68689,20.90602],[-103.68946,20.90613],[-103.6905,20.90817],[-103.69269,20.90671],[-103.69646,20.9102],[-103.69516,20.912],[-103.69599,20.91428],[-103.69909,20.91135],[-103.70428,20.91481],[-103.70654,20.91091],[-103.70555,20.90948],[-103.71045,20.9095],[-103.71552,20.91644],[-103.72428,20.92257],[-103.72803,20.92271],[-103.73281,20.9181],[-103.73554,20.91788],[-103.73821,20.92149],[-103.74073,20.92219],[-103.74388,20.91878],[-103.74848,20.9184],[-103.75287,20.92185],[-103.75492,20.92584]]]}},{"type":"Feature","properties":{"cvegeo":"14025","nombre":"Colotlán"},"geometry":{"type":"Polygon","coordinates":[[[-103.2907,22.2547],[-103.29907,22.24911],[-103.31193,22.23326],[-103.32652,22.24173],[-103.32832,22.24009],[-103.33152,22.241],[-103.3377,22.24516],[-103.34974,22.23921],[-103.35531,22.24094],[-103.36183,22.23916],[-103.36969,22.23131],[-103.38303,22.22701],[-103.38399,22.22199],[-103.38017,22.219],[-103.38516,22.21582],[-103.38435,22.21374],[-103.38566,22.21253],[-103.40896,22.21536],[-103.41723,22.19048],[-103.42167,22.18954],[-103.42296,22.1913],[-103.42386,22.18919],[-103.43412,22.19076],[-103.43131,22.18732],[-103.43051,22.1825],[-103.42532,22.18263],[-103.41969,22.17748],[-103.42531,22.17646],[-103.4251,22.17026],[-103.42918,22.16218],[-103.42703,22.1545],[-103.42881,22.14829],[-103.42593,22.13942],[-103.42818,22.13928],[-103.43046,22.13461],[-103.43216,22.13449],[-103.43211,22.13162],[-103.43357,22.13284],[-103.43414,22.13078],[-103.43458,22.13288],[-103.43627,22.1269],[-103.43829,22.12885],[-103.43734,22.12552],[-103.43942,22.12191],[-103.43871,22.11831],[-103.44559,22.1135],[-103.44669,22.11525],[-103.44955,22.11438],[-103.44797,22.11075],[-103.44239,22.11012],[-103.43331,22.09913],[-103.42035,22.10338],[-103.41054,22.09587],[-103.4078,22.09102],[-103.39919,22.08865],[-103.39975,22.08632],[-103.40538,22.0831],[-103.40584,22.08125],[-103.40463,22.07643],[-103.39948,22.07419],[-103.39853,22.05484],[-103.39349,22.05587],[-103.38921,22.04791],[-103.38368,22.05334],[-103.37426,22.05221],[-103.37556,22.04611],[-103.37876,22.04686],[-103.38435,22.04242],[-103.38385,22.04081],[-103.38009,22.03945],[-103.37899,22.03154],[-103.37692,22.02807],[-103.38671,22.02352],[-103.38464,22.02034],[-103.38484,22.01748],[-103.38857,22.0129],[-103.38844,22.00945],[-103.38205,22.01189],[-103.3815,22.01908],[-103.37771,22.01959],[-103.37338,22.01783],[-103.37346,22.0084],[-103.37078,22.00758],[-103.37017,22.00165],[-103.35649,22.00176],[-103.35427,21.99721],[-103.3441,21.99812],[-103.34097,21.99619],[-103.33993,21.99725],[-103.33736,21.99635],[-103.33777,21.99355],[-103.34041,21.99251],[-103.3405,21.98223],[-103.34918,21.97106],[-103.34799,21.96896],[-103.34245,21.96847],[-103.34113,21.96678],[-103.34229,21.9642],[-103.34585,21.96352],[-103.34804,21.96105],[-103.34799,21.95909],[-103.3446,21.95658],[-103.34815,21.95379],[-103.34531,21.95104],[-103.34248,21.9433],[-103.33874,21.9423],[-103.33191,21.94302],[-103.33046,21.94589],[-103.32438,21.94844],[-103.32357,21.95111],[-103.31831,21.95605],[-103.31014,21.9591],[-103.30919,21.96629],[-103.27856,21.98965],[-103.27597,21.98869],[-103.27335,21.97908],[-103.26472,21.97184],[-103.26215,21.97256],[-103.25709,21.96958],[-103.25276,21.96959],[-103.24475,21.9666],[-103.24145,21.97076],[-103.24682,21.97595],[-103.24514,21.97721],[-103.23997,21.97672],[-103.22398,21.97181],[-103.22151,21.96799],[-103.21571,21.96675],[-103.21066,21.96805],[-103.20866,21.96514],[-103.20557,21.96519],[-103.20408,21.96771],[-103.19256,21.9699],[-103.19181,21.97445],[-103.19207,21.97934],[-103.19547,21.97979],[-103.19819,21.98464],[-103.19403,21.99007],[-103.20213,21.99339],[-103.20305,21.99596],[-103.20166,21.99857],[-103.19769,21.99907],[-103.19669,22.00086],[-103.19073,21.99791],[-103.18173,21.99708],[-103.18007,21.99842],[-103.17254,21.99662],[-103.16806,21.99856],[-103.16566,21.99681],[-103.15961,22.00063],[-103.16008,22.00317],[-103.146,22.00528],[-103.14372,22.00797],[-103.13797,22.00305],[-103.13284,22.00304],[-103.12087,22.01518],[-103.11712,22.01288],[-103.11421,22.01312],[-103.11149,22.01426],[-103.10999,22.01741],[-103.11159,22.02113],[-103.10891,22.02579],[-103.11025,22.02752],[-103.10906,22.02895],[-103.11407,22.03905],[-103.10845,22.03916],[-103.10617,22.04699],[-103.10791,22.0634],[-103.14437,22.06792],[-103.15476,22.07264],[-103.15216,22.08256],[-103.15278,22.08762],[-103.14341,22.08723],[-103.13864,22.09134],[-103.13509,22.09046],[-103.13503,22.09763],[-103.12803,22.1022],[-103.1266,22.10404],[-103.12768,22.10551],[-103.13448,22.10724],[-103.13667,22.11185],[-103.14521,22.11339],[-103.15347,22.1239],[-103.16578,22.12836],[-103.16784,22.13421],[-103.17524,22.14066],[-103.18123,22.14242],[-103.19091,22.14276],[-103.19185,22.14058],[-103.19619,22.13863],[-103.21129,22.13681],[-103.22174,22.13352],[-103.23096,22.12548],[-103.23223,22.13311],[-103.23587,22.13677],[-103.23732,22.13615],[-103.24065,22.13842],[-103.24064,22.14069],[-103.23274,22.14708],[-103.23295,22.15255],[-103.23041,22.16286],[-103.25946,22.16734],[-103.26283,22.16184],[-103.26436,22.15279],[-103.26968,22.15043],[-103.26976,22.15353],[-103.27138,22.15432],[-103.27668,22.15237],[-103.28381,22.15416],[-103.28482,22.16035],[-103.28233,22.16987],[-103.27941,22.17492],[-103.27618,22.17718],[-103.27389,22.18216],[-103.27486,22.18555],[-103.27187,22.19088],[-103.27973,22.20127],[-103.27968,22.206],[-103.27822,22.21084],[-103.27137,22.22113],[-103.28315,22.22688],[-103.28465,22.22931],[-103.29462,22.23277],[-103.29425,22.24007],[-103.29049,22.24408],[-103.28872,22.24388],[-103.28016,22.2535],[-103.2907,22.2547]]]}},{"type":"Feature","properties":{"cvegeo":"14027","nombre":"Cuautitlán de García Barragán"},"geometry":{"type":"Polygon","coordinates":[[[-104.16554,19.65372],[-104.17154,19.65052],[-104.17073,19.64686],[-104.17519,19.643],[-104.17867,19.63205],[-104.18288,19.63029],[-104.18582,19.62356],[-104.19473,19.62221],[-104.19906,19.61796],[-104.20245,19.61983],[-104.20374,19.61732],[-104.20064,19.61607],[-104.19955,19.61338],[-104.20646,19.59977],[-104.21434,19.59694],[-104.21584,19.59348],[-104.22082,19.59441],[-104.22175,19.59116],[-104.22435,19.59111],[-104.22302,19.59274],[-104.22616,19.59414],[-104.22844,19.59776],[-104.23143,19.59663],[-104.2353,19.59779],[-104.24359,19.59673],[-104.24503,19.59378],[-104.26049,19.59471],[-104.26255,19.5893],[-104.26465,19.58797],[-104.27444,19.58865],[-104.28122,19.59324],[-104.29222,19.5959],[-104.29404,19.59863],[-104.29755,19.59777],[-104.29917,19.60375],[-104.31019,19.60687],[-104.32303,19.59997],[-104.32077,19.60362],[-104.32263,19.6035],[-104.32187,19.60562],[-104.32567,19.60359],[-104.32834,19.60595],[-104.33442,19.60432],[-104.33159,19.60714],[-104.33414,19.60731],[-104.33656,19.60444],[-104.34222,19.60227],[-104.34052,19.60044],[-104.34293,19.59967],[-104.34379,19.60124],[-104.34851,19.60126],[-104.35946,19.59707],[-104.35923,19.59012],[-104.35562,19.58416],[-104.3587,19.5828],[-104.35935,19.57275],[-104.36497,19.56211],[-104.35812,19.56044],[-104.3587,19.55634],[-104.3644,19.55223],[-104.3629,19.54889],[-104.36671,19.54642],[-104.37477,19.53438],[-104.37937,19.53205],[-104.37653,19.52788],[-104.37846,19.52778],[-104.37811,19.52283],[-104.3831,19.51954],[-104.39305,19.51718],[-104.39407,19.5195],[-104.39697,19.52002],[-104.40586,19.51701],[-104.41306,19.51922],[-104.41471,19.51784],[-104.42061,19.51766],[-104.42542,19.51988],[-104.43144,19.51727],[-104.4366,19.51836],[-104.43938,19.52108],[-104.45234,19.51645],[-104.45648,19.51111],[-104.46898,19.50867],[-104.46553,19.50456],[-104.46472,19.49735],[-104.46227,19.49463],[-104.46347,19.49051],[-104.4589,19.48853],[-104.45871,19.48372],[-104.45111,19.47881],[-104.45095,19.47107],[-104.44828,19.46826],[-104.4482,19.46306],[-104.44573,19.46176],[-104.44872,19.45945],[-104.45169,19.46032],[-104.45705,19.45761],[-104.45798,19.45653],[-104.45638,19.45051],[-104.46233,19.45291],[-104.46247,19.45594],[-104.46414,19.4569],[-104.46513,19.45367],[-104.47008,19.45589],[-104.4712,19.45255],[-104.47509,19.45595],[-104.47812,19.45514],[-104.48814,19.45714],[-104.49274,19.45565],[-104.50234,19.45872],[-104.50206,19.45395],[-104.50387,19.45492],[-104.50544,19.45357],[-104.5054,19.45776],[-104.5068,19.45757],[-104.50702,19.45959],[-104.51248,19.45921],[-104.52906,19.46369],[-104.5308,19.4616],[-104.53667,19.46055],[-104.53877,19.45369],[-104.54789,19.45128],[-104.55527,19.45206],[-104.55577,19.44917],[-104.57782,19.45202],[-104.57746,19.44935],[-104.57348,19.44658],[-104.57324,19.43992],[-104.57736,19.43724],[-104.57648,19.43371],[-104.57284,19.42964],[-104.56901,19.42899],[-104.56776,19.41817],[-104.57028,19.41279],[-104.57365,19.41071],[-104.58217,19.41193],[-104.59107,19.41628],[-104.59383,19.41515],[-104.59774,19.41613],[-104.60378,19.41334],[-104.60987,19.41548],[-104.61215,19.41215],[-104.6168,19.41431],[-104.62133,19.40863],[-104.63071,19.40196],[-104.63166,19.39819],[-104.63422,19.39768],[-104.63615,19.38941],[-104.63378,19.3873],[-104.63273,19.37858],[-104.62336,19.37654],[-104.62171,19.37211],[-104.62388,19.36927],[-104.62417,19.36458],[-104.6222,19.36395],[-104.62428,19.36113],[-104.62288,19.35909],[-104.62466,19.35702],[-104.62419,19.35215],[-104.63366,19.35644],[-104.64199,19.35023],[-104.645,19.35077],[-104.64807,19.34867],[-104.64726,19.34222],[-104.64873,19.33709],[-104.64373,19.32833],[-104.64556,19.32118],[-104.64411,19.31615],[-104.62286,19.30123],[-104.61955,19.30815],[-104.61707,19.31032],[-104.61528,19.3095],[-104.61187,19.31139],[-104.61318,19.31461],[-104.60453,19.32085],[-104.60323,19.3201],[-104.60491,19.31805],[-104.60381,19.31536],[-104.5998,19.32442],[-104.59866,19.32424],[-104.59906,19.32157],[-104.59327,19.32132],[-104.59389,19.32436],[-104.59145,19.32433],[-104.59048,19.3267],[-104.58384,19.32255],[-104.58421,19.32518],[-104.57886,19.32695],[-104.57594,19.33144],[-104.57208,19.33077],[-104.56954,19.33397],[-104.5648,19.33328],[-104.56328,19.33491],[-104.56549,19.33654],[-104.56244,19.33966],[-104.55486,19.33912],[-104.55335,19.33543],[-104.55135,19.33562],[-104.55123,19.33957],[-104.54302,19.33924],[-104.54413,19.34225],[-104.5431,19.34377],[-104.53936,19.34279],[-104.53653,19.34581],[-104.53949,19.34928],[-104.53585,19.34896],[-104.53511,19.35701],[-104.53289,19.35801],[-104.53301,19.36043],[-104.5295,19.36115],[-104.51791,19.35851],[-104.51343,19.36049],[-104.5088,19.36],[-104.50235,19.35594],[-104.4982,19.35082],[-104.49596,19.35145],[-104.493,19.3497],[-104.48559,19.35654],[-104.4843,19.36118],[-104.46692,19.36789],[-104.46302,19.36525],[-104.46644,19.36097],[-104.46758,19.35252],[-104.45671,19.35152],[-104.45428,19.35504],[-104.45264,19.35064],[-104.45377,19.34129],[-104.45133,19.33981],[-104.45195,19.3345],[-104.44448,19.32335],[-104.44654,19.31623],[-104.44446,19.31463],[-104.44148,19.31524],[-104.4412,19.30943],[-104.43443,19.30679],[-104.43618,19.30267],[-104.43446,19.30182],[-104.43364,19.29851],[-104.43557,19.29623],[-104.43571,19.2883],[-104.43736,19.28666],[-104.43741,19.2817],[-104.44105,19.28056],[-104.43917,19.27805],[-104.43664,19.27939],[-104.42923,19.27929],[-104.42382,19.28208],[-104.42004,19.27961],[-104.4135,19.28267],[-104.41237,19.28533],[-104.39993,19.28896],[-104.39743,19.28582],[-104.40245,19.2784],[-104.4013,19.27602],[-104.40319,19.27178],[-104.40101,19.26666],[-104.39556,19.27129],[-104.38433,19.27204],[-104.37427,19.28188],[-104.36332,19.27534],[-104.36425,19.26941],[-104.36008,19.26947],[-104.3428,19.28999],[-104.33413,19.2865],[-104.3302,19.28727],[-104.32253,19.28055],[-104.3135,19.27973],[-104.31124,19.2832],[-104.31063,19.28951],[-104.3001,19.29602],[-104.29759,19.30267],[-104.29218,19.30301],[-104.28716,19.29992],[-104.28689,19.29694],[-104.28364,19.29701],[-104.28145,19.30281],[-104.27964,19.30338],[-104.27641,19.30079],[-104.2698,19.30193],[-104.2675,19.30492],[-104.26223,19.30737],[-104.26118,19.31181],[-104.25586,19.3099],[-104.24627,19.31196],[-104.24313,19.30939],[-104.23419,19.30762],[-104.22561,19.302],[-104.21964,19.30135],[-104.21842,19.29902],[-104.21417,19.30237],[-104.20692,19.30001],[-104.20435,19.3036],[-104.19673,19.29659],[-104.19233,19.29532],[-104.19167,19.29221],[-104.18968,19.29335],[-104.19002,19.30203],[-104.18472,19.30358],[-104.18562,19.30621],[-104.17963,19.3088],[-104.18148,19.31109],[-104.1798,19.31256],[-104.17353,19.3143],[-104.1698,19.31296],[-104.16881,19.30768],[-104.16376,19.30823],[-104.16165,19.30272],[-104.1581,19.31083],[-104.15401,19.31196],[-104.15293,19.31515],[-104.14479,19.31124],[-104.14016,19.31617],[-104.13772,19.31241],[-104.13604,19.31293],[-104.13605,19.31631],[-104.13221,19.32089],[-104.12985,19.31781],[-104.12576,19.3204],[-104.12298,19.31904],[-104.1255,19.32425],[-104.12477,19.32628],[-104.12159,19.3275],[-104.12473,19.32869],[-104.13334,19.35375],[-104.12026,19.36009],[-104.1188,19.37166],[-104.1096,19.3812],[-104.09023,19.39302],[-104.08421,19.40907],[-104.08384,19.4156],[-104.07088,19.43524],[-104.07994,19.43178],[-104.08049,19.43521],[-104.08664,19.44203],[-104.07674,19.48021],[-104.07149,19.48353],[-104.07768,19.49351],[-104.07566,19.50214],[-104.07657,19.50365],[-104.07459,19.50674],[-104.077,19.51025],[-104.07737,19.52285],[-104.08014,19.52556],[-104.08777,19.52654],[-104.09132,19.52917],[-104.09164,19.53158],[-104.08803,19.53316],[-104.08517,19.5401],[-104.08204,19.54172],[-104.08737,19.54494],[-104.09501,19.54685],[-104.10495,19.5585],[-104.10678,19.56974],[-104.11808,19.56616],[-104.12098,19.56961],[-104.12061,19.57125],[-104.12634,19.57403],[-104.13336,19.59147],[-104.13887,19.59779],[-104.13767,19.60235],[-104.15421,19.60527],[-104.15532,19.61208],[-104.15761,19.61365],[-104.15567,19.61546],[-104.15805,19.61724],[-104.15807,19.6266],[-104.1633,19.6378],[-104.15895,19.64588],[-104.16166,19.65207],[-104.16554,19.65372]]]}},{"type":"Feature","properties":{"cvegeo":"14028","nombre":"Cuautla"},"geometry":{"type":"Polygon","coordinates":[[[-104.53837,20.30106],[-104.5437,20.29925],[-104.54586,20.29272],[-104.54976,20.29303],[-104.55145,20.29093],[-104.55108,20.28836],[-104.557,20.28737],[-104.56241,20.27571],[-104.56738,20.27866],[-104.56918,20.27761],[-104.569,20.2791],[-104.57082,20.2726],[-104.56938,20.26743],[-104.56596,20.26329],[-104.57011,20.2572],[-104.5727,20.25703],[-104.57113,20.25355],[-104.57464,20.25424],[-104.57991,20.25261],[-104.58408,20.25515],[-104.58766,20.25268],[-104.59047,20.24264],[-104.58491,20.23793],[-104.58587,20.23713],[-104.58419,20.23305],[-104.5798,20.2313],[-104.57982,20.22592],[-104.58227,20.22323],[-104.58265,20.21945],[-104.5899,20.2119],[-104.59798,20.20921],[-104.5983,20.21148],[-104.60018,20.2099],[-104.60201,20.20275],[-104.59602,20.20075],[-104.5961,20.19794],[-104.60023,20.19608],[-104.59873,20.18917],[-104.60375,20.18919],[-104.60452,20.18592],[-104.6081,20.18253],[-104.61454,20.18159],[-104.6179,20.17922],[-104.62206,20.17217],[-104.63007,20.17025],[-104.63404,20.16792],[-104.63594,20.16478],[-104.64355,20.16343],[-104.65208,20.16878],[-104.65216,20.17406],[-104.65819,20.18102],[-104.65929,20.1779],[-104.66161,20.17853],[-104.66345,20.18217],[-104.67406,20.17657],[-104.67732,20.18257],[-104.68203,20.18707],[-104.6897,20.19093],[-104.68911,20.19473],[-104.69333,20.19515],[-104.70284,20.20709],[-104.70612,20.20632],[-104.70863,20.20044],[-104.70746,20.2003],[-104.70696,20.19353],[-104.70807,20.18786],[-104.70563,20.1799],[-104.70669,20.17347],[-104.70866,20.17106],[-104.70794,20.16962],[-104.71064,20.16827],[-104.70228,20.16356],[-104.70482,20.15988],[-104.70365,20.15602],[-104.70115,20.15479],[-104.70601,20.15074],[-104.70385,20.14757],[-104.70424,20.14434],[-104.70139,20.1444],[-104.69877,20.14236],[-104.69592,20.14314],[-104.69314,20.14435],[-104.6899,20.14913],[-104.68875,20.14478],[-104.68755,20.14864],[-104.68463,20.14852],[-104.6839,20.1507],[-104.6794,20.14415],[-104.67996,20.14711],[-104.67569,20.14753],[-104.67915,20.15442],[-104.67647,20.15789],[-104.67142,20.15423],[-104.67006,20.15047],[-104.66425,20.14867],[-104.6666,20.14604],[-104.66517,20.14142],[-104.66616,20.13871],[-104.66373,20.1369],[-104.66263,20.13011],[-104.65904,20.12673],[-104.65913,20.12459],[-104.65593,20.1232],[-104.65611,20.11854],[-104.65329,20.11886],[-104.6483,20.11277],[-104.62489,20.10638],[-104.62034,20.11097],[-104.61764,20.11052],[-104.61883,20.11303],[-104.61783,20.11601],[-104.61224,20.12058],[-104.61015,20.12068],[-104.60991,20.12322],[-104.61301,20.12793],[-104.6098,20.13352],[-104.60595,20.13347],[-104.60408,20.13502],[-104.59812,20.12847],[-104.58598,20.12178],[-104.58097,20.12286],[-104.57728,20.12191],[-104.57403,20.12606],[-104.57012,20.12576],[-104.56671,20.12828],[-104.56233,20.13299],[-104.56231,20.13762],[-104.55419,20.13739],[-104.55292,20.13857],[-104.54778,20.13584],[-104.53997,20.13544],[-104.53734,20.12826],[-104.52392,20.12069],[-104.52097,20.12251],[-104.51436,20.12137],[-104.5118,20.12486],[-104.5092,20.12523],[-104.50728,20.13412],[-104.5104,20.13537],[-104.51433,20.14335],[-104.51647,20.14472],[-104.51577,20.1453],[-104.50852,20.14332],[-104.50881,20.14679],[-104.50103,20.14586],[-104.49591,20.13805],[-104.49079,20.13431],[-104.48731,20.12806],[-104.48172,20.12444],[-104.48061,20.12653],[-104.4763,20.12537],[-104.46943,20.12627],[-104.46485,20.12248],[-104.45564,20.1208],[-104.453,20.12564],[-104.4506,20.12682],[-104.44455,20.12279],[-104.44272,20.12543],[-104.43934,20.12328],[-104.4377,20.13051],[-104.43957,20.13291],[-104.43637,20.13332],[-104.43278,20.12671],[-104.42285,20.11874],[-104.42069,20.11851],[-104.42092,20.11691],[-104.41754,20.11607],[-104.41506,20.11946],[-104.41258,20.11945],[-104.4075,20.11113],[-104.40259,20.11323],[-104.4017,20.11563],[-104.40917,20.12491],[-104.40885,20.12674],[-104.40474,20.12459],[-104.4,20.12733],[-104.3957,20.12336],[-104.39046,20.12339],[-104.38793,20.12528],[-104.38696,20.12961],[-104.38023,20.129],[-104.38987,20.14972],[-104.39426,20.15245],[-104.39731,20.15715],[-104.39845,20.17732],[-104.39457,20.18721],[-104.39945,20.19392],[-104.39798,20.19655],[-104.38668,20.1993],[-104.37805,20.19445],[-104.36764,20.19411],[-104.36643,20.20214],[-104.37132,20.20414],[-104.37104,20.20923],[-104.36751,20.21123],[-104.371,20.21207],[-104.36563,20.21475],[-104.36674,20.2189],[-104.35564,20.22647],[-104.3554,20.22853],[-104.36411,20.23945],[-104.36475,20.24749],[-104.37164,20.25454],[-104.37499,20.26629],[-104.38073,20.2659],[-104.38242,20.26793],[-104.39023,20.26951],[-104.38497,20.2752],[-104.38752,20.27989],[-104.39318,20.2842],[-104.39439,20.28964],[-104.40183,20.28967],[-104.40313,20.29547],[-104.40446,20.29119],[-104.41626,20.27933],[-104.41698,20.27629],[-104.41524,20.2742],[-104.41664,20.27161],[-104.42929,20.2702],[-104.43154,20.27189],[-104.43745,20.27155],[-104.43988,20.27469],[-104.44133,20.26994],[-104.4447,20.26803],[-104.44405,20.26647],[-104.45198,20.2635],[-104.45166,20.25623],[-104.44892,20.25397],[-104.45714,20.25465],[-104.46182,20.2513],[-104.46311,20.253],[-104.46564,20.25307],[-104.46737,20.25664],[-104.47024,20.25113],[-104.47251,20.25088],[-104.47728,20.2515],[-104.48301,20.25477],[-104.48549,20.25223],[-104.49126,20.2543],[-104.4919,20.25296],[-104.4973,20.25731],[-104.49821,20.26418],[-104.50041,20.2614],[-104.50232,20.26457],[-104.50346,20.26202],[-104.50814,20.26664],[-104.51291,20.2628],[-104.51367,20.25589],[-104.51735,20.25676],[-104.52094,20.26434],[-104.52122,20.26917],[-104.52685,20.2741],[-104.52715,20.2761],[-104.53261,20.27784],[-104.52825,20.28719],[-104.53455,20.29221],[-104.53687,20.2988],[-104.54083,20.29877],[-104.53837,20.30106]]]}},{"type":"Feature","properties":{"cvegeo":"14010","nombre":"Atemajac de Brizuela"},"geometry":{"type":"Polygon","coordinates":[[[-103.8203,20.29792],[-103.82701,20.29631],[-103.8312,20.29778],[-103.841,20.29013],[-103.84557,20.28981],[-103.84298,20.28723],[-103.844,20.28378],[-103.84157,20.28046],[-103.84195,20.27774],[-103.83639,20.27361],[-103.83493,20.26836],[-103.84029,20.26777],[-103.84398,20.26465],[-103.84626,20.26474],[-103.84736,20.26253],[-103.85851,20.259],[-103.84513,20.251],[-103.84269,20.24538],[-103.83816,20.2423],[-103.8407,20.24104],[-103.84194,20.2363],[-103.83715,20.23153],[-103.84358,20.22908],[-103.84688,20.22273],[-103.843,20.22125],[-103.84109,20.21864],[-103.83011,20.21465],[-103.83689,20.21012],[-103.84095,20.20179],[-103.83557,20.1981],[-103.83316,20.19286],[-103.83014,20.19109],[-103.82733,20.18622],[-103.82074,20.18217],[-103.82636,20.17532],[-103.82357,20.17038],[-103.82633,20.17026],[-103.82773,20.16714],[-103.82475,20.16542],[-103.82088,20.16625],[-103.82172,20.16303],[-103.81812,20.16169],[-103.81987,20.15689],[-103.81834,20.15679],[-103.82097,20.15283],[-103.81378,20.14453],[-103.79914,20.14113],[-103.79354,20.14177],[-103.78375,20.13556],[-103.78048,20.13824],[-103.77958,20.14329],[-103.77318,20.14403],[-103.77087,20.14228],[-103.76887,20.13647],[-103.76625,20.11943],[-103.76044,20.11511],[-103.74642,20.11668],[-103.75364,20.11397],[-103.75313,20.11247],[-103.76334,20.10665],[-103.771,20.10645],[-103.76849,20.103],[-103.775,20.09291],[-103.77259,20.08404],[-103.7686,20.07961],[-103.76605,20.07089],[-103.76383,20.06906],[-103.76563,20.064],[-103.76453,20.0613],[-103.75224,20.06157],[-103.74648,20.06389],[-103.74459,20.06781],[-103.74305,20.06787],[-103.74439,20.06951],[-103.74124,20.07443],[-103.73702,20.07319],[-103.73787,20.07782],[-103.73619,20.07996],[-103.72619,20.07976],[-103.72604,20.08489],[-103.71901,20.08647],[-103.715,20.08948],[-103.7024,20.08321],[-103.68797,20.08928],[-103.68336,20.08608],[-103.68467,20.08959],[-103.68308,20.09027],[-103.67258,20.0876],[-103.66828,20.08415],[-103.66247,20.08689],[-103.65708,20.08629],[-103.6515,20.08101],[-103.64672,20.08706],[-103.63399,20.08369],[-103.62903,20.08552],[-103.62564,20.08994],[-103.62602,20.0927],[-103.61692,20.09546],[-103.61733,20.10018],[-103.61522,20.10508],[-103.61084,20.10118],[-103.60831,20.10121],[-103.60512,20.10511],[-103.60559,20.10925],[-103.60325,20.11494],[-103.60726,20.12434],[-103.59675,20.11818],[-103.59527,20.1189],[-103.59018,20.12421],[-103.58876,20.13369],[-103.59993,20.14024],[-103.60292,20.14645],[-103.60373,20.156],[-103.60526,20.15844],[-103.60718,20.15899],[-103.61055,20.15543],[-103.61241,20.15551],[-103.617,20.15032],[-103.62172,20.15041],[-103.62421,20.14838],[-103.63084,20.15517],[-103.63793,20.15749],[-103.64222,20.16724],[-103.65217,20.1711],[-103.65646,20.17105],[-103.65844,20.17967],[-103.65612,20.18658],[-103.66387,20.19811],[-103.66054,20.22923],[-103.66479,20.2394],[-103.67241,20.24124],[-103.6795,20.24066],[-103.68257,20.23679],[-103.68549,20.23715],[-103.68408,20.23272],[-103.69936,20.2316],[-103.70384,20.22673],[-103.70676,20.22671],[-103.70661,20.22449],[-103.71533,20.23076],[-103.72051,20.23698],[-103.72458,20.23829],[-103.72815,20.234],[-103.72705,20.24174],[-103.73526,20.24387],[-103.743,20.2598],[-103.74238,20.26401],[-103.75907,20.26524],[-103.77061,20.26921],[-103.77657,20.26595],[-103.78298,20.2652],[-103.78753,20.26852],[-103.78737,20.27197],[-103.79649,20.27426],[-103.8006,20.27192],[-103.80893,20.27619],[-103.81092,20.26813],[-103.82277,20.28775],[-103.82148,20.28895],[-103.82272,20.29526],[-103.8203,20.29792]]]}},{"type":"Feature","properties":{"cvegeo":"14013","nombre":"Atotonilco el Alto"},"geometry":{"type":"Polygon","coordinates":[[[-102.49334,20.66724],[-102.50854,20.65361],[-102.50995,20.6515],[-102.50946,20.6481],[-102.51284,20.64745],[-102.51585,20.64803],[-102.51953,20.6537],[-102.52281,20.65265],[-102.5245,20.65368],[-102.52342,20.65497],[-102.52536,20.65782],[-102.52801,20.65826],[-102.52757,20.65942],[-102.53018,20.65812],[-102.53255,20.65918],[-102.53744,20.66582],[-102.54443,20.66596],[-102.5448,20.66422],[-102.55228,20.66191],[-102.55258,20.65969],[-102.55609,20.65823],[-102.55518,20.64992],[-102.55615,20.647],[-102.55798,20.64664],[-102.55905,20.63724],[-102.56151,20.63679],[-102.56777,20.63747],[-102.56946,20.65792],[-102.57936,20.65629],[-102.57932,20.65292],[-102.58564,20.65047],[-102.58819,20.65137],[-102.59132,20.64935],[-102.59156,20.64693],[-102.59447,20.64729],[-102.59707,20.6431],[-102.60352,20.64015],[-102.60052,20.62937],[-102.60819,20.62788],[-102.60919,20.62183],[-102.6124,20.62284],[-102.61412,20.61892],[-102.61731,20.62138],[-102.62167,20.62055],[-102.62975,20.61499],[-102.63227,20.61026],[-102.6392,20.61261],[-102.64554,20.61068],[-102.64907,20.60722],[-102.652,20.60775],[-102.65401,20.60164],[-102.65844,20.59753],[-102.66968,20.59559],[-102.66808,20.57922],[-102.66162,20.57989],[-102.65862,20.57805],[-102.65748,20.58019],[-102.65364,20.57842],[-102.65105,20.57966],[-102.64845,20.57885],[-102.6463,20.58074],[-102.63587,20.57639],[-102.63476,20.5725],[-102.62942,20.56754],[-102.63112,20.55731],[-102.63422,20.55222],[-102.63445,20.54529],[-102.61939,20.54375],[-102.62621,20.53659],[-102.63045,20.52214],[-102.63785,20.52488],[-102.64401,20.52986],[-102.64862,20.53061],[-102.66371,20.52731],[-102.66971,20.52442],[-102.66934,20.52192],[-102.67599,20.5194],[-102.67743,20.52031],[-102.68248,20.51468],[-102.68536,20.50622],[-102.68379,20.50186],[-102.68522,20.50152],[-102.68446,20.49676],[-102.68968,20.4899],[-102.68623,20.48615],[-102.68249,20.48585],[-102.6832,20.48403],[-102.67998,20.48444],[-102.68003,20.48278],[-102.67794,20.48303],[-102.67864,20.48121],[-102.66482,20.48352],[-102.66549,20.48164],[-102.66199,20.47934],[-102.6609,20.48008],[-102.66153,20.47337],[-102.65989,20.47304],[-102.65932,20.46939],[-102.65618,20.46937],[-102.65718,20.46728],[-102.65402,20.46583],[-102.65167,20.46158],[-102.64644,20.45724],[-102.64023,20.46342],[-102.63903,20.46259],[-102.62595,20.4676],[-102.6231,20.46639],[-102.62052,20.45781],[-102.61551,20.45417],[-102.60992,20.45288],[-102.60787,20.45495],[-102.60321,20.45594],[-102.60007,20.45324],[-102.59516,20.44658],[-102.59697,20.44217],[-102.6022,20.4366],[-102.60108,20.43091],[-102.60952,20.41997],[-102.60761,20.41803],[-102.59995,20.41555],[-102.58651,20.41841],[-102.57016,20.44613],[-102.57147,20.44786],[-102.56855,20.44622],[-102.56873,20.44926],[-102.56747,20.44828],[-102.56877,20.45306],[-102.567,20.45368],[-102.56739,20.45511],[-102.55467,20.45099],[-102.5481,20.45091],[-102.545,20.44879],[-102.54146,20.45095],[-102.53324,20.4493],[-102.51256,20.44942],[-102.50696,20.45381],[-102.48822,20.45196],[-102.48471,20.45435],[-102.48293,20.45287],[-102.48306,20.44385],[-102.48083,20.44056],[-102.4743,20.44136],[-102.47389,20.43962],[-102.46245,20.43641],[-102.46247,20.43749],[-102.45712,20.43372],[-102.45507,20.43683],[-102.4531,20.43713],[-102.45574,20.44112],[-102.45536,20.44571],[-102.44442,20.45026],[-102.44168,20.46411],[-102.44531,20.46345],[-102.44692,20.46585],[-102.45119,20.46566],[-102.45134,20.46694],[-102.4534,20.46661],[-102.45377,20.46967],[-102.45896,20.47038],[-102.46078,20.47149],[-102.46071,20.47337],[-102.46291,20.47262],[-102.46266,20.47459],[-102.46474,20.47482],[-102.46423,20.47885],[-102.46203,20.4786],[-102.46073,20.48636],[-102.44635,20.48518],[-102.44608,20.48721],[-102.44404,20.48702],[-102.44158,20.49562],[-102.43965,20.4959],[-102.44179,20.49881],[-102.44025,20.50252],[-102.43639,20.50455],[-102.43649,20.5063],[-102.43566,20.50632],[-102.43313,20.50567],[-102.432,20.50507],[-102.42816,20.51497],[-102.42359,20.51666],[-102.42312,20.5212],[-102.41804,20.52578],[-102.41828,20.52928],[-102.41304,20.54374],[-102.41645,20.54809],[-102.42377,20.55044],[-102.42461,20.57697],[-102.4213,20.58817],[-102.42458,20.58937],[-102.4359,20.58798],[-102.44137,20.59099],[-102.44356,20.59467],[-102.44065,20.60894],[-102.43324,20.6097],[-102.43022,20.60739],[-102.42878,20.61],[-102.42453,20.61129],[-102.42446,20.61756],[-102.41953,20.62292],[-102.42514,20.62789],[-102.42435,20.6291],[-102.42777,20.63281],[-102.42935,20.6407],[-102.43251,20.64026],[-102.4398,20.64511],[-102.44405,20.64447],[-102.44219,20.64868],[-102.44569,20.65314],[-102.46224,20.66171],[-102.46912,20.65845],[-102.48775,20.66146],[-102.49088,20.66707],[-102.49334,20.66724]]]}},{"type":"Feature","properties":{"cvegeo":"14125","nombre":"San Ignacio Cerro Gordo"},"geometry":{"type":"Polygon","coordinates":[[[-102.45951,20.86465],[-102.47435,20.86806],[-102.48285,20.86544],[-102.49211,20.85815],[-102.50488,20.85983],[-102.50763,20.84357],[-102.52976,20.8372],[-102.53336,20.83478],[-102.53143,20.82522],[-102.55315,20.80997],[-102.55563,20.81008],[-102.55541,20.81181],[-102.56052,20.8122],[-102.56073,20.8102],[-102.56317,20.81038],[-102.56337,20.80848],[-102.56862,20.809],[-102.56936,20.80487],[-102.57494,20.8031],[-102.57337,20.79986],[-102.57501,20.79347],[-102.58149,20.7945],[-102.58217,20.78832],[-102.58566,20.78878],[-102.58634,20.78384],[-102.58994,20.78262],[-102.59004,20.76013],[-102.58033,20.73099],[-102.5588,20.71933],[-102.53524,20.69456],[-102.53527,20.68736],[-102.53035,20.68249],[-102.51784,20.6773],[-102.51452,20.67229],[-102.50379,20.66909],[-102.49103,20.66848],[-102.46953,20.67313],[-102.43325,20.78861],[-102.43514,20.7889],[-102.43574,20.82818],[-102.45165,20.82654],[-102.45131,20.8252],[-102.46095,20.82187],[-102.4655,20.81809],[-102.46638,20.82083],[-102.46337,20.82643],[-102.46821,20.83099],[-102.47504,20.83433],[-102.47734,20.84456],[-102.47628,20.8494],[-102.47423,20.84931],[-102.47415,20.84591],[-102.46862,20.8465],[-102.46893,20.84947],[-102.46419,20.84964],[-102.46434,20.85758],[-102.45951,20.86465]]]}},{"type":"Feature","properties":{"cvegeo":"14089","nombre":"Techaluta de Montenegro"},"geometry":{"type":"Polygon","coordinates":[[[-103.56717,20.14875],[-103.56458,20.14073],[-103.56836,20.13645],[-103.57277,20.13297],[-103.57605,20.1331],[-103.57922,20.13545],[-103.57933,20.133],[-103.58155,20.1317],[-103.58876,20.13369],[-103.59018,20.12421],[-103.59298,20.12018],[-103.59675,20.11818],[-103.60726,20.12434],[-103.60325,20.11494],[-103.60559,20.10925],[-103.60512,20.10511],[-103.6084,20.10113],[-103.61084,20.10118],[-103.61522,20.10508],[-103.61733,20.10018],[-103.61692,20.09546],[-103.62602,20.0927],[-103.62564,20.08994],[-103.62903,20.08552],[-103.63399,20.08369],[-103.64438,20.08664],[-103.64501,20.08501],[-103.64016,20.08342],[-103.63796,20.0809],[-103.63578,20.07622],[-103.63719,20.07518],[-103.63671,20.07289],[-103.63073,20.06664],[-103.62154,20.06438],[-103.62051,20.06803],[-103.61904,20.06846],[-103.60823,20.06602],[-103.6055,20.06016],[-103.59123,20.04448],[-103.58744,20.04281],[-103.58376,20.0433],[-103.58091,20.04938],[-103.56514,20.04432],[-103.56022,20.04526],[-103.55542,20.04263],[-103.55267,20.03873],[-103.54457,20.05549],[-103.53923,20.07532],[-103.5384,20.09456],[-103.54241,20.11383],[-103.5419,20.12148],[-103.53539,20.12981],[-103.51897,20.1333],[-103.52308,20.13781],[-103.51573,20.14418],[-103.54461,20.14457],[-103.5485,20.14751],[-103.55391,20.1486],[-103.55593,20.14392],[-103.55556,20.13865],[-103.55824,20.13733],[-103.56046,20.14371],[-103.56717,20.14875]]]}},{"type":"Feature","properties":{"cvegeo":"14088","nombre":"Tecolotlán"},"geometry":{"type":"Polygon","coordinates":[[[-104.17944,20.46901],[-104.18276,20.46729],[-104.18185,20.46071],[-104.18678,20.45306],[-104.19632,20.45006],[-104.20419,20.44533],[-104.20357,20.44215],[-104.20658,20.43258],[-104.2023,20.43052],[-104.2019,20.4277],[-104.20515,20.42337],[-104.20151,20.42219],[-104.20044,20.41997],[-104.19803,20.42055],[-104.1979,20.41887],[-104.19451,20.42023],[-104.19252,20.41895],[-104.19278,20.40955],[-104.19061,20.40722],[-104.18815,20.39798],[-104.19057,20.38835],[-104.18718,20.38645],[-104.18619,20.38253],[-104.18438,20.38258],[-104.18305,20.38038],[-104.1848,20.37034],[-104.18788,20.36802],[-104.18638,20.36598],[-104.18713,20.36467],[-104.18495,20.36413],[-104.18522,20.36593],[-104.18084,20.36434],[-104.17714,20.36655],[-104.176,20.36465],[-104.17328,20.36432],[-104.17359,20.36294],[-104.17107,20.36378],[-104.16302,20.35688],[-104.15897,20.34882],[-104.16009,20.34623],[-104.15854,20.33783],[-104.1601,20.33643],[-104.15786,20.33598],[-104.15809,20.33176],[-104.16104,20.33286],[-104.16088,20.33419],[-104.16324,20.33298],[-104.16228,20.32873],[-104.1642,20.32792],[-104.16115,20.32629],[-104.16001,20.32171],[-104.16726,20.32078],[-104.16385,20.3166],[-104.15875,20.31716],[-104.16042,20.31594],[-104.16082,20.31277],[-104.1597,20.31252],[-104.16128,20.30845],[-104.15964,20.3061],[-104.16329,20.30627],[-104.16121,20.30379],[-104.16422,20.30003],[-104.16315,20.29613],[-104.14684,20.29481],[-104.14038,20.29151],[-104.14544,20.29014],[-104.14539,20.28789],[-104.13292,20.28793],[-104.13102,20.2843],[-104.13347,20.28305],[-104.12457,20.27949],[-104.12963,20.26689],[-104.13486,20.26377],[-104.139,20.26366],[-104.14522,20.25708],[-104.14716,20.25037],[-104.15051,20.2468],[-104.14307,20.23917],[-104.12452,20.24183],[-104.12527,20.24011],[-104.1124,20.20327],[-104.11666,20.19173],[-104.11506,20.19195],[-104.11454,20.19032],[-104.11957,20.18648],[-104.11751,20.18092],[-104.11953,20.17798],[-104.11425,20.1738],[-104.10926,20.17214],[-104.11071,20.15362],[-104.10034,20.14384],[-104.11461,20.11785],[-104.11569,20.09892],[-104.1172,20.10023],[-104.11705,20.09782],[-104.12952,20.08995],[-104.13153,20.09252],[-104.13278,20.08973],[-104.1353,20.08967],[-104.13711,20.08734],[-104.13349,20.08536],[-104.12736,20.0862],[-104.12691,20.08363],[-104.1247,20.08226],[-104.10779,20.08463],[-104.10817,20.08972],[-104.10644,20.09257],[-104.10172,20.09475],[-104.10046,20.09206],[-104.0974,20.09764],[-104.09485,20.0962],[-104.08532,20.10871],[-104.07442,20.11475],[-104.07547,20.12167],[-104.06754,20.13328],[-104.06382,20.14613],[-104.04811,20.15728],[-104.04522,20.16264],[-104.04402,20.15983],[-104.04074,20.15912],[-104.039,20.15677],[-104.03882,20.15174],[-104.03519,20.1567],[-104.03381,20.15646],[-104.03392,20.14164],[-104.02983,20.13435],[-104.03441,20.13115],[-104.03533,20.12851],[-104.03313,20.12636],[-104.03534,20.12504],[-104.03288,20.12319],[-104.03438,20.12057],[-104.0305,20.11919],[-104.02959,20.11466],[-104.02488,20.11362],[-104.02286,20.11546],[-104.01876,20.11571],[-104.01857,20.11736],[-104.01187,20.12075],[-104.00106,20.11821],[-103.99116,20.12075],[-103.956,20.11255],[-103.94628,20.10813],[-103.9406,20.11281],[-103.93971,20.11525],[-103.94107,20.12043],[-103.93973,20.12205],[-103.93826,20.12256],[-103.93505,20.11642],[-103.92862,20.11932],[-103.92889,20.12842],[-103.92573,20.13124],[-103.92688,20.13399],[-103.92367,20.13882],[-103.92404,20.14886],[-103.92145,20.15463],[-103.9229,20.15811],[-103.91828,20.15767],[-103.91394,20.16024],[-103.91178,20.15787],[-103.90574,20.15712],[-103.90429,20.155],[-103.90413,20.1597],[-103.90011,20.15977],[-103.89759,20.1579],[-103.8917,20.15972],[-103.8828,20.16805],[-103.87324,20.17185],[-103.86831,20.17647],[-103.84803,20.18398],[-103.83969,20.20605],[-103.83539,20.21163],[-103.83011,20.21465],[-103.84284,20.21953],[-103.84303,20.22127],[-103.84642,20.22151],[-103.84677,20.22469],[-103.84482,20.22783],[-103.84027,20.23122],[-103.83715,20.23153],[-103.84194,20.2363],[-103.8407,20.24104],[-103.83816,20.2423],[-103.84269,20.24538],[-103.84513,20.251],[-103.85851,20.259],[-103.84736,20.26253],[-103.84626,20.26474],[-103.84398,20.26465],[-103.84029,20.26777],[-103.83493,20.26836],[-103.83639,20.27361],[-103.84195,20.27774],[-103.84157,20.28046],[-103.844,20.28378],[-103.84298,20.28723],[-103.8495,20.2921],[-103.85239,20.29895],[-103.85885,20.30134],[-103.86358,20.29979],[-103.86715,20.3013],[-103.87198,20.29951],[-103.87402,20.30139],[-103.87998,20.30175],[-103.8837,20.30489],[-103.88595,20.30326],[-103.88738,20.30398],[-103.88752,20.30244],[-103.89056,20.30413],[-103.90096,20.30197],[-103.90041,20.29759],[-103.90533,20.29071],[-103.90493,20.29443],[-103.90702,20.29653],[-103.90853,20.29505],[-103.91239,20.29498],[-103.91219,20.29622],[-103.92236,20.30115],[-103.92203,20.30361],[-103.92504,20.30466],[-103.92778,20.31056],[-103.93505,20.31008],[-103.94074,20.31585],[-103.94734,20.31893],[-103.94853,20.32111],[-103.94712,20.32467],[-103.94888,20.32714],[-103.94853,20.33806],[-103.95075,20.3396],[-103.95424,20.33932],[-103.96024,20.3321],[-103.96282,20.33523],[-103.9676,20.33377],[-103.97232,20.33457],[-103.97645,20.33836],[-103.99142,20.33702],[-103.99683,20.33353],[-103.99686,20.32886],[-103.99524,20.3262],[-103.99965,20.32141],[-104.00415,20.31968],[-104.01665,20.31908],[-104.01964,20.31706],[-104.02639,20.31806],[-104.02851,20.32135],[-104.03066,20.33198],[-104.02207,20.34521],[-104.02439,20.35158],[-104.02666,20.35248],[-104.02712,20.35447],[-104.03179,20.35562],[-104.03212,20.36344],[-104.03487,20.36796],[-104.03584,20.37392],[-104.03956,20.37429],[-104.03889,20.37814],[-104.04166,20.38195],[-104.0408,20.38564],[-104.03928,20.38599],[-104.04073,20.39355],[-104.04945,20.39479],[-104.05093,20.39135],[-104.05595,20.38925],[-104.05802,20.38139],[-104.06189,20.37736],[-104.06889,20.37751],[-104.06926,20.37939],[-104.07726,20.37724],[-104.08171,20.37854],[-104.08333,20.37506],[-104.0856,20.38193],[-104.09293,20.39073],[-104.10177,20.40637],[-104.10745,20.40858],[-104.11479,20.41744],[-104.13129,20.42447],[-104.13214,20.42286],[-104.13535,20.42276],[-104.147,20.42679],[-104.14613,20.43186],[-104.15004,20.43402],[-104.14574,20.43977],[-104.14064,20.44023],[-104.13778,20.44215],[-104.13551,20.44515],[-104.13581,20.4478],[-104.13229,20.45115],[-104.1331,20.45257],[-104.14188,20.44978],[-104.14297,20.44647],[-104.14613,20.44636],[-104.14945,20.4494],[-104.14932,20.45306],[-104.1528,20.4555],[-104.15894,20.45778],[-104.16653,20.45821],[-104.16916,20.46861],[-104.17155,20.46675],[-104.17944,20.46901]]]}},{"type":"Feature","properties":{"cvegeo":"14087","nombre":"Tecalitlán"},"geometry":{"type":"Polygon","coordinates":[[[-103.30384,19.55308],[-103.30849,19.5467],[-103.31254,19.54931],[-103.31887,19.54818],[-103.31867,19.54464],[-103.32511,19.54226],[-103.32448,19.53951],[-103.33175,19.53483],[-103.33473,19.52844],[-103.33956,19.52744],[-103.34024,19.52436],[-103.34305,19.52314],[-103.34312,19.5192],[-103.34564,19.5171],[-103.34572,19.51222],[-103.34352,19.51107],[-103.34306,19.51301],[-103.34258,19.51249],[-103.34172,19.50835],[-103.34007,19.50855],[-103.3313,19.49702],[-103.33194,19.49157],[-103.32943,19.48878],[-103.32599,19.48822],[-103.32385,19.47984],[-103.31589,19.47677],[-103.3291,19.47215],[-103.32942,19.47051],[-103.32577,19.46729],[-103.32713,19.46362],[-103.32536,19.46057],[-103.33337,19.45511],[-103.33771,19.45522],[-103.33871,19.45777],[-103.3407,19.45602],[-103.34453,19.45985],[-103.34938,19.45815],[-103.35554,19.46521],[-103.35333,19.45439],[-103.35123,19.45143],[-103.35125,19.44797],[-103.35423,19.44342],[-103.35023,19.43849],[-103.36246,19.42773],[-103.38018,19.42329],[-103.38094,19.40603],[-103.37807,19.40563],[-103.37901,19.40149],[-103.37688,19.39877],[-103.37492,19.40018],[-103.37145,19.39977],[-103.37121,19.3968],[-103.36828,19.39754],[-103.36697,19.39337],[-103.37394,19.38337],[-103.37534,19.38359],[-103.37684,19.38089],[-103.37825,19.38134],[-103.37814,19.37611],[-103.38013,19.37668],[-103.38094,19.37536],[-103.37915,19.37426],[-103.37904,19.36913],[-103.38006,19.36824],[-103.38172,19.36993],[-103.38381,19.36867],[-103.38322,19.36668],[-103.38476,19.36728],[-103.38685,19.36492],[-103.38569,19.35878],[-103.38777,19.35856],[-103.38801,19.35673],[-103.38602,19.35666],[-103.38512,19.35467],[-103.38816,19.35513],[-103.38498,19.35141],[-103.38941,19.35149],[-103.38948,19.34693],[-103.39399,19.34756],[-103.39416,19.34436],[-103.39547,19.34533],[-103.39606,19.34422],[-103.39366,19.34131],[-103.3949,19.34025],[-103.3935,19.33914],[-103.39356,19.33422],[-103.38992,19.33207],[-103.38744,19.33237],[-103.38673,19.33874],[-103.3858,19.3362],[-103.38197,19.3343],[-103.37886,19.33553],[-103.37865,19.33887],[-103.37019,19.33918],[-103.37034,19.3418],[-103.36532,19.34219],[-103.36453,19.33438],[-103.35969,19.33622],[-103.36259,19.33098],[-103.36112,19.32972],[-103.36296,19.32885],[-103.35642,19.32764],[-103.35173,19.32948],[-103.34621,19.33429],[-103.33666,19.33377],[-103.32901,19.33607],[-103.32645,19.33929],[-103.3249,19.3482],[-103.32229,19.35333],[-103.3255,19.3535],[-103.32408,19.35808],[-103.32226,19.35605],[-103.313,19.35784],[-103.31077,19.35978],[-103.31092,19.36165],[-103.3078,19.3625],[-103.30483,19.36764],[-103.28965,19.36786],[-103.28824,19.36934],[-103.27833,19.36742],[-103.27493,19.36894],[-103.27615,19.3732],[-103.27457,19.37393],[-103.27163,19.37134],[-103.27299,19.36905],[-103.27113,19.3621],[-103.26622,19.36274],[-103.2663,19.35971],[-103.2646,19.3583],[-103.26245,19.34496],[-103.26122,19.34471],[-103.26616,19.34013],[-103.2696,19.34216],[-103.27217,19.3364],[-103.27487,19.33698],[-103.27267,19.33467],[-103.27327,19.32999],[-103.2694,19.32524],[-103.2703,19.3243],[-103.26865,19.3204],[-103.27113,19.32051],[-103.27681,19.31514],[-103.2879,19.31473],[-103.30196,19.29887],[-103.29879,19.298],[-103.29541,19.29977],[-103.29353,19.29636],[-103.29006,19.29857],[-103.28828,19.29752],[-103.29106,19.29428],[-103.29006,19.2921],[-103.28766,19.293],[-103.28234,19.29241],[-103.27909,19.29009],[-103.27377,19.29029],[-103.27241,19.28557],[-103.27356,19.2675],[-103.27234,19.26339],[-103.27158,19.26237],[-103.26644,19.26366],[-103.26277,19.26213],[-103.26025,19.26051],[-103.25813,19.2555],[-103.25744,19.24701],[-103.26567,19.24312],[-103.26944,19.23709],[-103.27535,19.23253],[-103.2771,19.22828],[-103.27466,19.22867],[-103.27412,19.22694],[-103.27669,19.22377],[-103.27796,19.21655],[-103.28134,19.2134],[-103.28069,19.20666],[-103.28648,19.19965],[-103.25975,19.18604],[-103.24924,19.16821],[-103.25676,19.16613],[-103.25889,19.16837],[-103.26665,19.16583],[-103.27327,19.17266],[-103.2733,19.16129],[-103.26434,19.15708],[-103.26159,19.15039],[-103.25904,19.14822],[-103.26154,19.13076],[-103.26665,19.132],[-103.26748,19.13104],[-103.26555,19.12858],[-103.26723,19.12807],[-103.27053,19.12988],[-103.26933,19.12565],[-103.27046,19.12524],[-103.27491,19.13196],[-103.28793,19.13302],[-103.29063,19.13171],[-103.28725,19.13093],[-103.28588,19.12809],[-103.28692,19.12148],[-103.2925,19.11608],[-103.28988,19.11053],[-103.28669,19.11314],[-103.28886,19.10331],[-103.29193,19.1004],[-103.2978,19.10164],[-103.30108,19.09769],[-103.30254,19.09427],[-103.30166,19.09327],[-103.30339,19.09161],[-103.3021,19.08585],[-103.30517,19.08149],[-103.30356,19.07762],[-103.32591,19.06831],[-103.31645,19.06323],[-103.31224,19.05443],[-103.30499,19.04978],[-103.30361,19.05141],[-103.30109,19.04928],[-103.29415,19.05564],[-103.28728,19.05558],[-103.28159,19.05205],[-103.26817,19.05221],[-103.2639,19.05493],[-103.26051,19.05381],[-103.2577,19.04399],[-103.25535,19.04155],[-103.25681,19.03968],[-103.25464,19.03883],[-103.25658,19.03469],[-103.25402,19.03123],[-103.25482,19.02876],[-103.25302,19.02841],[-103.25528,19.02543],[-103.24595,19.02591],[-103.24418,19.02479],[-103.24889,19.0185],[-103.24845,19.01454],[-103.24642,19.0121],[-103.24051,19.01398],[-103.23935,19.016],[-103.23597,19.01703],[-103.23467,19.02006],[-103.23109,19.01827],[-103.22949,19.02271],[-103.22388,19.0241],[-103.22475,19.01927],[-103.22166,19.00945],[-103.2179,19.00702],[-103.2174,19.00353],[-103.20952,19.00299],[-103.20893,19.0],[-103.21055,18.99707],[-103.20934,18.99469],[-103.2114,18.993],[-103.20836,18.98987],[-103.20691,18.98166],[-103.20321,18.9785],[-103.20447,18.96761],[-103.20045,18.96266],[-103.1886,18.9549],[-103.17336,18.93626],[-103.14963,18.92594],[-103.13445,18.93106],[-103.12502,18.93014],[-103.12363,18.93761],[-103.10824,18.95168],[-103.10774,18.95665],[-103.10519,18.96129],[-103.09803,18.96475],[-103.08811,18.98411],[-103.06623,18.99626],[-103.06222,18.99537],[-103.06163,18.99702],[-103.0525,18.99813],[-103.05512,19.00073],[-103.06207,19.00216],[-103.06377,19.00567],[-103.0667,19.02227],[-103.06324,19.02785],[-103.06007,19.02814],[-103.05485,19.03394],[-103.05056,19.0356],[-103.04793,19.03224],[-103.03324,19.02912],[-103.03308,19.03424],[-103.03044,19.03606],[-103.02521,19.0531],[-103.01887,19.05198],[-103.01565,19.04889],[-103.00534,19.05204],[-102.99084,19.05338],[-102.99241,19.05778],[-102.99878,19.06151],[-103.01601,19.07919],[-103.01946,19.10384],[-103.01839,19.10584],[-103.01272,19.10683],[-103.01202,19.1092],[-103.01435,19.113],[-103.01628,19.11311],[-103.01614,19.11708],[-103.02054,19.12505],[-103.01923,19.1325],[-103.02428,19.13255],[-103.02396,19.1315],[-103.02723,19.13017],[-103.03358,19.13072],[-103.03923,19.12844],[-103.04335,19.13433],[-103.04427,19.15256],[-103.04711,19.15802],[-103.04703,19.16461],[-103.0513,19.16673],[-103.05237,19.17171],[-103.04933,19.17241],[-103.04673,19.1756],[-103.04683,19.18316],[-103.05157,19.18285],[-103.0529,19.18433],[-103.05714,19.18302],[-103.05853,19.18507],[-103.06515,19.18617],[-103.07127,19.19],[-103.08412,19.19325],[-103.08739,19.20034],[-103.09512,19.20363],[-103.09868,19.20696],[-103.10065,19.21309],[-103.10498,19.21585],[-103.0976,19.22227],[-103.09251,19.2294],[-103.09195,19.23652],[-103.08062,19.2417],[-103.07976,19.25181],[-103.07713,19.25687],[-103.08259,19.26009],[-103.08446,19.26606],[-103.09101,19.26214],[-103.09469,19.26313],[-103.0968,19.25985],[-103.09939,19.25941],[-103.10443,19.2659],[-103.10956,19.26872],[-103.11106,19.27253],[-103.11476,19.275],[-103.11851,19.27485],[-103.11956,19.27759],[-103.13071,19.2748],[-103.13169,19.27659],[-103.13009,19.2777],[-103.13545,19.2811],[-103.13831,19.28049],[-103.14127,19.28756],[-103.1476,19.29278],[-103.14647,19.29699],[-103.14856,19.29877],[-103.14703,19.3013],[-103.15473,19.30379],[-103.14947,19.30725],[-103.16309,19.31428],[-103.156,19.32888],[-103.14791,19.33392],[-103.14803,19.33753],[-103.14669,19.33673],[-103.14334,19.34033],[-103.14117,19.33991],[-103.13764,19.343],[-103.13455,19.3428],[-103.1278,19.35097],[-103.12482,19.35082],[-103.1255,19.35468],[-103.1296,19.35634],[-103.12736,19.36033],[-103.12541,19.36012],[-103.12236,19.36377],[-103.11989,19.36322],[-103.1197,19.36483],[-103.11713,19.36582],[-103.11158,19.36191],[-103.10856,19.36643],[-103.1102,19.36961],[-103.10043,19.37033],[-103.09932,19.37875],[-103.09383,19.38078],[-103.0924,19.3829],[-103.09373,19.38574],[-103.09083,19.38805],[-103.0918,19.38966],[-103.09069,19.39253],[-103.08396,19.39832],[-103.08294,19.402],[-103.0929,19.40686],[-103.08584,19.41348],[-103.09213,19.41504],[-103.0906,19.41955],[-103.09637,19.42057],[-103.09815,19.42672],[-103.10647,19.41828],[-103.11279,19.41709],[-103.11381,19.41826],[-103.11247,19.42415],[-103.11656,19.42615],[-103.11741,19.42486],[-103.11949,19.42745],[-103.11692,19.43329],[-103.11772,19.44131],[-103.12286,19.44277],[-103.12327,19.44782],[-103.1255,19.44709],[-103.12956,19.4488],[-103.13231,19.45299],[-103.13555,19.45276],[-103.13859,19.45526],[-103.14044,19.45401],[-103.14265,19.4587],[-103.14718,19.45848],[-103.14724,19.45662],[-103.14975,19.45481],[-103.15463,19.45242],[-103.15746,19.45286],[-103.16439,19.44749],[-103.17087,19.45298],[-103.17272,19.45179],[-103.17929,19.46125],[-103.19077,19.45932],[-103.19027,19.45277],[-103.1917,19.44874],[-103.19557,19.45055],[-103.1953,19.44872],[-103.19745,19.44982],[-103.19884,19.44851],[-103.20389,19.45397],[-103.20925,19.44996],[-103.21205,19.45043],[-103.21542,19.44857],[-103.21947,19.4498],[-103.22638,19.46411],[-103.22533,19.46564],[-103.22826,19.46919],[-103.22572,19.47473],[-103.22354,19.47581],[-103.22406,19.47853],[-103.22051,19.47976],[-103.22036,19.482],[-103.2227,19.48281],[-103.22225,19.48487],[-103.23089,19.48689],[-103.23418,19.4894],[-103.23622,19.48888],[-103.24091,19.49442],[-103.24525,19.49629],[-103.25244,19.49631],[-103.25553,19.49459],[-103.25902,19.49496],[-103.25741,19.49657],[-103.26334,19.49522],[-103.28211,19.50054],[-103.28389,19.50709],[-103.28198,19.51024],[-103.28227,19.51606],[-103.29136,19.52976],[-103.28879,19.53591],[-103.28649,19.53615],[-103.29055,19.53729],[-103.29597,19.54349],[-103.29711,19.54302],[-103.30054,19.54879],[-103.30002,19.55043],[-103.30384,19.55308]]]}},{"type":"Feature","properties":{"cvegeo":"14085","nombre":"Tamazula de Gordiano"},"geometry":{"type":"Polygon","coordinates":[[[-103.22479,19.93282],[-103.23854,19.9291],[-103.23339,19.92277],[-103.23342,19.91908],[-103.23091,19.91708],[-103.23629,19.90682],[-103.23542,19.90225],[-103.23832,19.90052],[-103.24597,19.90029],[-103.24938,19.89557],[-103.25538,19.89571],[-103.25621,19.89083],[-103.2583,19.8898],[-103.25718,19.88836],[-103.25789,19.88442],[-103.25578,19.88378],[-103.25912,19.87775],[-103.26448,19.88035],[-103.26025,19.88391],[-103.26143,19.88464],[-103.2793,19.88224],[-103.28093,19.88583],[-103.29137,19.88417],[-103.29958,19.88773],[-103.30097,19.88599],[-103.30764,19.88603],[-103.30998,19.88284],[-103.31398,19.8813],[-103.31397,19.8792],[-103.31972,19.8794],[-103.32202,19.87783],[-103.32173,19.87261],[-103.31687,19.87062],[-103.318,19.86944],[-103.30983,19.86475],[-103.30762,19.85948],[-103.30281,19.85452],[-103.30123,19.84689],[-103.29776,19.84538],[-103.29778,19.84292],[-103.29961,19.83963],[-103.30858,19.8371],[-103.31184,19.83793],[-103.31408,19.84072],[-103.31118,19.83589],[-103.31256,19.83249],[-103.31542,19.8324],[-103.31652,19.82897],[-103.32087,19.82682],[-103.32091,19.82444],[-103.32348,19.82221],[-103.32137,19.82015],[-103.32477,19.81945],[-103.32595,19.81573],[-103.33003,19.81454],[-103.32749,19.81124],[-103.3293,19.80506],[-103.32823,19.80211],[-103.33453,19.79626],[-103.33658,19.80211],[-103.33897,19.80027],[-103.3406,19.79349],[-103.34709,19.79827],[-103.34939,19.79822],[-103.35256,19.80355],[-103.35926,19.80611],[-103.35967,19.80841],[-103.36394,19.81076],[-103.36777,19.80997],[-103.37348,19.81363],[-103.37907,19.81069],[-103.38658,19.81136],[-103.38952,19.81348],[-103.39719,19.81193],[-103.40297,19.81435],[-103.40549,19.81244],[-103.4044,19.81111],[-103.40912,19.81027],[-103.40858,19.81277],[-103.41362,19.81607],[-103.41332,19.80901],[-103.41623,19.80722],[-103.41822,19.80192],[-103.42075,19.80182],[-103.42247,19.7982],[-103.4267,19.80089],[-103.42683,19.79573],[-103.42459,19.79163],[-103.42744,19.79261],[-103.42868,19.79082],[-103.42596,19.7848],[-103.42913,19.77858],[-103.42941,19.77301],[-103.42802,19.77028],[-103.42484,19.76902],[-103.42239,19.7718],[-103.41205,19.77267],[-103.41175,19.76628],[-103.41556,19.75762],[-103.41437,19.74674],[-103.40602,19.74052],[-103.40497,19.73459],[-103.39892,19.73246],[-103.39532,19.73861],[-103.39573,19.74146],[-103.38932,19.73927],[-103.38302,19.73369],[-103.37832,19.73383],[-103.37362,19.73191],[-103.36998,19.73276],[-103.3659,19.73652],[-103.36122,19.73646],[-103.35926,19.7459],[-103.35537,19.74833],[-103.35606,19.75],[-103.3541,19.74905],[-103.34632,19.75465],[-103.33455,19.75376],[-103.33334,19.75168],[-103.33324,19.75365],[-103.32852,19.752],[-103.32476,19.75297],[-103.32097,19.75185],[-103.31851,19.7485],[-103.32726,19.74387],[-103.32898,19.74498],[-103.33518,19.74067],[-103.33741,19.7416],[-103.33906,19.73969],[-103.33995,19.74082],[-103.34723,19.73925],[-103.34937,19.73781],[-103.3489,19.73586],[-103.3517,19.7338],[-103.35197,19.73121],[-103.35472,19.73085],[-103.35656,19.72516],[-103.35437,19.72369],[-103.35621,19.72194],[-103.35405,19.72047],[-103.3555,19.71477],[-103.34752,19.70682],[-103.35245,19.70546],[-103.3536,19.70219],[-103.35246,19.70064],[-103.35497,19.69983],[-103.3553,19.69641],[-103.35146,19.69711],[-103.35325,19.69357],[-103.3498,19.68848],[-103.34778,19.69045],[-103.34289,19.68685],[-103.34088,19.68697],[-103.33686,19.67442],[-103.3271,19.67761],[-103.32042,19.67261],[-103.32215,19.67046],[-103.32004,19.66842],[-103.3228,19.66433],[-103.32906,19.66347],[-103.32826,19.66002],[-103.33019,19.65389],[-103.32663,19.65223],[-103.32928,19.64724],[-103.3287,19.64568],[-103.33027,19.64317],[-103.33319,19.64586],[-103.33459,19.64372],[-103.32947,19.64104],[-103.32996,19.63984],[-103.32664,19.64116],[-103.32695,19.64346],[-103.32302,19.64498],[-103.31993,19.64129],[-103.31544,19.64085],[-103.31062,19.63785],[-103.3108,19.63334],[-103.30705,19.63132],[-103.30818,19.62232],[-103.30704,19.61915],[-103.31186,19.61662],[-103.3074,19.61198],[-103.31301,19.60907],[-103.31299,19.6049],[-103.30562,19.60393],[-103.30021,19.60068],[-103.2963,19.60205],[-103.29404,19.6061],[-103.28813,19.60707],[-103.28143,19.60175],[-103.27817,19.60099],[-103.27615,19.59617],[-103.27072,19.59437],[-103.27003,19.58804],[-103.27201,19.58544],[-103.27059,19.5824],[-103.2615,19.58151],[-103.25408,19.57601],[-103.24704,19.57729],[-103.24566,19.57119],[-103.25061,19.55773],[-103.24788,19.55698],[-103.24782,19.55555],[-103.2499,19.55251],[-103.2547,19.54929],[-103.25622,19.55039],[-103.25972,19.54631],[-103.25611,19.54482],[-103.25661,19.54339],[-103.24977,19.54454],[-103.23857,19.53474],[-103.22861,19.53089],[-103.22463,19.53082],[-103.22411,19.52866],[-103.22235,19.53174],[-103.22054,19.53143],[-103.21664,19.5283],[-103.21956,19.52329],[-103.21507,19.52353],[-103.216,19.51985],[-103.21428,19.52095],[-103.21332,19.51881],[-103.20958,19.51912],[-103.2105,19.51777],[-103.20764,19.51613],[-103.20932,19.51538],[-103.20757,19.51247],[-103.20858,19.51169],[-103.20332,19.50824],[-103.20141,19.50917],[-103.19961,19.50288],[-103.20128,19.49923],[-103.2071,19.49593],[-103.20588,19.49085],[-103.20799,19.48881],[-103.20705,19.4868],[-103.20985,19.48605],[-103.20812,19.48339],[-103.20881,19.48176],[-103.21198,19.48385],[-103.21896,19.48301],[-103.21516,19.48756],[-103.21679,19.48919],[-103.22012,19.48927],[-103.2227,19.48281],[-103.22036,19.482],[-103.22051,19.47976],[-103.22406,19.47853],[-103.22354,19.47581],[-103.22572,19.47473],[-103.22826,19.46919],[-103.22533,19.46564],[-103.22638,19.46411],[-103.22223,19.45511],[-103.22073,19.45457],[-103.22144,19.45256],[-103.21973,19.45001],[-103.21542,19.44857],[-103.21205,19.45043],[-103.20925,19.44996],[-103.20389,19.45397],[-103.19884,19.44851],[-103.19745,19.44982],[-103.1953,19.44872],[-103.19557,19.45055],[-103.1917,19.44874],[-103.19027,19.45277],[-103.19077,19.45932],[-103.17929,19.46125],[-103.17272,19.45179],[-103.17087,19.45298],[-103.16649,19.45049],[-103.16545,19.44755],[-103.15746,19.45286],[-103.15463,19.45242],[-103.14975,19.45481],[-103.14724,19.45662],[-103.14718,19.45848],[-103.14265,19.4587],[-103.14044,19.45401],[-103.13803,19.45513],[-103.13555,19.45276],[-103.13203,19.45284],[-103.12753,19.44772],[-103.12327,19.44782],[-103.12286,19.44277],[-103.11693,19.44225],[-103.1142,19.43978],[-103.11244,19.44227],[-103.11597,19.44504],[-103.10936,19.44569],[-103.10775,19.44501],[-103.10776,19.44266],[-103.1049,19.44241],[-103.10315,19.43801],[-103.09914,19.4405],[-103.10036,19.44362],[-103.09674,19.4513],[-103.09543,19.44878],[-103.09353,19.44932],[-103.08805,19.44645],[-103.08481,19.44989],[-103.08246,19.4477],[-103.07833,19.44986],[-103.07624,19.4495],[-103.07581,19.44639],[-103.07324,19.44723],[-103.06618,19.44524],[-103.06501,19.44885],[-103.07012,19.44916],[-103.07074,19.45369],[-103.07655,19.45421],[-103.07783,19.45995],[-103.0744,19.46262],[-103.07581,19.46542],[-103.08088,19.465],[-103.07873,19.47215],[-103.0835,19.47045],[-103.08505,19.47221],[-103.08725,19.4717],[-103.08718,19.47403],[-103.09167,19.47455],[-103.08571,19.4743],[-103.0797,19.47791],[-103.07628,19.4762],[-103.07663,19.47483],[-103.07429,19.47486],[-103.07208,19.47974],[-103.06134,19.48461],[-103.06454,19.48745],[-103.06539,19.48961],[-103.06426,19.49019],[-103.0675,19.49178],[-103.07193,19.49087],[-103.08156,19.49254],[-103.08301,19.48954],[-103.0881,19.4909],[-103.09145,19.49455],[-103.08879,19.49679],[-103.08956,19.5015],[-103.08841,19.49937],[-103.08672,19.50095],[-103.08853,19.50211],[-103.08673,19.50489],[-103.08338,19.50335],[-103.08539,19.50485],[-103.08288,19.50997],[-103.07506,19.50997],[-103.07143,19.5143],[-103.06261,19.51095],[-103.0634,19.50951],[-103.05902,19.50794],[-103.05964,19.50666],[-103.05543,19.50767],[-103.04863,19.50305],[-103.03907,19.51115],[-103.03358,19.51368],[-103.02861,19.51919],[-103.02523,19.51913],[-103.02373,19.52169],[-103.01881,19.52191],[-103.01834,19.53015],[-103.01133,19.54042],[-103.01052,19.54498],[-103.00777,19.54538],[-103.00566,19.55296],[-103.00346,19.55404],[-103.00706,19.55941],[-103.01624,19.56227],[-103.02146,19.56134],[-103.02902,19.58654],[-103.02548,19.58792],[-103.02182,19.59328],[-103.01812,19.59558],[-103.01896,19.60128],[-103.01678,19.60338],[-103.01573,19.60959],[-103.00962,19.61031],[-103.00916,19.61421],[-103.00714,19.61113],[-103.00577,19.62065],[-103.00789,19.6216],[-103.00554,19.63979],[-103.00862,19.64545],[-103.00864,19.65001],[-103.0065,19.65577],[-103.00977,19.657],[-103.01469,19.66292],[-103.011,19.66507],[-103.00917,19.66916],[-103.00211,19.67281],[-103.00524,19.67526],[-103.00188,19.67617],[-103.00151,19.6812],[-103.00325,19.68205],[-102.99921,19.68579],[-103.00746,19.68843],[-103.01298,19.69621],[-103.01325,19.69903],[-103.01544,19.69969],[-103.01837,19.70768],[-103.02287,19.70927],[-103.02339,19.7122],[-103.01771,19.71324],[-103.01942,19.71637],[-103.01576,19.71549],[-103.01304,19.72248],[-103.00601,19.72974],[-103.00525,19.73203],[-103.00667,19.73316],[-103.005,19.73456],[-103.00632,19.73634],[-103.00347,19.74698],[-103.00722,19.74715],[-103.0103,19.74933],[-103.02242,19.76353],[-103.01886,19.76957],[-103.01612,19.78782],[-103.02006,19.79389],[-103.02053,19.80002],[-103.03147,19.80731],[-103.03677,19.80916],[-103.04669,19.8051],[-103.04638,19.80937],[-103.05064,19.8151],[-103.05605,19.8129],[-103.05858,19.81448],[-103.06059,19.81991],[-103.06482,19.82383],[-103.06901,19.82485],[-103.07379,19.83061],[-103.07861,19.82814],[-103.08024,19.83104],[-103.0823,19.82976],[-103.08772,19.83024],[-103.08918,19.83303],[-103.09189,19.83313],[-103.09165,19.83422],[-103.09325,19.83327],[-103.09294,19.83565],[-103.09733,19.84419],[-103.0937,19.84798],[-103.09764,19.8506],[-103.1011,19.85626],[-103.11277,19.8587],[-103.1143,19.86056],[-103.12328,19.85639],[-103.12637,19.85673],[-103.13081,19.84692],[-103.14552,19.84322],[-103.14583,19.84457],[-103.14802,19.84384],[-103.1567,19.84719],[-103.15526,19.85313],[-103.17626,19.85454],[-103.18483,19.85945],[-103.19307,19.86917],[-103.19208,19.87101],[-103.19487,19.87597],[-103.18662,19.88009],[-103.18144,19.88469],[-103.18743,19.91284],[-103.18585,19.91443],[-103.19046,19.91502],[-103.19129,19.91641],[-103.19345,19.91558],[-103.19717,19.91888],[-103.20365,19.91805],[-103.20559,19.92115],[-103.20616,19.92015],[-103.20879,19.92134],[-103.20988,19.92663],[-103.2159,19.92775],[-103.22479,19.93282]]]}},{"type":"Feature","properties":{"cvegeo":"14084","nombre":"Talpa de Allende"},"geometry":{"type":"Polygon","coordinates":[[[-104.90213,20.55689],[-104.9062,20.55542],[-104.92137,20.5396],[-104.94477,20.53414],[-104.96155,20.53478],[-104.95862,20.53324],[-104.95874,20.5301],[-104.955,20.52659],[-104.95627,20.52464],[-104.94857,20.51823],[-104.94918,20.51593],[-104.95263,20.51398],[-104.95034,20.50968],[-104.95155,20.50758],[-104.95305,20.50669],[-104.95513,20.5093],[-104.9622,20.50369],[-104.97122,20.50564],[-104.97691,20.50887],[-104.98784,20.49835],[-104.99141,20.49683],[-104.9943,20.49795],[-104.99347,20.49639],[-104.98387,20.49316],[-104.98097,20.48935],[-104.98269,20.48514],[-104.97931,20.4852],[-104.97031,20.47983],[-104.96769,20.4776],[-104.97233,20.47492],[-104.96822,20.47473],[-104.96527,20.47145],[-104.97031,20.4669],[-104.9699,20.46557],[-104.96635,20.46494],[-104.96641,20.46367],[-104.97064,20.46058],[-104.97174,20.45648],[-104.97903,20.45152],[-104.97804,20.44455],[-104.97632,20.44283],[-104.977,20.43594],[-104.98677,20.4401],[-104.98731,20.44297],[-104.99176,20.44147],[-104.99698,20.44315],[-105.00317,20.44222],[-105.00713,20.44948],[-105.01306,20.44747],[-105.0156,20.44879],[-105.01622,20.44448],[-105.02262,20.44452],[-105.02785,20.44115],[-105.03113,20.44229],[-105.03477,20.43906],[-105.0368,20.43904],[-105.04133,20.44282],[-105.04587,20.44262],[-105.052,20.45231],[-105.05478,20.45362],[-105.05488,20.45572],[-105.05827,20.45636],[-105.05611,20.45846],[-105.05893,20.46317],[-105.05922,20.47003],[-105.05733,20.47707],[-105.05443,20.47773],[-105.04512,20.48513],[-105.05577,20.48552],[-105.05743,20.4905],[-105.05911,20.48969],[-105.05921,20.49215],[-105.06206,20.48979],[-105.07123,20.48955],[-105.07349,20.48591],[-105.08128,20.49115],[-105.08177,20.49298],[-105.08665,20.49436],[-105.09326,20.49953],[-105.1003,20.49932],[-105.10423,20.50217],[-105.10745,20.50032],[-105.1131,20.50117],[-105.11226,20.50556],[-105.1032,20.51703],[-105.1029,20.51996],[-105.09896,20.52328],[-105.09831,20.53553],[-105.10474,20.52885],[-105.1192,20.52672],[-105.12375,20.52187],[-105.12941,20.52146],[-105.13105,20.51311],[-105.13401,20.51264],[-105.13755,20.51373],[-105.1381,20.5167],[-105.1412,20.51818],[-105.14032,20.52112],[-105.14221,20.52139],[-105.14053,20.52306],[-105.14241,20.52564],[-105.14421,20.52639],[-105.14666,20.52373],[-105.14645,20.52922],[-105.14909,20.52736],[-105.14996,20.52959],[-105.15224,20.52764],[-105.15526,20.52944],[-105.15565,20.5324],[-105.16294,20.53115],[-105.16273,20.53612],[-105.16461,20.53955],[-105.16859,20.52933],[-105.16855,20.52462],[-105.17393,20.52014],[-105.17365,20.51894],[-105.18249,20.51867],[-105.18632,20.51668],[-105.18845,20.51349],[-105.19493,20.51276],[-105.20192,20.50008],[-105.20166,20.49703],[-105.19729,20.4914],[-105.20039,20.48347],[-105.2103,20.49193],[-105.21976,20.48746],[-105.22257,20.47942],[-105.23536,20.45778],[-105.2327,20.45376],[-105.23358,20.44731],[-105.22911,20.44212],[-105.2292,20.43983],[-105.23192,20.44132],[-105.23501,20.43799],[-105.23496,20.43525],[-105.23376,20.43687],[-105.23121,20.43456],[-105.23584,20.43184],[-105.23149,20.43165],[-105.2312,20.42992],[-105.22635,20.43],[-105.22619,20.42575],[-105.22457,20.4252],[-105.22676,20.42334],[-105.22145,20.42176],[-105.22495,20.42097],[-105.22381,20.41855],[-105.21997,20.41644],[-105.21762,20.4106],[-105.21923,20.40942],[-105.21826,20.40499],[-105.21969,20.40139],[-105.21727,20.39661],[-105.20996,20.39408],[-105.20817,20.39498],[-105.20791,20.39182],[-105.20449,20.39225],[-105.20549,20.39012],[-105.20446,20.38928],[-105.20271,20.39069],[-105.20142,20.38838],[-105.19804,20.39067],[-105.197,20.38912],[-105.19482,20.38937],[-105.19601,20.38538],[-105.19299,20.38432],[-105.19295,20.38062],[-105.18786,20.38108],[-105.18429,20.38411],[-105.18176,20.38159],[-105.179,20.38422],[-105.17021,20.38136],[-105.16225,20.38218],[-105.16137,20.38008],[-105.15893,20.38081],[-105.15882,20.37916],[-105.15748,20.37916],[-105.15736,20.37356],[-105.15521,20.37182],[-105.15972,20.37147],[-105.16537,20.36791],[-105.17194,20.37105],[-105.17131,20.3646],[-105.17712,20.35834],[-105.18251,20.33153],[-105.1816,20.31607],[-105.18422,20.31155],[-105.18425,20.30563],[-105.18068,20.30485],[-105.17923,20.2994],[-105.17507,20.29362],[-105.17573,20.29235],[-105.17319,20.28837],[-105.17536,20.28616],[-105.17522,20.28318],[-105.17349,20.2824],[-105.17336,20.28008],[-105.17652,20.27807],[-105.1767,20.27447],[-105.17977,20.27259],[-105.18415,20.26534],[-105.18477,20.25981],[-105.19085,20.25872],[-105.19383,20.25314],[-105.19765,20.25296],[-105.20171,20.25049],[-105.19888,20.24496],[-105.20011,20.24331],[-105.19943,20.23893],[-105.19508,20.2379],[-105.19331,20.23505],[-105.18656,20.23801],[-105.18448,20.23524],[-105.1806,20.23549],[-105.1817,20.23238],[-105.17077,20.23191],[-105.14963,20.22196],[-105.14894,20.21564],[-105.15041,20.21442],[-105.14788,20.20837],[-105.1486,20.20609],[-105.1402,20.19167],[-105.13109,20.1898],[-105.129,20.191],[-105.12374,20.18902],[-105.11908,20.18995],[-105.11727,20.19209],[-105.10814,20.19595],[-105.10822,20.20009],[-105.10543,20.19992],[-105.10445,20.19488],[-105.09969,20.19575],[-105.09796,20.19235],[-105.09284,20.18912],[-105.097,20.18501],[-105.09589,20.18069],[-105.0932,20.17813],[-105.09667,20.17608],[-105.09531,20.17232],[-105.09179,20.17302],[-105.08701,20.17093],[-105.08505,20.16827],[-105.08142,20.16782],[-105.07735,20.17144],[-105.07327,20.17181],[-105.06784,20.16515],[-105.06439,20.15705],[-105.05382,20.15567],[-105.05264,20.15116],[-105.04799,20.14583],[-105.04149,20.14041],[-105.03318,20.13658],[-105.03181,20.13142],[-105.02683,20.12754],[-105.02639,20.12341],[-105.01452,20.12571],[-105.0074,20.12501],[-104.98722,20.1142],[-104.98577,20.11139],[-104.98006,20.10945],[-104.98244,20.10226],[-104.98515,20.10037],[-104.98215,20.09835],[-104.98271,20.09005],[-104.97718,20.0771],[-104.97882,20.07444],[-104.97281,20.07644],[-104.96436,20.07487],[-104.9614,20.06476],[-104.95004,20.05964],[-104.94365,20.05237],[-104.92821,20.05456],[-104.92433,20.05664],[-104.91505,20.05465],[-104.91038,20.0609],[-104.9046,20.05628],[-104.90358,20.05312],[-104.89578,20.05142],[-104.89387,20.04853],[-104.89473,20.04474],[-104.89208,20.04148],[-104.893,20.03983],[-104.87856,20.04609],[-104.87215,20.04555],[-104.85635,20.05789],[-104.84879,20.05908],[-104.84769,20.06093],[-104.84426,20.06011],[-104.84044,20.05546],[-104.83482,20.05972],[-104.81936,20.05871],[-104.81738,20.06143],[-104.81389,20.05656],[-104.81172,20.05809],[-104.80852,20.05778],[-104.80724,20.06085],[-104.80481,20.06213],[-104.79613,20.06162],[-104.79546,20.06496],[-104.79278,20.06626],[-104.78733,20.06391],[-104.77658,20.06644],[-104.77012,20.07222],[-104.77242,20.0757],[-104.7699,20.07733],[-104.76833,20.08309],[-104.76935,20.08645],[-104.76661,20.08843],[-104.76388,20.09724],[-104.76457,20.10085],[-104.76636,20.10137],[-104.77183,20.10992],[-104.77025,20.11073],[-104.77106,20.11356],[-104.76904,20.11455],[-104.7691,20.1224],[-104.76433,20.11986],[-104.75846,20.12177],[-104.7574,20.12876],[-104.75449,20.13087],[-104.7515,20.13707],[-104.74826,20.13942],[-104.746,20.13917],[-104.74542,20.1423],[-104.74208,20.14203],[-104.73255,20.14592],[-104.72797,20.14946],[-104.72776,20.14754],[-104.72386,20.14943],[-104.7228,20.1472],[-104.71868,20.15032],[-104.71797,20.14657],[-104.71116,20.15054],[-104.70913,20.14578],[-104.70795,20.14671],[-104.70542,20.14491],[-104.70609,20.15062],[-104.70115,20.15479],[-104.70365,20.15602],[-104.70482,20.15988],[-104.70228,20.16356],[-104.71064,20.16827],[-104.70794,20.16962],[-104.70866,20.17106],[-104.70669,20.17347],[-104.70563,20.1799],[-104.70807,20.18786],[-104.70696,20.19353],[-104.70746,20.2003],[-104.70863,20.20044],[-104.70444,20.2125],[-104.70785,20.21464],[-104.70845,20.21983],[-104.71188,20.22019],[-104.70985,20.2316],[-104.70677,20.23364],[-104.70657,20.23546],[-104.71094,20.23774],[-104.71092,20.24399],[-104.7157,20.24652],[-104.71822,20.25885],[-104.71333,20.2604],[-104.71155,20.26451],[-104.70766,20.26725],[-104.7106,20.27018],[-104.71207,20.26844],[-104.71641,20.26909],[-104.71858,20.26775],[-104.72008,20.26921],[-104.7205,20.27477],[-104.72264,20.2773],[-104.72499,20.28573],[-104.72457,20.29621],[-104.7261,20.29637],[-104.72651,20.30164],[-104.72517,20.30379],[-104.73635,20.31058],[-104.73458,20.31386],[-104.73495,20.31827],[-104.7312,20.32525],[-104.73179,20.32984],[-104.72845,20.33596],[-104.72485,20.33863],[-104.7245,20.34153],[-104.73059,20.34225],[-104.73656,20.34781],[-104.74794,20.34785],[-104.75401,20.35515],[-104.76088,20.36021],[-104.76155,20.36772],[-104.7643,20.37082],[-104.76178,20.38078],[-104.75291,20.39262],[-104.75465,20.40009],[-104.75671,20.40039],[-104.76046,20.3964],[-104.76803,20.39619],[-104.7772,20.39988],[-104.78314,20.40531],[-104.80838,20.41157],[-104.80188,20.41856],[-104.80145,20.42246],[-104.81154,20.42918],[-104.81249,20.43404],[-104.82486,20.44553],[-104.8228,20.44985],[-104.81317,20.45501],[-104.81452,20.46167],[-104.81131,20.4678],[-104.82023,20.47481],[-104.83348,20.48097],[-104.8305,20.48329],[-104.81696,20.48621],[-104.82226,20.4951],[-104.82384,20.50205],[-104.8289,20.5089],[-104.8373,20.51291],[-104.84172,20.50768],[-104.85067,20.51091],[-104.8587,20.51793],[-104.86145,20.5184],[-104.86427,20.52891],[-104.86753,20.53006],[-104.87089,20.53492],[-104.87686,20.52983],[-104.88639,20.52564],[-104.89194,20.52785],[-104.90059,20.53625],[-104.89881,20.53897],[-104.89956,20.5441],[-104.9061,20.54528],[-104.90401,20.55068],[-104.90611,20.55264],[-104.90213,20.55689]]]}},{"type":"Feature","properties":{"cvegeo":"14083","nombre":"Tala"},"geometry":{"type":"Polygon","coordinates":[[[-103.75175,20.7371],[-103.76138,20.73698],[-103.76234,20.73555],[-103.77006,20.7374],[-103.77545,20.72948],[-103.77527,20.72566],[-103.77937,20.72306],[-103.78108,20.71938],[-103.77401,20.71487],[-103.77516,20.71275],[-103.77393,20.7081],[-103.77337,20.71025],[-103.7718,20.70586],[-103.76896,20.70452],[-103.76924,20.69876],[-103.76798,20.69314],[-103.76606,20.69132],[-103.76625,20.68682],[-103.76425,20.68799],[-103.76035,20.68685],[-103.75724,20.68158],[-103.75681,20.67705],[-103.76359,20.66985],[-103.77141,20.66597],[-103.76943,20.66548],[-103.76864,20.6631],[-103.77062,20.66295],[-103.77124,20.65829],[-103.76721,20.65887],[-103.7645,20.6525],[-103.7666,20.65256],[-103.76654,20.64996],[-103.76837,20.6507],[-103.76775,20.65284],[-103.77291,20.65376],[-103.77259,20.65112],[-103.77425,20.65058],[-103.77496,20.64672],[-103.78326,20.64242],[-103.78393,20.63928],[-103.78727,20.63832],[-103.78885,20.63519],[-103.79087,20.63451],[-103.79126,20.63705],[-103.80132,20.63363],[-103.80101,20.63113],[-103.80915,20.62852],[-103.80886,20.62597],[-103.81093,20.62529],[-103.81058,20.62294],[-103.81324,20.62152],[-103.81541,20.61718],[-103.81516,20.60919],[-103.81621,20.61147],[-103.81938,20.60839],[-103.8189,20.60691],[-103.82037,20.60794],[-103.82382,20.60636],[-103.8237,20.60386],[-103.82726,20.60223],[-103.83201,20.60401],[-103.83301,20.60093],[-103.83676,20.59855],[-103.84224,20.59601],[-103.8461,20.5965],[-103.84738,20.59446],[-103.84523,20.59139],[-103.84832,20.58873],[-103.84711,20.58713],[-103.84783,20.58457],[-103.8431,20.58292],[-103.83619,20.584],[-103.83604,20.58616],[-103.83425,20.5878],[-103.8322,20.58728],[-103.83298,20.58837],[-103.82991,20.59],[-103.82876,20.59679],[-103.82241,20.60182],[-103.82041,20.59933],[-103.82649,20.596],[-103.82855,20.59257],[-103.82091,20.59331],[-103.81535,20.59589],[-103.81425,20.59167],[-103.81241,20.59173],[-103.81144,20.58834],[-103.80426,20.58164],[-103.80144,20.58285],[-103.79907,20.58032],[-103.79768,20.58076],[-103.79664,20.57818],[-103.79407,20.579],[-103.79304,20.57627],[-103.7918,20.57659],[-103.79186,20.57316],[-103.78693,20.56954],[-103.78407,20.56867],[-103.78487,20.57111],[-103.77915,20.57105],[-103.77657,20.5735],[-103.77466,20.57062],[-103.76634,20.56891],[-103.76333,20.56325],[-103.7582,20.5626],[-103.75614,20.5604],[-103.74815,20.56009],[-103.74489,20.55704],[-103.73787,20.5566],[-103.73295,20.55242],[-103.73214,20.54734],[-103.72831,20.54343],[-103.72463,20.53604],[-103.72102,20.53317],[-103.72158,20.53042],[-103.71974,20.52589],[-103.71447,20.52012],[-103.71477,20.51391],[-103.71178,20.51394],[-103.7114,20.5168],[-103.70866,20.51906],[-103.6926,20.52348],[-103.68811,20.51938],[-103.68884,20.51363],[-103.68706,20.50564],[-103.68822,20.50248],[-103.68437,20.49964],[-103.66579,20.5001],[-103.66439,20.5022],[-103.66068,20.50274],[-103.66002,20.50473],[-103.65684,20.50296],[-103.65599,20.50569],[-103.64391,20.49669],[-103.63742,20.49457],[-103.63845,20.49195],[-103.63706,20.48827],[-103.63519,20.4896],[-103.62725,20.48382],[-103.62139,20.48381],[-103.6197,20.48609],[-103.61507,20.4864],[-103.61445,20.48828],[-103.6055,20.48726],[-103.59697,20.48226],[-103.58946,20.49289],[-103.5949,20.49401],[-103.59191,20.49942],[-103.59665,20.51025],[-103.59056,20.51151],[-103.58757,20.51749],[-103.58858,20.52034],[-103.57181,20.52492],[-103.58376,20.52975],[-103.57387,20.54408],[-103.57286,20.55256],[-103.56814,20.55646],[-103.56591,20.56288],[-103.55879,20.56431],[-103.55783,20.56623],[-103.55448,20.56716],[-103.55209,20.57328],[-103.5446,20.5805],[-103.5449,20.58378],[-103.53469,20.59167],[-103.53447,20.59808],[-103.53285,20.60105],[-103.53453,20.60051],[-103.53567,20.6045],[-103.5456,20.61017],[-103.55375,20.61251],[-103.55491,20.61106],[-103.56249,20.61566],[-103.56745,20.61436],[-103.57299,20.60674],[-103.58236,20.60648],[-103.58403,20.60361],[-103.59238,20.60234],[-103.59933,20.60555],[-103.60045,20.61212],[-103.59755,20.61294],[-103.5985,20.61507],[-103.59692,20.61525],[-103.60223,20.62973],[-103.60194,20.63533],[-103.61688,20.639],[-103.61648,20.64171],[-103.60882,20.6413],[-103.60689,20.64446],[-103.61047,20.65067],[-103.621,20.6514],[-103.62157,20.65427],[-103.62455,20.6564],[-103.61573,20.66194],[-103.61518,20.66885],[-103.61175,20.67435],[-103.61495,20.68037],[-103.61203,20.68629],[-103.61361,20.68924],[-103.61242,20.68994],[-103.6149,20.69282],[-103.62742,20.68674],[-103.63561,20.68828],[-103.63973,20.68683],[-103.6514,20.68738],[-103.65446,20.69122],[-103.65453,20.69628],[-103.65676,20.69692],[-103.65946,20.70366],[-103.65709,20.71203],[-103.68742,20.70339],[-103.68443,20.71822],[-103.68626,20.72118],[-103.69061,20.72243],[-103.69715,20.71971],[-103.70321,20.71935],[-103.70858,20.72114],[-103.71238,20.71951],[-103.7197,20.72393],[-103.72497,20.72372],[-103.73003,20.72554],[-103.7326,20.72387],[-103.73566,20.72653],[-103.73609,20.73266],[-103.74356,20.73737],[-103.74923,20.73534],[-103.75175,20.7371]]]}},{"type":"Feature","properties":{"cvegeo":"14082","nombre":"Sayula"},"geometry":{"type":"Polygon","coordinates":[[[-103.52314,19.94883],[-103.52752,19.94759],[-103.54189,19.93743],[-103.55164,19.92806],[-103.56129,19.92539],[-103.57287,19.90883],[-103.56857,19.90652],[-103.57045,19.89545],[-103.57692,19.89298],[-103.57933,19.89289],[-103.57753,19.90233],[-103.58012,19.90574],[-103.59337,19.9109],[-103.59713,19.90899],[-103.60825,19.93133],[-103.60896,19.92906],[-103.61341,19.92973],[-103.60946,19.9086],[-103.61972,19.91723],[-103.62174,19.92116],[-103.63448,19.92522],[-103.63244,19.92763],[-103.64629,19.93104],[-103.64564,19.93456],[-103.65381,19.93613],[-103.65807,19.93433],[-103.66448,19.93791],[-103.66526,19.93318],[-103.66319,19.93208],[-103.66276,19.92759],[-103.65858,19.92259],[-103.6563,19.91196],[-103.66335,19.91028],[-103.66468,19.90457],[-103.66911,19.90227],[-103.67031,19.8958],[-103.66897,19.89106],[-103.67478,19.88598],[-103.68686,19.88937],[-103.69099,19.88685],[-103.69501,19.88655],[-103.69971,19.88223],[-103.7074,19.88051],[-103.69871,19.87816],[-103.68685,19.86529],[-103.6744,19.86669],[-103.67569,19.8563],[-103.66761,19.84819],[-103.65898,19.8497],[-103.65895,19.84819],[-103.65461,19.8459],[-103.64802,19.84721],[-103.63666,19.84559],[-103.63582,19.84409],[-103.6269,19.84701],[-103.62489,19.84092],[-103.63045,19.83838],[-103.63041,19.83395],[-103.63307,19.83237],[-103.63375,19.82818],[-103.63583,19.82886],[-103.63779,19.82738],[-103.64407,19.83224],[-103.64764,19.8305],[-103.64964,19.83172],[-103.65089,19.8197],[-103.64701,19.81456],[-103.64934,19.80604],[-103.65184,19.80588],[-103.65202,19.80326],[-103.64058,19.79834],[-103.63419,19.79268],[-103.6271,19.7902],[-103.62454,19.78666],[-103.62513,19.78266],[-103.62307,19.7782],[-103.60517,19.77137],[-103.60057,19.77401],[-103.59277,19.77143],[-103.58977,19.77247],[-103.58321,19.7653],[-103.57667,19.7743],[-103.57177,19.77171],[-103.56478,19.77237],[-103.55813,19.77633],[-103.5513,19.77684],[-103.54773,19.77459],[-103.54357,19.77426],[-103.54815,19.78965],[-103.55058,19.79398],[-103.55292,19.79604],[-103.55379,19.79517],[-103.55316,19.79625],[-103.5584,19.80085],[-103.56139,19.80535],[-103.56418,19.81533],[-103.56784,19.81767],[-103.56577,19.81876],[-103.565,19.82491],[-103.56352,19.82284],[-103.55842,19.8249],[-103.5577,19.82933],[-103.55943,19.82996],[-103.55787,19.83703],[-103.55531,19.83613],[-103.55166,19.83742],[-103.55143,19.83969],[-103.54599,19.84072],[-103.54737,19.84617],[-103.54427,19.84849],[-103.54464,19.85108],[-103.54199,19.85448],[-103.54143,19.86395],[-103.5119,19.85413],[-103.51413,19.86236],[-103.51245,19.86812],[-103.51497,19.87574],[-103.5095,19.8764],[-103.50898,19.88519],[-103.50461,19.88688],[-103.5025,19.89174],[-103.50025,19.89223],[-103.49939,19.89563],[-103.50199,19.90083],[-103.50067,19.90561],[-103.49822,19.90724],[-103.49966,19.91129],[-103.5137,19.91285],[-103.51354,19.92516],[-103.51615,19.92665],[-103.52421,19.92643],[-103.52314,19.94883]]]}},{"type":"Feature","properties":{"cvegeo":"14081","nombre":"Santa María de los Ángeles"},"geometry":{"type":"Polygon","coordinates":[[[-103.25131,22.28001],[-103.26112,22.27731],[-103.26514,22.27459],[-103.26925,22.26855],[-103.27572,22.26641],[-103.27786,22.25829],[-103.28208,22.2541],[-103.28016,22.2535],[-103.28157,22.25133],[-103.29425,22.24007],[-103.29459,22.23273],[-103.28465,22.22931],[-103.28315,22.22688],[-103.27137,22.22113],[-103.27822,22.21084],[-103.27968,22.206],[-103.27973,22.20127],[-103.27187,22.19088],[-103.27486,22.18555],[-103.27389,22.18216],[-103.27618,22.17718],[-103.27941,22.17492],[-103.28263,22.16894],[-103.28482,22.16035],[-103.28351,22.1538],[-103.27668,22.15237],[-103.27176,22.15441],[-103.26976,22.15353],[-103.26968,22.15043],[-103.26436,22.15279],[-103.26283,22.16184],[-103.25946,22.16734],[-103.23041,22.16286],[-103.23295,22.15255],[-103.23274,22.14708],[-103.24064,22.14069],[-103.24065,22.13842],[-103.23732,22.13615],[-103.23587,22.13677],[-103.23223,22.13311],[-103.23096,22.12548],[-103.22174,22.13352],[-103.21129,22.13681],[-103.19619,22.13863],[-103.19185,22.14058],[-103.19091,22.14276],[-103.18123,22.14242],[-103.17524,22.14066],[-103.16784,22.13421],[-103.16578,22.12836],[-103.15347,22.1239],[-103.14521,22.11339],[-103.13667,22.11185],[-103.13448,22.10724],[-103.13113,22.10696],[-103.1266,22.10404],[-103.10419,22.10123],[-103.1017,22.1018],[-103.10097,22.1078],[-103.0964,22.11128],[-103.09238,22.1099],[-103.08833,22.11291],[-103.09038,22.11388],[-103.08949,22.11519],[-103.08671,22.11485],[-103.08616,22.11224],[-103.08453,22.114],[-103.08772,22.11782],[-103.08173,22.12027],[-103.08023,22.12451],[-103.07702,22.1255],[-103.07651,22.12784],[-103.08158,22.13082],[-103.0782,22.13119],[-103.07587,22.13349],[-103.07916,22.13726],[-103.08419,22.13725],[-103.09011,22.14004],[-103.09069,22.14351],[-103.09228,22.14437],[-103.10061,22.14606],[-103.1088,22.14434],[-103.10254,22.1536],[-103.10653,22.15182],[-103.10869,22.15342],[-103.10487,22.15752],[-103.10591,22.16815],[-103.10278,22.17111],[-103.10388,22.17205],[-103.10145,22.17862],[-103.10606,22.19136],[-103.09209,22.19841],[-103.0882,22.20438],[-103.076,22.20233],[-103.07104,22.20354],[-103.07285,22.21037],[-103.07193,22.21197],[-103.06964,22.21122],[-103.05981,22.21722],[-103.05477,22.21383],[-103.05233,22.22065],[-103.05971,22.22424],[-103.05782,22.22827],[-103.06207,22.22827],[-103.05568,22.24124],[-103.05546,22.24726],[-103.06289,22.24927],[-103.06238,22.25224],[-103.06829,22.25511],[-103.07388,22.25486],[-103.07472,22.25756],[-103.07759,22.25689],[-103.07869,22.25818],[-103.08148,22.25066],[-103.08504,22.24767],[-103.08388,22.24234],[-103.09255,22.24677],[-103.0935,22.24978],[-103.0965,22.24803],[-103.09451,22.24285],[-103.09632,22.24163],[-103.09537,22.24023],[-103.10195,22.24156],[-103.09935,22.23645],[-103.10567,22.22886],[-103.10903,22.22764],[-103.10861,22.22106],[-103.10987,22.22113],[-103.10687,22.21656],[-103.11644,22.21959],[-103.12537,22.21965],[-103.1305,22.2163],[-103.13091,22.21319],[-103.13263,22.21429],[-103.13832,22.21083],[-103.13984,22.20685],[-103.14001,22.20944],[-103.15005,22.21021],[-103.15641,22.20837],[-103.15946,22.20514],[-103.16162,22.20975],[-103.15821,22.2135],[-103.15776,22.21657],[-103.15847,22.21833],[-103.1645,22.22102],[-103.16218,22.22803],[-103.16563,22.23141],[-103.17025,22.23076],[-103.17112,22.23359],[-103.17489,22.23524],[-103.17792,22.24342],[-103.17857,22.25194],[-103.18198,22.25436],[-103.18268,22.2584],[-103.18618,22.26109],[-103.18897,22.26091],[-103.1932,22.2575],[-103.19536,22.26548],[-103.19771,22.26715],[-103.20234,22.26189],[-103.21253,22.26397],[-103.21681,22.26184],[-103.21597,22.26394],[-103.21779,22.2653],[-103.22366,22.26299],[-103.22452,22.26393],[-103.22165,22.2672],[-103.22171,22.26955],[-103.22561,22.26946],[-103.22621,22.27223],[-103.24314,22.27624],[-103.25131,22.28001]]]}},{"type":"Feature","properties":{"cvegeo":"14080","nombre":"San Sebastián del Oeste"},"geometry":{"type":"Polygon","coordinates":[[[-104.78334,21.02318],[-104.78361,21.02024],[-104.79019,21.01502],[-104.79545,21.01413],[-104.80319,21.01651],[-104.81018,21.01201],[-104.81497,21.01534],[-104.82102,21.01482],[-104.82772,21.01807],[-104.83249,21.01412],[-104.83539,21.01939],[-104.8381,21.02001],[-104.83737,21.01566],[-104.84119,21.00672],[-104.85366,21.00496],[-104.8513,21.00016],[-104.85794,20.99436],[-104.86335,20.99595],[-104.86687,20.9952],[-104.8735,20.98236],[-104.88081,20.98091],[-104.88233,20.97891],[-104.88095,20.97601],[-104.88275,20.97366],[-104.88954,20.97376],[-104.89345,20.96706],[-104.90063,20.96275],[-104.90226,20.95607],[-104.89861,20.95244],[-104.90053,20.94634],[-104.90469,20.94535],[-104.90647,20.94218],[-104.91337,20.94418],[-104.92834,20.93952],[-104.9343,20.93449],[-104.94124,20.93511],[-104.94314,20.9327],[-104.95316,20.93013],[-104.95848,20.92473],[-104.96055,20.91988],[-104.96389,20.91913],[-104.96724,20.90951],[-104.96983,20.90911],[-104.98188,20.91474],[-104.9872,20.92038],[-104.99037,20.92156],[-104.9974,20.91955],[-105.00025,20.91171],[-105.00339,20.91086],[-105.00216,20.91592],[-105.00633,20.92254],[-105.01205,20.91862],[-105.02018,20.9181],[-105.02125,20.91146],[-105.0276,20.91142],[-105.02932,20.9093],[-105.03161,20.90917],[-105.03907,20.91311],[-105.03893,20.91854],[-105.03634,20.92489],[-105.03967,20.93024],[-105.04463,20.93144],[-105.04744,20.93439],[-105.05021,20.9317],[-105.05444,20.93285],[-105.05814,20.93093],[-105.06054,20.93348],[-105.06522,20.93132],[-105.0682,20.93176],[-105.0728,20.92799],[-105.0807,20.93138],[-105.08553,20.92388],[-105.08797,20.92317],[-105.08835,20.92181],[-105.0855,20.92037],[-105.08226,20.91261],[-105.08042,20.9116],[-105.08203,20.90873],[-105.0794,20.90279],[-105.07182,20.89859],[-105.07138,20.89145],[-105.0468,20.87919],[-105.04413,20.875],[-105.04428,20.87197],[-105.04196,20.86881],[-105.0434,20.86797],[-105.04287,20.86607],[-105.04892,20.86401],[-105.04775,20.86308],[-105.0505,20.86241],[-105.05078,20.86043],[-105.05264,20.86014],[-105.05191,20.8582],[-105.05418,20.8574],[-105.05297,20.8562],[-105.04133,20.85679],[-105.03783,20.85021],[-105.03984,20.84247],[-105.04413,20.83942],[-105.04635,20.83296],[-105.04543,20.82652],[-105.04134,20.82986],[-105.03713,20.83078],[-105.03613,20.82898],[-105.03036,20.82791],[-105.0291,20.82591],[-105.02748,20.82764],[-105.0271,20.82512],[-105.02284,20.82408],[-105.02217,20.82223],[-105.02037,20.82403],[-105.01627,20.82346],[-105.0133,20.81767],[-105.00463,20.81413],[-105.00375,20.80469],[-105.00118,20.80448],[-105.00219,20.8017],[-105.00097,20.79839],[-104.99762,20.801],[-104.99239,20.80118],[-104.99269,20.79912],[-104.99054,20.79822],[-104.98307,20.79963],[-104.98351,20.79541],[-104.98077,20.78796],[-104.97869,20.787],[-104.97947,20.78358],[-104.97387,20.7826],[-104.97288,20.77283],[-104.97825,20.76876],[-104.97584,20.76777],[-104.97506,20.76557],[-104.97287,20.76634],[-104.9739,20.76208],[-104.97235,20.76156],[-104.97442,20.75971],[-104.9735,20.75768],[-104.9747,20.75348],[-104.97748,20.75021],[-104.9839,20.74642],[-104.98909,20.74599],[-104.99543,20.74314],[-104.99259,20.74003],[-104.99306,20.73838],[-104.9901,20.73797],[-104.98722,20.72868],[-104.98088,20.72414],[-104.98174,20.72069],[-104.97526,20.71278],[-104.97479,20.70615],[-104.96854,20.70454],[-104.96953,20.70286],[-104.96413,20.69826],[-104.96362,20.69544],[-104.96223,20.69734],[-104.95374,20.69849],[-104.94211,20.70994],[-104.93139,20.71416],[-104.92785,20.71097],[-104.92469,20.71529],[-104.91779,20.71663],[-104.90538,20.71477],[-104.89695,20.71158],[-104.89619,20.70854],[-104.89193,20.705],[-104.89285,20.70113],[-104.89073,20.70257],[-104.88758,20.69865],[-104.88453,20.69838],[-104.88057,20.69247],[-104.87699,20.69132],[-104.87683,20.68911],[-104.87441,20.68728],[-104.87562,20.69118],[-104.87096,20.69918],[-104.86511,20.69586],[-104.84231,20.70354],[-104.8409,20.70188],[-104.83483,20.70083],[-104.831,20.69606],[-104.82871,20.69613],[-104.82238,20.70558],[-104.8242,20.71185],[-104.82336,20.71906],[-104.82197,20.71883],[-104.82092,20.72138],[-104.8219,20.72419],[-104.81142,20.72072],[-104.79192,20.72004],[-104.78489,20.71586],[-104.78036,20.71595],[-104.77949,20.7128],[-104.77409,20.7152],[-104.77349,20.71115],[-104.76225,20.70661],[-104.75743,20.70146],[-104.75309,20.7023],[-104.74645,20.69912],[-104.73921,20.70089],[-104.73829,20.70977],[-104.73629,20.71098],[-104.73701,20.72272],[-104.73843,20.72503],[-104.7368,20.733],[-104.72141,20.73427],[-104.7139,20.73126],[-104.71193,20.73812],[-104.71276,20.73954],[-104.70961,20.74451],[-104.71029,20.74551],[-104.70799,20.74616],[-104.7086,20.74979],[-104.70213,20.75211],[-104.69957,20.75031],[-104.69503,20.75259],[-104.69506,20.75488],[-104.69127,20.75482],[-104.69046,20.75635],[-104.68833,20.75452],[-104.68872,20.75866],[-104.68372,20.76111],[-104.6838,20.76284],[-104.68146,20.76262],[-104.68234,20.76442],[-104.68001,20.76404],[-104.67901,20.76547],[-104.6779,20.76359],[-104.67699,20.76872],[-104.67252,20.76827],[-104.67124,20.77018],[-104.66964,20.76982],[-104.66963,20.77283],[-104.66727,20.77413],[-104.66743,20.77637],[-104.66566,20.77776],[-104.66645,20.77985],[-104.66252,20.78291],[-104.66062,20.78244],[-104.65684,20.78728],[-104.65181,20.7905],[-104.65363,20.79323],[-104.65452,20.80203],[-104.65044,20.80961],[-104.65022,20.81149],[-104.6522,20.81251],[-104.65091,20.81562],[-104.64883,20.81711],[-104.64902,20.81896],[-104.64595,20.82062],[-104.65076,20.83247],[-104.64908,20.8379],[-104.64707,20.83864],[-104.64254,20.83501],[-104.63736,20.83725],[-104.63235,20.83701],[-104.63074,20.82528],[-104.62403,20.83319],[-104.61561,20.82998],[-104.60835,20.8314],[-104.60516,20.8281],[-104.60423,20.83042],[-104.60232,20.83052],[-104.60231,20.82832],[-104.60077,20.82859],[-104.60325,20.83354],[-104.59937,20.83866],[-104.59557,20.84037],[-104.5897,20.83874],[-104.58988,20.84059],[-104.59267,20.84115],[-104.58665,20.84967],[-104.59253,20.85456],[-104.59047,20.85675],[-104.59084,20.86337],[-104.59298,20.86526],[-104.59693,20.86294],[-104.60095,20.86668],[-104.59285,20.8709],[-104.59781,20.87497],[-104.60051,20.8745],[-104.60212,20.87623],[-104.60493,20.88538],[-104.61392,20.88964],[-104.61247,20.89498],[-104.61474,20.89667],[-104.61622,20.91529],[-104.62052,20.92545],[-104.62266,20.92634],[-104.62853,20.92387],[-104.63331,20.92806],[-104.63458,20.93185],[-104.63809,20.93413],[-104.64702,20.93541],[-104.64959,20.93308],[-104.65638,20.93239],[-104.66214,20.93874],[-104.66144,20.94398],[-104.66914,20.94131],[-104.681,20.94384],[-104.68266,20.94916],[-104.67867,20.9547],[-104.68106,20.96067],[-104.69262,20.96167],[-104.69765,20.96537],[-104.70571,20.96685],[-104.7083,20.9696],[-104.7071,20.9724],[-104.70889,20.97442],[-104.71343,20.97334],[-104.71616,20.97493],[-104.71417,20.97777],[-104.71583,20.98047],[-104.72161,20.98266],[-104.72936,20.98315],[-104.72617,20.99145],[-104.72798,20.99505],[-104.72515,20.9994],[-104.72701,21.00292],[-104.72531,21.00555],[-104.72823,21.00746],[-104.72847,21.0114],[-104.73137,21.01248],[-104.73419,21.00798],[-104.73924,21.00614],[-104.7499,21.00904],[-104.7525,21.01228],[-104.76029,21.01191],[-104.76258,21.00889],[-104.76693,21.01062],[-104.77171,21.0086],[-104.77508,21.01753],[-104.77781,21.01752],[-104.78334,21.02318]]]}},{"type":"Feature","properties":{"cvegeo":"14072","nombre":"San Diego de Alejandría"},"geometry":{"type":"Polygon","coordinates":[[[-101.89423,21.06547],[-101.92255,21.04502],[-101.92311,21.04877],[-101.92789,21.0475],[-101.93151,21.0526],[-101.94252,21.05692],[-101.94686,21.05138],[-101.96102,21.05228],[-101.9619,21.0504],[-101.96977,21.05446],[-101.97229,21.0579],[-101.97612,21.05522],[-101.97991,21.04814],[-101.99419,21.0427],[-102.0141,21.04359],[-102.01433,21.04164],[-102.01681,21.04051],[-102.02742,21.04191],[-102.02881,21.04032],[-102.03124,21.04129],[-102.03571,21.03804],[-102.03659,21.04193],[-102.04228,21.04193],[-102.05239,21.03669],[-102.06529,21.03729],[-102.06568,21.03938],[-102.07827,21.03854],[-102.083,21.05205],[-102.07598,21.06468],[-102.08226,21.06515],[-102.08618,21.06125],[-102.0918,21.06406],[-102.09553,21.06187],[-102.10937,21.05905],[-102.11706,21.03291],[-102.11346,21.00951],[-102.11434,21.00235],[-102.10495,20.99507],[-102.10215,20.99578],[-102.10207,20.99427],[-102.10539,20.99038],[-102.10814,20.98985],[-102.10946,20.98497],[-102.11888,20.98381],[-102.12189,20.97411],[-102.11798,20.97006],[-102.11845,20.96502],[-102.11667,20.964],[-102.11881,20.95863],[-102.10723,20.95147],[-102.10378,20.945],[-102.10988,20.94514],[-102.11311,20.9419],[-102.11925,20.94256],[-102.11149,20.93896],[-102.11136,20.93544],[-102.10578,20.93359],[-102.10298,20.92737],[-102.10324,20.92426],[-102.10843,20.91929],[-102.10777,20.91072],[-102.10601,20.90714],[-102.11162,20.9059],[-102.11132,20.89655],[-102.12169,20.89998],[-102.12192,20.89306],[-102.11654,20.88534],[-102.11966,20.87661],[-102.10268,20.86929],[-102.09944,20.87074],[-102.08983,20.87015],[-102.0881,20.87398],[-102.08414,20.87573],[-102.08208,20.88054],[-102.07433,20.87802],[-102.07036,20.88149],[-102.06767,20.88099],[-102.06001,20.88412],[-102.05591,20.87995],[-102.05151,20.87164],[-102.0541,20.87081],[-102.05593,20.86223],[-102.06417,20.85527],[-102.06028,20.84919],[-102.05491,20.84633],[-102.04945,20.84796],[-102.04156,20.84613],[-102.03709,20.84838],[-102.03383,20.85307],[-102.02178,20.86216],[-102.01499,20.86946],[-102.01522,20.87495],[-102.01258,20.87834],[-102.01613,20.87828],[-102.01799,20.88328],[-102.0133,20.88273],[-102.00845,20.88538],[-102.00506,20.88998],[-102.00331,20.89767],[-101.99896,20.89979],[-101.99901,20.90179],[-101.99456,20.90537],[-101.99403,20.90772],[-101.98915,20.91017],[-101.98801,20.91275],[-101.9811,20.91481],[-101.97988,20.92505],[-101.96464,20.92389],[-101.9631,20.92252],[-101.95788,20.9352],[-101.94616,20.93075],[-101.94394,20.93214],[-101.94487,20.93032],[-101.94209,20.9281],[-101.93895,20.93061],[-101.9384,20.93412],[-101.93682,20.93482],[-101.93815,20.9349],[-101.93722,20.93599],[-101.93913,20.93808],[-101.93819,20.94029],[-101.93947,20.94248],[-101.93784,20.94566],[-101.93914,20.95024],[-101.93714,20.9558],[-101.93324,20.9575],[-101.93478,20.96047],[-101.93107,20.96322],[-101.93139,20.96711],[-101.92221,20.97194],[-101.9257,20.97798],[-101.92446,20.97855],[-101.92471,20.98324],[-101.92081,20.98396],[-101.90875,20.99859],[-101.90817,21.00448],[-101.91007,21.00498],[-101.90772,21.00607],[-101.90538,21.01182],[-101.90512,21.0234],[-101.90663,21.02882],[-101.90234,21.03213],[-101.89661,21.04775],[-101.90034,21.05015],[-101.90133,21.05296],[-101.89528,21.05083],[-101.89291,21.05583],[-101.88647,21.06113],[-101.88999,21.06537],[-101.89423,21.06547]]]}},{"type":"Feature","properties":{"cvegeo":"14071","nombre":"San Cristóbal de la Barranca"},"geometry":{"type":"Polygon","coordinates":[[[-103.61446,21.158],[-103.61855,21.1525],[-103.62765,21.14667],[-103.62984,21.14178],[-103.6295,21.13678],[-103.63137,21.13614],[-103.63056,21.13318],[-103.64457,21.12096],[-103.64663,21.11625],[-103.64619,21.11105],[-103.64778,21.10591],[-103.65512,21.09657],[-103.6541,21.09369],[-103.65628,21.08708],[-103.65408,21.07861],[-103.65544,21.07153],[-103.65807,21.06857],[-103.65926,21.06231],[-103.66586,21.06134],[-103.66638,21.05653],[-103.66919,21.05504],[-103.67006,21.05263],[-103.66914,21.05078],[-103.67082,21.04874],[-103.66972,21.04649],[-103.67095,21.04183],[-103.67258,21.04204],[-103.6712,21.03999],[-103.66852,21.04026],[-103.66177,21.03603],[-103.65547,21.03957],[-103.6511,21.03868],[-103.65049,21.03705],[-103.65403,21.03404],[-103.65081,21.0293],[-103.65029,21.02479],[-103.65204,21.02223],[-103.65112,21.01845],[-103.64808,21.01558],[-103.64583,21.02099],[-103.64116,21.02264],[-103.63958,21.03033],[-103.63765,21.03211],[-103.62957,21.03294],[-103.61923,21.04041],[-103.61574,21.03886],[-103.61408,21.04183],[-103.60637,21.04004],[-103.60524,21.03846],[-103.6043,21.03329],[-103.60168,21.03131],[-103.60346,21.02655],[-103.59893,21.01961],[-103.60008,21.01552],[-103.60427,21.01138],[-103.60805,21.01075],[-103.61107,21.00787],[-103.6162,21.00768],[-103.62465,21.00397],[-103.62378,20.99667],[-103.62174,20.99712],[-103.61725,20.99196],[-103.61447,20.98229],[-103.6105,20.9783],[-103.61311,20.97318],[-103.62017,20.97011],[-103.61931,20.96478],[-103.61735,20.96274],[-103.61561,20.96186],[-103.60303,20.96472],[-103.59368,20.96349],[-103.58219,20.957],[-103.57704,20.96142],[-103.57665,20.96494],[-103.57402,20.96762],[-103.57034,20.96735],[-103.56456,20.96359],[-103.56117,20.96365],[-103.54918,20.97006],[-103.54832,20.97846],[-103.54673,20.9807],[-103.53832,20.98239],[-103.52742,20.98806],[-103.52548,20.99597],[-103.52209,20.99824],[-103.51791,20.99516],[-103.51563,20.99056],[-103.50776,20.98255],[-103.50187,20.98391],[-103.50007,20.98212],[-103.49115,20.98565],[-103.47804,20.98618],[-103.46456,20.98019],[-103.46412,20.97545],[-103.45965,20.96986],[-103.45237,20.97283],[-103.44729,20.9712],[-103.44363,20.96718],[-103.43471,20.96483],[-103.43236,20.95954],[-103.43254,20.94901],[-103.43655,20.94789],[-103.43557,20.9427],[-103.43832,20.93994],[-103.43643,20.93633],[-103.43394,20.9353],[-103.43061,20.93464],[-103.4299,20.93766],[-103.42244,20.94037],[-103.41893,20.94585],[-103.40803,20.95232],[-103.40353,20.9589],[-103.40118,20.95758],[-103.39946,20.95114],[-103.39592,20.95417],[-103.39469,20.94439],[-103.39167,20.94774],[-103.38918,20.94698],[-103.38304,20.94896],[-103.37884,20.95367],[-103.37002,20.93803],[-103.36995,20.9355],[-103.35375,20.94661],[-103.34061,20.94683],[-103.33795,20.9557],[-103.34263,20.96256],[-103.34589,20.9621],[-103.35943,20.9665],[-103.35514,20.97732],[-103.35668,20.98912],[-103.35156,20.99298],[-103.34281,20.99509],[-103.34205,20.99948],[-103.33748,20.99966],[-103.33425,21.0118],[-103.33601,21.01248],[-103.33503,21.01551],[-103.33859,21.01718],[-103.33908,21.02231],[-103.34401,21.0234],[-103.34354,21.02544],[-103.34852,21.02694],[-103.34671,21.03142],[-103.34502,21.0319],[-103.3493,21.03789],[-103.34699,21.04425],[-103.35481,21.04611],[-103.36078,21.05135],[-103.36272,21.05032],[-103.3685,21.05157],[-103.36843,21.05667],[-103.37661,21.0659],[-103.38055,21.06785],[-103.38551,21.06739],[-103.38437,21.07138],[-103.38863,21.0765],[-103.38786,21.07922],[-103.39104,21.07843],[-103.39596,21.08029],[-103.39768,21.08477],[-103.39444,21.08712],[-103.39648,21.09007],[-103.393,21.09107],[-103.39386,21.09337],[-103.39604,21.0937],[-103.39608,21.09868],[-103.39841,21.09811],[-103.40136,21.09983],[-103.40124,21.10304],[-103.40367,21.10269],[-103.41149,21.11152],[-103.41828,21.11523],[-103.41898,21.11955],[-103.42323,21.12523],[-103.41627,21.13728],[-103.42567,21.139],[-103.42801,21.14121],[-103.42787,21.14626],[-103.43512,21.14197],[-103.44261,21.14302],[-103.44523,21.14103],[-103.4498,21.14387],[-103.45831,21.1419],[-103.46885,21.14346],[-103.47538,21.13727],[-103.50405,21.12774],[-103.50618,21.12903],[-103.50729,21.13504],[-103.51016,21.13779],[-103.50951,21.14356],[-103.51096,21.14622],[-103.51865,21.14174],[-103.53146,21.14198],[-103.53314,21.13851],[-103.52979,21.13409],[-103.54106,21.12629],[-103.54672,21.1269],[-103.55034,21.12498],[-103.55452,21.12091],[-103.5537,21.11675],[-103.55715,21.11983],[-103.55997,21.11826],[-103.56474,21.11963],[-103.56516,21.11794],[-103.56695,21.12079],[-103.56896,21.11672],[-103.57307,21.1216],[-103.57734,21.12145],[-103.58055,21.1273],[-103.58372,21.12601],[-103.58328,21.12783],[-103.58766,21.12687],[-103.59168,21.12862],[-103.59682,21.13526],[-103.597,21.13977],[-103.59933,21.14167],[-103.59769,21.14216],[-103.59782,21.14362],[-103.60138,21.14785],[-103.60198,21.15167],[-103.60706,21.15532],[-103.61274,21.15559],[-103.61446,21.158]]]}},{"type":"Feature","properties":{"cvegeo":"14068","nombre":"Villa Purificación"},"geometry":{"type":"Polygon","coordinates":[[[-104.61729,20.04594],[-104.62176,20.04548],[-104.62128,20.04269],[-104.62597,20.03684],[-104.63356,20.03962],[-104.63877,20.0385],[-104.64027,20.03246],[-104.64367,20.02979],[-104.64304,20.02761],[-104.64493,20.02297],[-104.6534,20.02499],[-104.66162,20.02935],[-104.66587,20.029],[-104.67006,20.03286],[-104.67291,20.03257],[-104.67651,20.0348],[-104.68978,20.0315],[-104.69284,20.03212],[-104.69312,20.02757],[-104.69704,20.02408],[-104.69899,20.02425],[-104.70017,20.01998],[-104.70348,20.01643],[-104.70672,20.01999],[-104.71597,20.01569],[-104.71726,20.00816],[-104.71408,20.0039],[-104.71554,20.00121],[-104.71778,20.00096],[-104.7177,19.99884],[-104.72172,19.99706],[-104.72485,19.99938],[-104.73497,19.99947],[-104.73767,19.99498],[-104.74361,19.99229],[-104.74941,19.99812],[-104.75309,19.99936],[-104.75507,19.99573],[-104.76132,19.99071],[-104.77015,19.98591],[-104.77194,19.9818],[-104.77706,19.97761],[-104.78049,19.96754],[-104.77991,19.96512],[-104.78263,19.9622],[-104.78537,19.95323],[-104.79256,19.95817],[-104.79335,19.9552],[-104.80933,19.9489],[-104.81112,19.94658],[-104.81748,19.94389],[-104.82874,19.94534],[-104.83931,19.93849],[-104.84931,19.94064],[-104.85078,19.93519],[-104.85037,19.92674],[-104.85353,19.9226],[-104.85559,19.92285],[-104.85576,19.92121],[-104.84977,19.91771],[-104.85863,19.89826],[-104.86431,19.89784],[-104.86617,19.8958],[-104.87776,19.90323],[-104.88152,19.90733],[-104.88563,19.90644],[-104.90399,19.91181],[-104.90386,19.9169],[-104.90828,19.91746],[-104.9028,19.92783],[-104.9113,19.93242],[-104.91454,19.93221],[-104.92204,19.92615],[-104.92284,19.92332],[-104.92049,19.92032],[-104.92009,19.9166],[-104.92767,19.91786],[-104.93201,19.91476],[-104.9394,19.91487],[-104.945,19.9095],[-104.94339,19.89687],[-104.94548,19.88946],[-104.94477,19.88531],[-104.94877,19.88322],[-104.95684,19.88268],[-104.96411,19.88545],[-104.96528,19.888],[-104.96317,19.8915],[-104.96508,19.89189],[-104.97127,19.88668],[-104.97171,19.88425],[-104.9732,19.89002],[-104.97758,19.89256],[-104.98247,19.90009],[-104.98525,19.89365],[-104.98736,19.89413],[-104.98697,19.89225],[-104.98911,19.89172],[-104.99,19.8846],[-104.99371,19.88384],[-104.99567,19.88112],[-104.9987,19.88143],[-104.99945,19.87973],[-104.99437,19.87563],[-104.99429,19.87286],[-104.99141,19.87267],[-104.98895,19.86708],[-104.98368,19.86752],[-104.98138,19.85815],[-104.98204,19.85346],[-104.97947,19.84992],[-104.99124,19.84251],[-104.98991,19.83828],[-104.99133,19.83199],[-104.99631,19.82817],[-105.00241,19.82859],[-105.00473,19.82524],[-105.00117,19.82221],[-104.9994,19.81682],[-105.00306,19.81245],[-105.00565,19.80128],[-105.00991,19.79822],[-105.00799,19.79401],[-105.00869,19.79194],[-105.01162,19.79043],[-105.01237,19.78807],[-105.01485,19.78797],[-105.01759,19.7903],[-105.02374,19.78676],[-105.02489,19.78543],[-105.02365,19.78376],[-105.02644,19.77992],[-105.02408,19.77221],[-105.02484,19.75951],[-105.01886,19.758],[-105.01373,19.75934],[-105.01224,19.75553],[-105.00979,19.75423],[-105.01181,19.73785],[-105.01052,19.72981],[-105.01542,19.72927],[-105.02197,19.72259],[-105.02459,19.71415],[-105.01801,19.71175],[-105.01598,19.70944],[-105.01775,19.70772],[-105.01616,19.70528],[-105.01758,19.70003],[-105.01142,19.70296],[-105.0065,19.69925],[-104.9989,19.69748],[-104.99468,19.69367],[-104.99252,19.69417],[-104.98868,19.69045],[-104.98498,19.69051],[-104.98282,19.68766],[-104.97928,19.68973],[-104.97668,19.68853],[-104.9772,19.68672],[-104.9755,19.68692],[-104.97322,19.6901],[-104.976,19.69437],[-104.97529,19.69982],[-104.97797,19.70263],[-104.978,19.70538],[-104.97677,19.70645],[-104.97247,19.70495],[-104.96923,19.70662],[-104.96624,19.70147],[-104.95946,19.69673],[-104.95651,19.69055],[-104.94435,19.69443],[-104.94132,19.6907],[-104.93337,19.69154],[-104.9313,19.68634],[-104.92929,19.68907],[-104.9257,19.68534],[-104.92013,19.68678],[-104.91964,19.6831],[-104.89999,19.69736],[-104.90108,19.69849],[-104.89987,19.70003],[-104.89336,19.69973],[-104.88324,19.70567],[-104.87249,19.70744],[-104.8564,19.68084],[-104.85095,19.67718],[-104.8469,19.6709],[-104.84558,19.66549],[-104.83912,19.65552],[-104.84077,19.65074],[-104.83688,19.64939],[-104.82999,19.64023],[-104.83047,19.63803],[-104.81964,19.632],[-104.78323,19.63568],[-104.78094,19.63821],[-104.77316,19.63312],[-104.76501,19.63826],[-104.75975,19.63441],[-104.75397,19.63424],[-104.75305,19.63145],[-104.75611,19.62397],[-104.75253,19.61896],[-104.74116,19.61197],[-104.7302,19.62518],[-104.72396,19.62857],[-104.72485,19.63339],[-104.72096,19.63649],[-104.71996,19.63432],[-104.71232,19.6304],[-104.71031,19.62678],[-104.70681,19.62459],[-104.70294,19.62618],[-104.70258,19.62474],[-104.69327,19.62128],[-104.68448,19.62457],[-104.66721,19.62558],[-104.62381,19.60941],[-104.61162,19.60073],[-104.60705,19.60288],[-104.60388,19.60137],[-104.60095,19.60362],[-104.60224,19.61038],[-104.59706,19.61453],[-104.59888,19.62315],[-104.59714,19.62388],[-104.59826,19.63254],[-104.59476,19.6364],[-104.59267,19.64448],[-104.59038,19.6435],[-104.5875,19.64632],[-104.58565,19.64202],[-104.58017,19.64119],[-104.57879,19.63762],[-104.57002,19.6369],[-104.56162,19.63041],[-104.55568,19.62834],[-104.54954,19.63644],[-104.54801,19.64952],[-104.54164,19.66523],[-104.53117,19.66965],[-104.52908,19.66339],[-104.52616,19.66252],[-104.52524,19.65848],[-104.52015,19.65673],[-104.51987,19.65267],[-104.51656,19.65821],[-104.51168,19.6571],[-104.51497,19.66523],[-104.51999,19.66965],[-104.51852,19.67173],[-104.52124,19.67249],[-104.52313,19.67645],[-104.52079,19.68332],[-104.51753,19.68445],[-104.51353,19.6894],[-104.51035,19.6905],[-104.50072,19.6866],[-104.49662,19.68868],[-104.49351,19.68458],[-104.48164,19.6782],[-104.48069,19.67635],[-104.47897,19.67999],[-104.48011,19.69609],[-104.47752,19.6979],[-104.47522,19.70474],[-104.4766,19.70769],[-104.47378,19.71092],[-104.47736,19.71826],[-104.47612,19.72164],[-104.4785,19.7241],[-104.4765,19.72778],[-104.47728,19.73047],[-104.47417,19.74109],[-104.476,19.7427],[-104.47392,19.74499],[-104.47429,19.74958],[-104.47149,19.75162],[-104.46668,19.76102],[-104.47423,19.77174],[-104.47054,19.77226],[-104.46762,19.77673],[-104.4714,19.77889],[-104.4709,19.7861],[-104.4732,19.79135],[-104.47161,19.79604],[-104.47329,19.80064],[-104.46521,19.81497],[-104.46217,19.82562],[-104.44266,19.82433],[-104.4396,19.82602],[-104.43632,19.8242],[-104.43704,19.82627],[-104.44628,19.83209],[-104.44692,19.83677],[-104.44865,19.83713],[-104.44963,19.83978],[-104.44824,19.83977],[-104.4501,19.84169],[-104.44882,19.84099],[-104.44852,19.8423],[-104.45232,19.84611],[-104.461,19.84835],[-104.46935,19.85472],[-104.46953,19.85659],[-104.47144,19.85631],[-104.48098,19.86204],[-104.48379,19.86044],[-104.48363,19.85907],[-104.48559,19.86013],[-104.48869,19.85706],[-104.4883,19.85033],[-104.48963,19.847],[-104.50054,19.83975],[-104.50888,19.84597],[-104.51132,19.84607],[-104.5114,19.84901],[-104.51475,19.85126],[-104.52216,19.85402],[-104.52091,19.8554],[-104.52395,19.85743],[-104.5223,19.86425],[-104.51873,19.86534],[-104.51872,19.86697],[-104.52842,19.87307],[-104.53105,19.8836],[-104.5359,19.89318],[-104.54186,19.89423],[-104.53933,19.90015],[-104.53925,19.9142],[-104.53595,19.91836],[-104.53991,19.92281],[-104.54299,19.93406],[-104.54253,19.9378],[-104.53821,19.93638],[-104.53733,19.94109],[-104.54243,19.94588],[-104.54343,19.94968],[-104.54009,19.96055],[-104.54107,19.96707],[-104.54628,19.97344],[-104.54647,19.97649],[-104.54845,19.97683],[-104.54889,19.97367],[-104.55794,19.97574],[-104.55774,19.97892],[-104.56249,19.9805],[-104.56402,19.98539],[-104.57452,19.98922],[-104.57041,19.99467],[-104.57079,19.99808],[-104.56873,20.0024],[-104.56552,20.00447],[-104.56435,20.00771],[-104.56384,20.01023],[-104.56796,20.01449],[-104.58101,20.02219],[-104.58241,20.02448],[-104.58471,20.01714],[-104.59086,20.01225],[-104.60719,20.01391],[-104.60801,20.01918],[-104.61248,20.02251],[-104.6145,20.02624],[-104.61295,20.03519],[-104.61525,20.03974],[-104.61913,20.04283],[-104.61729,20.04594]]]}},{"type":"Feature","properties":{"cvegeo":"14067","nombre":"Puerto Vallarta"},"geometry":{"type":"MultiPolygon","coordinates":[[[[-105.29138,20.54551],[-105.29343,20.54519],[-105.29323,20.54442],[-105.29138,20.54551]]],[[[-105.08797,20.92317],[-105.09347,20.91989],[-105.09864,20.91943],[-105.09935,20.91808],[-105.09739,20.91586],[-105.10449,20.91232],[-105.10448,20.90785],[-105.11218,20.90478],[-105.11196,20.90043],[-105.11722,20.90081],[-105.11713,20.89697],[-105.12592,20.89057],[-105.14186,20.88717],[-105.14255,20.88377],[-105.13915,20.88194],[-105.14119,20.87561],[-105.14819,20.86867],[-105.15297,20.86894],[-105.15391,20.867],[-105.15275,20.86189],[-105.16056,20.85742],[-105.15541,20.85306],[-105.15779,20.85011],[-105.16279,20.84869],[-105.16123,20.83999],[-105.16385,20.83431],[-105.16164,20.83114],[-105.16514,20.8289],[-105.16572,20.82055],[-105.17134,20.82108],[-105.17119,20.8168],[-105.17408,20.81334],[-105.17105,20.81121],[-105.17276,20.80604],[-105.16756,20.80374],[-105.17097,20.79611],[-105.16228,20.79252],[-105.1734,20.76771],[-105.19696,20.77717],[-105.20102,20.77262],[-105.20189,20.76722],[-105.20583,20.76414],[-105.20944,20.76653],[-105.21141,20.76592],[-105.22034,20.76119],[-105.22285,20.75616],[-105.23416,20.74755],[-105.23992,20.74735],[-105.23694,20.72753],[-105.23914,20.72594],[-105.24468,20.72659],[-105.24565,20.72412],[-105.2437,20.71974],[-105.2462,20.71294],[-105.24218,20.70778],[-105.24257,20.70424],[-105.25189,20.70503],[-105.25595,20.70277],[-105.25655,20.69456],[-105.26061,20.69242],[-105.26268,20.68919],[-105.26027,20.68563],[-105.26125,20.67982],[-105.26573,20.67886],[-105.27242,20.68384],[-105.27893,20.68133],[-105.27839,20.67588],[-105.27436,20.67562],[-105.27421,20.67433],[-105.27633,20.67199],[-105.28053,20.67325],[-105.281,20.67197],[-105.26551,20.66614],[-105.24507,20.65331],[-105.24135,20.64272],[-105.23373,20.63522],[-105.2327,20.61722],[-105.2386,20.60543],[-105.2397,20.59753],[-105.24426,20.59217],[-105.24556,20.58771],[-105.24475,20.58217],[-105.25816,20.55749],[-105.26396,20.55565],[-105.27418,20.54824],[-105.27641,20.54873],[-105.2804,20.54622],[-105.28735,20.54487],[-105.28805,20.53939],[-105.29231,20.53553],[-105.29204,20.53232],[-105.29675,20.53377],[-105.29628,20.53101],[-105.30039,20.53021],[-105.30255,20.52776],[-105.31344,20.52216],[-105.315,20.52263],[-105.3159,20.52065],[-105.31975,20.51891],[-105.31957,20.51598],[-105.31581,20.51324],[-105.31646,20.51176],[-105.32175,20.51406],[-105.32564,20.51343],[-105.32435,20.5117],[-105.32446,20.49807],[-105.32206,20.49263],[-105.32277,20.48795],[-105.3178,20.48301],[-105.31379,20.48177],[-105.31931,20.47779],[-105.30756,20.47833],[-105.30253,20.48015],[-105.29926,20.47913],[-105.29509,20.48224],[-105.2995,20.49297],[-105.3048,20.49719],[-105.3019,20.50678],[-105.28472,20.51176],[-105.27854,20.50961],[-105.27435,20.51244],[-105.27063,20.50741],[-105.26828,20.49867],[-105.26906,20.49487],[-105.27598,20.4893],[-105.26832,20.49047],[-105.26559,20.48712],[-105.26074,20.48767],[-105.25518,20.48492],[-105.24863,20.48567],[-105.24033,20.48383],[-105.23749,20.48617],[-105.23158,20.48427],[-105.2263,20.47724],[-105.22636,20.47315],[-105.21976,20.48746],[-105.21154,20.49161],[-105.20925,20.49171],[-105.20039,20.48347],[-105.19729,20.4914],[-105.20166,20.49703],[-105.20192,20.50008],[-105.19493,20.51276],[-105.18845,20.51349],[-105.18632,20.51668],[-105.18249,20.51867],[-105.17365,20.51894],[-105.17393,20.52014],[-105.16855,20.52462],[-105.16859,20.52933],[-105.16461,20.53955],[-105.16273,20.53612],[-105.16294,20.53115],[-105.15565,20.5324],[-105.15526,20.52944],[-105.15224,20.52764],[-105.14996,20.52959],[-105.14909,20.52736],[-105.14645,20.52922],[-105.14666,20.52373],[-105.14421,20.52639],[-105.14241,20.52564],[-105.14053,20.52306],[-105.14221,20.52139],[-105.14032,20.52112],[-105.1412,20.51818],[-105.1381,20.5167],[-105.13755,20.51373],[-105.13138,20.51267],[-105.12941,20.52146],[-105.12375,20.52187],[-105.11522,20.53141],[-105.11776,20.55046],[-105.11513,20.55827],[-105.1153,20.565],[-105.11671,20.56532],[-105.11381,20.56827],[-105.11403,20.57757],[-105.11539,20.57776],[-105.11584,20.58224],[-105.12576,20.58504],[-105.12824,20.58974],[-105.13141,20.58739],[-105.13256,20.58919],[-105.13121,20.59282],[-105.14042,20.60033],[-105.13105,20.60855],[-105.13174,20.61195],[-105.1378,20.61371],[-105.1373,20.61781],[-105.13196,20.6198],[-105.12981,20.62372],[-105.13173,20.62498],[-105.13068,20.62755],[-105.13305,20.62894],[-105.13255,20.63255],[-105.13781,20.64221],[-105.1363,20.65021],[-105.14607,20.65434],[-105.14656,20.65915],[-105.15065,20.66334],[-105.14899,20.67006],[-105.15513,20.66993],[-105.15579,20.67519],[-105.15437,20.67635],[-105.15771,20.67869],[-105.15878,20.68189],[-105.17497,20.68665],[-105.16722,20.68774],[-105.16404,20.69606],[-105.15857,20.69701],[-105.14969,20.69172],[-105.14823,20.69226],[-105.14849,20.68938],[-105.14392,20.6886],[-105.14325,20.68535],[-105.14003,20.68774],[-105.13966,20.68575],[-105.13611,20.69109],[-105.13939,20.69257],[-105.13972,20.69501],[-105.13664,20.69688],[-105.12891,20.6934],[-105.11833,20.69593],[-105.11406,20.69234],[-105.10685,20.69479],[-105.10585,20.69854],[-105.10324,20.69844],[-105.10073,20.69713],[-105.10321,20.68642],[-105.09743,20.68688],[-105.09546,20.68513],[-105.09277,20.68637],[-105.08962,20.69199],[-105.08623,20.69261],[-105.08306,20.68952],[-105.0784,20.68978],[-105.0769,20.69174],[-105.07809,20.69331],[-105.07449,20.69443],[-105.06967,20.69999],[-105.07113,20.70155],[-105.06851,20.70316],[-105.06947,20.70829],[-105.06479,20.71145],[-105.06244,20.71584],[-105.06393,20.71784],[-105.05948,20.71756],[-105.05907,20.72016],[-105.05645,20.72127],[-105.05664,20.72326],[-105.05245,20.72268],[-105.05225,20.72453],[-105.04759,20.72595],[-105.0456,20.72906],[-105.0347,20.73283],[-105.03104,20.73675],[-105.02735,20.73683],[-105.02205,20.74079],[-105.01804,20.73923],[-105.01171,20.74317],[-105.01317,20.7445],[-105.01163,20.74646],[-105.00867,20.74407],[-105.00065,20.74619],[-104.99483,20.74454],[-104.98648,20.74565],[-104.98105,20.74775],[-104.9747,20.75348],[-104.9735,20.75768],[-104.97442,20.75971],[-104.97235,20.76156],[-104.9739,20.76208],[-104.97287,20.76634],[-104.97506,20.76557],[-104.97584,20.76777],[-104.97825,20.76876],[-104.97288,20.77283],[-104.97233,20.77554],[-104.97387,20.7826],[-104.97947,20.78358],[-104.97869,20.787],[-104.98077,20.78796],[-104.98351,20.79541],[-104.98307,20.79963],[-104.99054,20.79822],[-104.99269,20.79912],[-104.99239,20.80118],[-104.99762,20.801],[-105.00097,20.79839],[-105.00219,20.8017],[-105.00118,20.80448],[-105.00375,20.80469],[-105.00463,20.81413],[-105.0133,20.81767],[-105.01627,20.82346],[-105.02037,20.82403],[-105.02217,20.82223],[-105.02284,20.82408],[-105.0271,20.82512],[-105.02748,20.82764],[-105.0291,20.82591],[-105.03036,20.82791],[-105.03613,20.82898],[-105.03713,20.83078],[-105.04134,20.82986],[-105.04543,20.82652],[-105.04635,20.83296],[-105.04413,20.83942],[-105.03984,20.84247],[-105.03783,20.85021],[-105.04133,20.85679],[-105.05297,20.8562],[-105.05418,20.8574],[-105.05191,20.8582],[-105.05264,20.86014],[-105.05078,20.86043],[-105.0505,20.86241],[-105.04775,20.86308],[-105.04892,20.86401],[-105.04287,20.86607],[-105.0434,20.86797],[-105.04196,20.86881],[-105.04428,20.87197],[-105.04413,20.875],[-105.0468,20.87919],[-105.07138,20.89145],[-105.07182,20.89859],[-105.0794,20.90279],[-105.08203,20.90873],[-105.08042,20.9116],[-105.08226,20.91261],[-105.0855,20.92037],[-105.08835,20.92181],[-105.08797,20.92317]]]]}},{"type":"Feature","properties":{"cvegeo":"14066","nombre":"Poncitlán"},"geometry":{"type":"Polygon","coordinates":[[[-103.02475,20.42211],[-103.02918,20.42121],[-103.03434,20.41608],[-103.03274,20.40917],[-103.0339,20.4071],[-103.04662,20.41021],[-103.05942,20.40568],[-103.07865,20.40212],[-103.0843,20.40022],[-103.08229,20.39626],[-103.09231,20.39508],[-103.08871,20.38778],[-103.06679,20.37919],[-103.06329,20.37635],[-103.06366,20.37283],[-103.06621,20.37128],[-103.07203,20.36152],[-103.07816,20.35972],[-103.08696,20.35994],[-103.08834,20.35369],[-103.09783,20.34947],[-103.09785,20.34713],[-103.10256,20.34956],[-103.10657,20.3475],[-103.11573,20.33055],[-103.11262,20.32127],[-103.10453,20.32515],[-103.10253,20.32474],[-103.10153,20.32226],[-103.09776,20.32501],[-103.09383,20.32429],[-103.09364,20.32672],[-103.09096,20.32606],[-103.09002,20.33068],[-103.08255,20.3309],[-103.08055,20.33519],[-103.07832,20.33357],[-103.0745,20.33468],[-103.07248,20.33192],[-103.06475,20.33267],[-103.06444,20.33114],[-103.05867,20.33379],[-103.05941,20.33041],[-103.05517,20.3295],[-103.05126,20.33015],[-103.0506,20.33317],[-103.04191,20.33215],[-103.03694,20.33517],[-103.03386,20.33407],[-103.02542,20.29038],[-103.02295,20.28683],[-103.03682,20.17715],[-103.02507,20.16446],[-103.01979,20.1622],[-103.01375,20.16508],[-103.00342,20.16453],[-102.99757,20.16704],[-102.99748,20.16966],[-102.97212,20.17338],[-102.95201,20.17038],[-102.93838,20.17142],[-102.93027,20.16699],[-102.92133,20.16475],[-102.90783,20.1621],[-102.90185,20.16443],[-102.89463,20.16417],[-102.88688,20.15881],[-102.88148,20.16007],[-102.8755,20.15758],[-102.86595,20.16236],[-102.86245,20.15439],[-102.85231,20.14925],[-102.85291,20.14785],[-102.85574,20.14779],[-102.85701,20.1443],[-102.85499,20.13671],[-102.85012,20.13185],[-102.84606,20.13077],[-102.84542,20.12329],[-102.84067,20.11611],[-102.83749,20.11348],[-102.83516,20.11656],[-102.8243,20.10804],[-102.81629,20.10605],[-102.80726,20.11266],[-102.80187,20.12303],[-102.80743,20.13318],[-102.81925,20.13683],[-102.8152,20.13926],[-102.79351,20.14167],[-102.78892,20.13827],[-102.77615,20.13845],[-102.7744,20.13966],[-102.77618,20.14194],[-102.76705,20.14866],[-102.75724,20.15343],[-102.75249,20.14861],[-102.74878,20.153],[-102.74326,20.15485],[-102.73023,20.16662],[-102.72531,20.16535],[-102.70888,20.16832],[-102.68968,20.16603],[-102.67972,20.1715],[-102.67891,20.18515],[-102.68206,20.19093],[-102.68442,20.21218],[-102.69546,20.21406],[-102.70437,20.21009],[-102.71199,20.21337],[-102.72727,20.21353],[-102.72955,20.21516],[-102.72961,20.21369],[-102.73738,20.21447],[-102.74811,20.21147],[-102.74838,20.21679],[-102.74679,20.21693],[-102.74981,20.22119],[-102.74321,20.22491],[-102.74699,20.22993],[-102.7356,20.29087],[-102.76441,20.29439],[-102.76692,20.29596],[-102.7657,20.29796],[-102.76694,20.29637],[-102.77337,20.3023],[-102.78319,20.31948],[-102.78666,20.32241],[-102.7846,20.32849],[-102.78487,20.33527],[-102.7783,20.34263],[-102.77978,20.34823],[-102.78261,20.34977],[-102.786,20.35566],[-102.78801,20.36521],[-102.79381,20.37211],[-102.81066,20.38274],[-102.82493,20.38816],[-102.83683,20.38898],[-102.84617,20.39309],[-102.85035,20.39251],[-102.85797,20.38803],[-102.88008,20.38695],[-102.88504,20.38248],[-102.89789,20.38137],[-102.91376,20.38254],[-102.92469,20.38614],[-102.93072,20.38616],[-102.93524,20.38812],[-102.93734,20.39263],[-102.94107,20.39553],[-102.94792,20.39599],[-102.95356,20.40223],[-102.96536,20.40326],[-102.98925,20.40141],[-102.9945,20.40273],[-103.00956,20.4108],[-103.02475,20.42211]]]}},{"type":"Feature","properties":{"cvegeo":"14064","nombre":"Ojuelos de Jalisco"},"geometry":{"type":"Polygon","coordinates":[[[-101.80124,22.03027],[-101.80324,22.02972],[-101.8075,22.0232],[-101.81567,22.01998],[-101.8305,22.02153],[-101.84059,22.02664],[-101.86167,22.02888],[-101.86107,22.02209],[-101.85832,22.02103],[-101.86114,22.02111],[-101.86043,22.01703],[-101.86217,22.01469],[-101.86102,22.01068],[-101.86216,22.00878],[-101.86037,22.00789],[-101.86225,22.00615],[-101.86104,21.99875],[-101.86342,21.99293],[-101.86258,21.99136],[-101.89125,21.97659],[-101.89511,21.98449],[-101.89473,21.98966],[-101.90684,21.99201],[-101.9126,21.99749],[-101.90945,21.98902],[-101.90372,21.98583],[-101.90007,21.98672],[-101.89823,21.98326],[-101.89583,21.96333],[-101.89778,21.95839],[-101.89037,21.95095],[-101.8858,21.93261],[-101.88176,21.93813],[-101.88459,21.93922],[-101.87966,21.94389],[-101.87267,21.94651],[-101.86755,21.94514],[-101.86531,21.94751],[-101.8566,21.94315],[-101.84512,21.94417],[-101.83529,21.94177],[-101.838,21.90734],[-101.88021,21.91015],[-101.94124,21.88949],[-101.94019,21.88721],[-101.93516,21.88898],[-101.93393,21.88712],[-101.93134,21.88799],[-101.93026,21.88603],[-101.92688,21.88563],[-101.93227,21.87799],[-101.93368,21.86576],[-101.92847,21.86256],[-101.93238,21.85728],[-101.92636,21.85553],[-101.9231,21.85656],[-101.91803,21.85254],[-101.90691,21.85106],[-101.90663,21.84984],[-101.90417,21.85067],[-101.90313,21.84921],[-101.90162,21.85018],[-101.88976,21.84701],[-101.88801,21.84834],[-101.88242,21.84773],[-101.87971,21.8442],[-101.8726,21.84086],[-101.87107,21.83836],[-101.87184,21.83637],[-101.86948,21.83362],[-101.86297,21.8299],[-101.85619,21.79954],[-101.84491,21.79188],[-101.84378,21.78904],[-101.8369,21.78999],[-101.8329,21.78836],[-101.82907,21.78432],[-101.82626,21.78413],[-101.83193,21.77354],[-101.83785,21.76714],[-101.84775,21.76106],[-101.8472,21.75934],[-101.83833,21.76151],[-101.83543,21.76038],[-101.83199,21.75675],[-101.82981,21.74921],[-101.82747,21.75248],[-101.82529,21.75164],[-101.82278,21.75536],[-101.81471,21.76004],[-101.80745,21.75803],[-101.80564,21.75224],[-101.80038,21.74884],[-101.79686,21.74363],[-101.7994,21.73677],[-101.8049,21.73379],[-101.80148,21.73115],[-101.80075,21.72836],[-101.8177,21.7323],[-101.81921,21.7314],[-101.82096,21.73303],[-101.82216,21.73033],[-101.8082,21.71529],[-101.80408,21.70849],[-101.78891,21.69564],[-101.77461,21.67908],[-101.77225,21.67927],[-101.77187,21.67633],[-101.76199,21.67816],[-101.75122,21.67395],[-101.74329,21.67033],[-101.73223,21.66077],[-101.73484,21.65416],[-101.74037,21.64814],[-101.73545,21.64166],[-101.71624,21.62988],[-101.70491,21.62754],[-101.69391,21.6294],[-101.69375,21.62284],[-101.68692,21.61566],[-101.68168,21.61368],[-101.68103,21.61095],[-101.68175,21.60952],[-101.68384,21.61041],[-101.68117,21.60338],[-101.68445,21.59729],[-101.68569,21.57911],[-101.6805,21.57319],[-101.68007,21.56845],[-101.67325,21.56293],[-101.67892,21.55448],[-101.67394,21.55683],[-101.66544,21.5574],[-101.66371,21.55943],[-101.65894,21.5597],[-101.65675,21.55647],[-101.65759,21.55114],[-101.64138,21.5498],[-101.64397,21.54681],[-101.63887,21.54483],[-101.64082,21.54312],[-101.63915,21.54164],[-101.62831,21.54627],[-101.62594,21.54605],[-101.62429,21.5437],[-101.62278,21.5448],[-101.62319,21.54669],[-101.61914,21.5461],[-101.62189,21.55092],[-101.61607,21.55437],[-101.61725,21.55745],[-101.61044,21.55874],[-101.60726,21.56201],[-101.60981,21.56338],[-101.60655,21.56387],[-101.60663,21.5749],[-101.61216,21.57534],[-101.61041,21.58117],[-101.61231,21.58292],[-101.61098,21.58532],[-101.60788,21.58405],[-101.60713,21.58837],[-101.60525,21.58892],[-101.60287,21.59388],[-101.60097,21.59339],[-101.59577,21.60031],[-101.59524,21.60349],[-101.59697,21.6058],[-101.59526,21.61],[-101.59352,21.61148],[-101.58602,21.60781],[-101.58342,21.61398],[-101.58398,21.6212],[-101.58019,21.62553],[-101.58436,21.63107],[-101.59565,21.63307],[-101.59476,21.63472],[-101.59609,21.63706],[-101.59302,21.63949],[-101.58897,21.65203],[-101.58325,21.6567],[-101.58449,21.66221],[-101.58143,21.667],[-101.58483,21.67021],[-101.58251,21.67065],[-101.58258,21.67261],[-101.57785,21.67698],[-101.56914,21.69231],[-101.57014,21.69628],[-101.57199,21.69522],[-101.57345,21.69939],[-101.58025,21.70349],[-101.58404,21.70957],[-101.57815,21.71189],[-101.5712,21.70642],[-101.57086,21.70431],[-101.55765,21.7351],[-101.56628,21.73341],[-101.57968,21.7364],[-101.58226,21.77265],[-101.58481,21.77163],[-101.58569,21.77878],[-101.56021,21.7799],[-101.53883,21.77733],[-101.51054,21.79906],[-101.51782,21.81476],[-101.51976,21.81298],[-101.52204,21.81802],[-101.52976,21.81311],[-101.52782,21.80918],[-101.53701,21.81046],[-101.54823,21.83409],[-101.56142,21.83605],[-101.56197,21.84001],[-101.56596,21.84203],[-101.56275,21.85539],[-101.56469,21.86416],[-101.56439,21.87234],[-101.56518,21.87645],[-101.56642,21.87637],[-101.56914,21.89473],[-101.56981,21.91708],[-101.57792,21.91585],[-101.5784,21.91709],[-101.58361,21.91558],[-101.58339,21.91449],[-101.59086,21.91543],[-101.59228,21.90964],[-101.59585,21.90996],[-101.61145,21.91923],[-101.61671,21.92945],[-101.62092,21.91762],[-101.62624,21.91459],[-101.62895,21.9109],[-101.63678,21.90774],[-101.64471,21.9098],[-101.64831,21.90718],[-101.6507,21.90768],[-101.64958,21.92029],[-101.65399,21.92416],[-101.65248,21.92442],[-101.65414,21.92737],[-101.65233,21.92778],[-101.65456,21.9306],[-101.65787,21.92979],[-101.6564,21.93357],[-101.65897,21.936],[-101.6571,21.93925],[-101.65967,21.94062],[-101.65914,21.94159],[-101.66911,21.94577],[-101.68291,21.96289],[-101.71066,21.97394],[-101.70912,21.97993],[-101.73232,21.99507],[-101.72997,22.00214],[-101.751,22.01465],[-101.75965,22.00904],[-101.77763,22.0073],[-101.77723,22.01535],[-101.77882,22.01529],[-101.7789,22.0176],[-101.78476,22.02275],[-101.78443,22.0241],[-101.79341,22.02326],[-101.80426,22.02525],[-101.80117,22.02835],[-101.80124,22.03027]]]}},{"type":"Feature","properties":{"cvegeo":"14063","nombre":"Ocotlán"},"geometry":{"type":"Polygon","coordinates":[[[-102.66549,20.48164],[-102.66482,20.48352],[-102.68171,20.48072],[-102.68078,20.46718],[-102.69459,20.4664],[-102.69332,20.45296],[-102.69135,20.44916],[-102.7021,20.44437],[-102.71039,20.43708],[-102.72445,20.43087],[-102.7276,20.42603],[-102.73002,20.42619],[-102.73422,20.43055],[-102.7353,20.43471],[-102.73938,20.43664],[-102.7386,20.44145],[-102.74393,20.4421],[-102.74514,20.44444],[-102.75174,20.44494],[-102.75151,20.43929],[-102.75416,20.43931],[-102.7549,20.43701],[-102.75183,20.43498],[-102.75534,20.43358],[-102.75472,20.43006],[-102.75965,20.43307],[-102.75857,20.43534],[-102.75951,20.43741],[-102.76436,20.43957],[-102.76746,20.44793],[-102.76894,20.44647],[-102.77674,20.44678],[-102.77731,20.44542],[-102.78824,20.44712],[-102.78975,20.44484],[-102.78926,20.43601],[-102.79158,20.43004],[-102.79303,20.42757],[-102.80034,20.42305],[-102.80849,20.41066],[-102.8401,20.41676],[-102.85925,20.41081],[-102.87237,20.40389],[-102.87879,20.39696],[-102.8814,20.39391],[-102.88003,20.3867],[-102.86124,20.38737],[-102.84617,20.39309],[-102.83476,20.38845],[-102.82195,20.38712],[-102.80908,20.38204],[-102.79598,20.37364],[-102.7893,20.36729],[-102.786,20.35566],[-102.77928,20.34716],[-102.7782,20.34178],[-102.78487,20.33527],[-102.7846,20.32849],[-102.78666,20.32241],[-102.78319,20.31948],[-102.77337,20.3023],[-102.76694,20.29637],[-102.7657,20.29796],[-102.76529,20.29745],[-102.76692,20.29596],[-102.76441,20.29439],[-102.7356,20.29087],[-102.73393,20.30047],[-102.73171,20.30233],[-102.73472,20.30733],[-102.73353,20.31],[-102.74007,20.31263],[-102.74288,20.312],[-102.74501,20.31694],[-102.74869,20.31656],[-102.74886,20.31761],[-102.74573,20.31962],[-102.74565,20.32205],[-102.7427,20.32419],[-102.73558,20.33629],[-102.72747,20.34364],[-102.71977,20.34468],[-102.71977,20.34289],[-102.70953,20.34913],[-102.67518,20.35762],[-102.67698,20.36221],[-102.6728,20.36767],[-102.67285,20.37321],[-102.68039,20.3748],[-102.67909,20.37666],[-102.66156,20.37274],[-102.65945,20.37631],[-102.65554,20.3748],[-102.6534,20.37531],[-102.65134,20.37853],[-102.649,20.37749],[-102.64751,20.38062],[-102.64915,20.38212],[-102.64676,20.38141],[-102.64516,20.38729],[-102.63517,20.39659],[-102.6304,20.40391],[-102.62503,20.40494],[-102.62332,20.41069],[-102.60955,20.41963],[-102.60108,20.43091],[-102.60157,20.43792],[-102.59576,20.44435],[-102.59528,20.44742],[-102.60321,20.45594],[-102.60787,20.45495],[-102.60992,20.45288],[-102.61551,20.45417],[-102.62052,20.45781],[-102.6231,20.46639],[-102.62544,20.4675],[-102.63903,20.46259],[-102.64023,20.46342],[-102.64644,20.45724],[-102.65167,20.46158],[-102.65402,20.46583],[-102.65718,20.46728],[-102.65618,20.46937],[-102.65932,20.46939],[-102.65989,20.47304],[-102.66153,20.47337],[-102.6609,20.48008],[-102.66199,20.47934],[-102.66549,20.48164]]]}},{"type":"Feature","properties":{"cvegeo":"14062","nombre":"Mixtlán"},"geometry":{"type":"Polygon","coordinates":[[[-104.53457,20.71104],[-104.54519,20.71039],[-104.54888,20.7063],[-104.5519,20.70591],[-104.55316,20.7019],[-104.56447,20.69427],[-104.56851,20.68965],[-104.57368,20.68752],[-104.57291,20.67989],[-104.57358,20.67807],[-104.57992,20.67547],[-104.57867,20.67299],[-104.57942,20.66699],[-104.58396,20.66769],[-104.58873,20.66554],[-104.59168,20.66298],[-104.59191,20.66027],[-104.59955,20.65758],[-104.60115,20.65565],[-104.59926,20.64913],[-104.59549,20.64633],[-104.59432,20.64331],[-104.59588,20.635],[-104.59878,20.63426],[-104.60281,20.6376],[-104.60915,20.63683],[-104.60695,20.63209],[-104.6043,20.63082],[-104.6078,20.62768],[-104.60627,20.62533],[-104.60977,20.62047],[-104.61017,20.61505],[-104.6172,20.61058],[-104.61823,20.60778],[-104.62339,20.60764],[-104.62684,20.60277],[-104.6291,20.60334],[-104.62579,20.5975],[-104.61995,20.59521],[-104.61971,20.59311],[-104.61594,20.59343],[-104.61635,20.59093],[-104.61055,20.59242],[-104.60544,20.58649],[-104.60628,20.5852],[-104.60445,20.5852],[-104.60496,20.58301],[-104.60335,20.58218],[-104.60136,20.57603],[-104.60399,20.57336],[-104.59999,20.56959],[-104.60016,20.56469],[-104.60217,20.55915],[-104.60638,20.5563],[-104.60824,20.55264],[-104.61961,20.55908],[-104.62218,20.55535],[-104.62139,20.54948],[-104.623,20.54701],[-104.62113,20.54351],[-104.61787,20.53904],[-104.60999,20.53713],[-104.60903,20.53147],[-104.61011,20.53462],[-104.6124,20.53595],[-104.61728,20.53517],[-104.62426,20.52314],[-104.63841,20.52084],[-104.63785,20.51725],[-104.63946,20.51532],[-104.64906,20.51279],[-104.64858,20.51154],[-104.65112,20.50936],[-104.64983,20.50807],[-104.65102,20.5052],[-104.64363,20.50325],[-104.63968,20.50532],[-104.63724,20.50488],[-104.63426,20.50172],[-104.61647,20.49197],[-104.61458,20.48955],[-104.61581,20.48669],[-104.61436,20.48061],[-104.61532,20.47462],[-104.61244,20.47155],[-104.61376,20.46654],[-104.59905,20.4712],[-104.59038,20.47139],[-104.58647,20.46995],[-104.5847,20.47167],[-104.58022,20.4702],[-104.57801,20.46718],[-104.57912,20.46223],[-104.57593,20.4601],[-104.57466,20.45579],[-104.57287,20.4567],[-104.56803,20.4548],[-104.56022,20.45453],[-104.55434,20.45804],[-104.54988,20.46404],[-104.56094,20.47498],[-104.56259,20.47858],[-104.56243,20.48556],[-104.55961,20.48779],[-104.55038,20.48718],[-104.53913,20.49105],[-104.53848,20.49298],[-104.53614,20.49327],[-104.53623,20.49496],[-104.53115,20.49682],[-104.53163,20.49851],[-104.52719,20.49912],[-104.52463,20.5043],[-104.51659,20.51277],[-104.51263,20.51308],[-104.5094,20.51075],[-104.50285,20.5131],[-104.50324,20.50813],[-104.50025,20.5052],[-104.49593,20.5102],[-104.49139,20.50922],[-104.4869,20.5153],[-104.48398,20.51439],[-104.48404,20.51246],[-104.47863,20.51173],[-104.48455,20.50882],[-104.48586,20.50662],[-104.47905,20.5072],[-104.47603,20.50224],[-104.48199,20.4922],[-104.47265,20.47703],[-104.47652,20.47125],[-104.47174,20.47075],[-104.4723,20.46916],[-104.46186,20.46217],[-104.46564,20.45547],[-104.47742,20.45227],[-104.48005,20.44726],[-104.47867,20.44556],[-104.47082,20.44367],[-104.46971,20.44169],[-104.46828,20.44219],[-104.46288,20.43722],[-104.45656,20.43575],[-104.46042,20.4343],[-104.45929,20.43259],[-104.46154,20.43147],[-104.46344,20.42725],[-104.45742,20.4259],[-104.45677,20.4244],[-104.45256,20.4262],[-104.45101,20.42545],[-104.45115,20.42722],[-104.44852,20.42855],[-104.44669,20.42672],[-104.44692,20.42448],[-104.4436,20.42495],[-104.44073,20.42255],[-104.44081,20.42068],[-104.44441,20.42124],[-104.45848,20.41236],[-104.46171,20.40751],[-104.45933,20.40483],[-104.45839,20.40048],[-104.45429,20.40218],[-104.45395,20.39949],[-104.44895,20.39741],[-104.44204,20.39027],[-104.43989,20.39147],[-104.43644,20.38916],[-104.43174,20.38885],[-104.43224,20.38243],[-104.43104,20.38046],[-104.42694,20.37903],[-104.41977,20.36748],[-104.41586,20.3665],[-104.41679,20.36113],[-104.42043,20.35731],[-104.41606,20.35158],[-104.42069,20.34954],[-104.424,20.34431],[-104.42792,20.34481],[-104.42964,20.34337],[-104.43384,20.34448],[-104.43422,20.3429],[-104.43225,20.33815],[-104.42585,20.33747],[-104.42308,20.3345],[-104.41892,20.33303],[-104.40802,20.33651],[-104.39894,20.33379],[-104.39366,20.33628],[-104.39888,20.34075],[-104.39291,20.33978],[-104.39006,20.34245],[-104.39004,20.35719],[-104.38506,20.36363],[-104.3873,20.36899],[-104.38575,20.37084],[-104.37454,20.37234],[-104.36551,20.3758],[-104.35585,20.37485],[-104.34868,20.37178],[-104.34433,20.37449],[-104.34048,20.37325],[-104.33768,20.37497],[-104.32834,20.37418],[-104.32606,20.37818],[-104.32025,20.38121],[-104.32133,20.38375],[-104.32854,20.38651],[-104.32541,20.38878],[-104.32738,20.39012],[-104.32558,20.39659],[-104.3187,20.40454],[-104.3177,20.40783],[-104.32036,20.41212],[-104.31328,20.41372],[-104.31173,20.41782],[-104.30776,20.42148],[-104.30249,20.42139],[-104.29955,20.4196],[-104.29126,20.42075],[-104.28903,20.41852],[-104.28075,20.4175],[-104.27925,20.41449],[-104.27504,20.41413],[-104.27196,20.41178],[-104.26713,20.41845],[-104.26393,20.41952],[-104.26199,20.43047],[-104.25564,20.42891],[-104.25131,20.43088],[-104.25257,20.43189],[-104.24683,20.43642],[-104.24648,20.43187],[-104.24182,20.42449],[-104.23793,20.42667],[-104.23717,20.42356],[-104.23517,20.42297],[-104.23435,20.41813],[-104.23224,20.41654],[-104.23098,20.42344],[-104.22631,20.42361],[-104.22734,20.42146],[-104.22443,20.42325],[-104.21971,20.42131],[-104.2159,20.42308],[-104.21199,20.42249],[-104.2068,20.42666],[-104.20626,20.43438],[-104.20357,20.44215],[-104.20419,20.44533],[-104.19632,20.45006],[-104.18854,20.45182],[-104.18714,20.45369],[-104.19321,20.46093],[-104.19809,20.46183],[-104.19616,20.46339],[-104.19703,20.46439],[-104.20562,20.46918],[-104.21261,20.46828],[-104.21567,20.47234],[-104.21951,20.47175],[-104.22403,20.47645],[-104.22439,20.48029],[-104.23307,20.48872],[-104.23757,20.48976],[-104.24546,20.49466],[-104.24784,20.49409],[-104.24802,20.49613],[-104.25105,20.49658],[-104.2511,20.4948],[-104.24851,20.49374],[-104.24976,20.49222],[-104.25268,20.49395],[-104.25214,20.49658],[-104.25447,20.49737],[-104.25464,20.49562],[-104.25823,20.49307],[-104.26244,20.49581],[-104.26343,20.49448],[-104.26725,20.49569],[-104.26794,20.49725],[-104.26896,20.4963],[-104.28007,20.49855],[-104.27795,20.49493],[-104.2809,20.49054],[-104.27815,20.4886],[-104.27826,20.48635],[-104.27589,20.48418],[-104.27595,20.48209],[-104.27238,20.4798],[-104.27214,20.47741],[-104.27938,20.45871],[-104.30267,20.46893],[-104.30277,20.47071],[-104.30086,20.47066],[-104.30147,20.47222],[-104.30614,20.47339],[-104.30459,20.47543],[-104.30716,20.47592],[-104.30581,20.47817],[-104.30736,20.48079],[-104.31072,20.47878],[-104.31206,20.47579],[-104.31498,20.47788],[-104.31926,20.47789],[-104.32214,20.48206],[-104.32265,20.48686],[-104.31888,20.48964],[-104.31675,20.48929],[-104.31607,20.49359],[-104.32388,20.49927],[-104.32849,20.50038],[-104.32768,20.49899],[-104.32921,20.50029],[-104.33362,20.49847],[-104.34196,20.5015],[-104.33735,20.50759],[-104.34169,20.51093],[-104.34565,20.51027],[-104.34853,20.51317],[-104.35771,20.50693],[-104.36323,20.51089],[-104.37435,20.51253],[-104.37961,20.51834],[-104.3792,20.52012],[-104.39089,20.51454],[-104.40253,20.516],[-104.40743,20.51291],[-104.40278,20.52523],[-104.41519,20.51932],[-104.41768,20.51704],[-104.41673,20.51503],[-104.4179,20.51358],[-104.42302,20.51322],[-104.42922,20.51523],[-104.43117,20.51365],[-104.43594,20.5194],[-104.44014,20.52162],[-104.43974,20.52558],[-104.44365,20.5291],[-104.44416,20.53173],[-104.44806,20.53067],[-104.4551,20.53178],[-104.45219,20.53992],[-104.44717,20.54607],[-104.44477,20.54673],[-104.44396,20.55001],[-104.44629,20.54962],[-104.44937,20.55207],[-104.45411,20.55071],[-104.4583,20.55285],[-104.45845,20.55495],[-104.46039,20.5547],[-104.46247,20.55781],[-104.46095,20.56575],[-104.46627,20.57066],[-104.46455,20.57255],[-104.46656,20.57837],[-104.47311,20.57848],[-104.48019,20.58255],[-104.48534,20.58843],[-104.48695,20.59504],[-104.4924,20.59615],[-104.49499,20.59877],[-104.49415,20.60559],[-104.49654,20.6122],[-104.49597,20.61445],[-104.50113,20.61846],[-104.50221,20.62173],[-104.50247,20.62863],[-104.49506,20.62973],[-104.49215,20.62676],[-104.48759,20.62633],[-104.48511,20.62901],[-104.47892,20.64818],[-104.48238,20.64919],[-104.48284,20.65438],[-104.48669,20.652],[-104.49061,20.6534],[-104.495,20.65642],[-104.49643,20.66004],[-104.49872,20.65486],[-104.50348,20.6591],[-104.50935,20.65646],[-104.51132,20.65804],[-104.50987,20.66292],[-104.51981,20.6644],[-104.51696,20.66666],[-104.51647,20.67045],[-104.51876,20.67914],[-104.51339,20.68344],[-104.52073,20.69222],[-104.52414,20.69289],[-104.52162,20.70088],[-104.52432,20.69963],[-104.52792,20.70103],[-104.52829,20.70358],[-104.53454,20.70859],[-104.53457,20.71104]]]}},{"type":"Feature","properties":{"cvegeo":"14061","nombre":"Mezquitic"},"geometry":{"type":"Polygon","coordinates":[[[-103.72582,22.57394],[-103.73845,22.57196],[-103.7445,22.5585],[-103.75311,22.55787],[-103.75529,22.55422],[-103.75924,22.55167],[-103.75998,22.5556],[-103.7691,22.55579],[-103.77385,22.54641],[-103.77739,22.52493],[-103.78315,22.51112],[-103.78566,22.51046],[-103.78514,22.50899],[-103.78355,22.50981],[-103.78505,22.49921],[-103.7838,22.48883],[-103.78698,22.47777],[-103.79561,22.46502],[-103.79918,22.45216],[-103.80152,22.44989],[-103.80275,22.44511],[-103.80626,22.44183],[-103.80805,22.43134],[-103.81018,22.42729],[-103.81009,22.41272],[-103.81326,22.40554],[-103.81246,22.40151],[-103.8087,22.39875],[-103.81164,22.39259],[-103.81301,22.38392],[-103.81115,22.37675],[-103.81746,22.37146],[-103.81753,22.36789],[-103.82681,22.35828],[-103.82617,22.35629],[-103.82788,22.35424],[-103.83062,22.35519],[-103.83746,22.352],[-103.84149,22.3456],[-103.84543,22.34276],[-103.84596,22.33035],[-103.84116,22.32262],[-103.83666,22.30429],[-103.82862,22.28661],[-103.83984,22.26629],[-103.84253,22.26644],[-103.84487,22.26255],[-103.84228,22.25032],[-103.84351,22.23124],[-103.84467,22.23036],[-103.84408,22.22207],[-103.85779,22.18816],[-103.86294,22.16688],[-103.87312,22.1784],[-103.87343,22.18454],[-103.87689,22.19214],[-103.88509,22.19642],[-103.88109,22.2061],[-103.88217,22.21452],[-103.88509,22.21729],[-103.8844,22.22028],[-103.88614,22.22618],[-103.89242,22.22885],[-103.90166,22.23708],[-103.90768,22.25461],[-103.91017,22.25453],[-103.91457,22.26065],[-103.91788,22.26197],[-103.9163,22.26671],[-103.91175,22.27048],[-103.91395,22.27221],[-103.91422,22.27823],[-103.91196,22.27981],[-103.91256,22.28141],[-103.91018,22.28106],[-103.91003,22.28222],[-103.91599,22.28854],[-103.9143,22.28914],[-103.91492,22.29089],[-103.91336,22.29224],[-103.91596,22.29271],[-103.91613,22.30008],[-103.91404,22.3009],[-103.91893,22.30438],[-103.91579,22.31131],[-103.92096,22.31427],[-103.91971,22.31659],[-103.92251,22.3198],[-103.92181,22.32184],[-103.92028,22.32187],[-103.92368,22.32387],[-103.92253,22.32721],[-103.92513,22.33103],[-103.93965,22.32436],[-103.94372,22.32688],[-103.9481,22.32346],[-103.95035,22.32481],[-103.952,22.32874],[-103.95759,22.32752],[-103.96002,22.32907],[-103.96224,22.32225],[-103.96675,22.32038],[-103.96955,22.31711],[-103.97459,22.30612],[-103.9862,22.31026],[-103.99179,22.32035],[-103.99375,22.32008],[-103.99767,22.32566],[-104.00463,22.33077],[-104.0043,22.33378],[-104.00925,22.33737],[-104.01058,22.34643],[-104.01413,22.34948],[-104.01313,22.35232],[-104.01973,22.35948],[-104.02002,22.36225],[-104.02301,22.36366],[-104.02933,22.37108],[-104.03323,22.37081],[-104.04195,22.37584],[-104.04875,22.37644],[-104.05308,22.37179],[-104.05679,22.37209],[-104.06458,22.36331],[-104.06671,22.36413],[-104.06748,22.36141],[-104.07157,22.3618],[-104.07531,22.36439],[-104.08369,22.35783],[-104.09416,22.35505],[-104.09735,22.35782],[-104.09558,22.36585],[-104.09734,22.37082],[-104.09489,22.37631],[-104.08856,22.37889],[-104.08802,22.37465],[-104.08441,22.37445],[-104.07878,22.37691],[-104.07539,22.38313],[-104.08101,22.38978],[-104.07619,22.39878],[-104.07682,22.40719],[-104.07347,22.41324],[-104.07285,22.42026],[-104.07128,22.42224],[-104.06648,22.42689],[-104.06322,22.425],[-104.06164,22.4258],[-104.06357,22.44126],[-104.0586,22.44349],[-104.05767,22.44757],[-104.06224,22.45128],[-104.05745,22.45577],[-104.05157,22.46675],[-104.05191,22.47317],[-104.05568,22.48348],[-104.05451,22.48836],[-104.05659,22.4928],[-104.07171,22.503],[-104.06938,22.50902],[-104.07418,22.51332],[-104.07416,22.51566],[-104.0688,22.522],[-104.07716,22.53178],[-104.08188,22.53356],[-104.10271,22.53145],[-104.10479,22.53002],[-104.10658,22.52325],[-104.10999,22.52282],[-104.11498,22.51788],[-104.12038,22.51748],[-104.12077,22.51563],[-104.11257,22.50923],[-104.11327,22.50707],[-104.11154,22.5035],[-104.11297,22.50386],[-104.11522,22.49959],[-104.11351,22.49661],[-104.12135,22.49668],[-104.12455,22.50248],[-104.14309,22.50465],[-104.14982,22.50974],[-104.15041,22.51628],[-104.152,22.51465],[-104.15661,22.51521],[-104.15694,22.5101],[-104.15835,22.50933],[-104.16377,22.51438],[-104.17056,22.50723],[-104.17483,22.50754],[-104.17805,22.5053],[-104.18242,22.50767],[-104.18534,22.50669],[-104.1865,22.50823],[-104.19023,22.50761],[-104.19265,22.50379],[-104.19505,22.50368],[-104.19366,22.49983],[-104.19896,22.49495],[-104.20233,22.48872],[-104.2017,22.48696],[-104.20753,22.48546],[-104.20879,22.48338],[-104.21495,22.48391],[-104.21129,22.48141],[-104.20119,22.48302],[-104.19887,22.48046],[-104.20492,22.47191],[-104.20043,22.47297],[-104.1973,22.47712],[-104.19521,22.47294],[-104.19324,22.47544],[-104.19078,22.47038],[-104.18833,22.4701],[-104.18996,22.46825],[-104.18704,22.46984],[-104.18636,22.47179],[-104.18573,22.47141],[-104.18765,22.46823],[-104.18498,22.46462],[-104.19574,22.4622],[-104.1979,22.46062],[-104.19821,22.4563],[-104.19987,22.45631],[-104.1951,22.44763],[-104.19012,22.44609],[-104.18488,22.44838],[-104.18151,22.44801],[-104.17956,22.45005],[-104.17507,22.44678],[-104.17506,22.44249],[-104.16749,22.44515],[-104.16997,22.44091],[-104.17225,22.44042],[-104.17174,22.43809],[-104.17356,22.43765],[-104.17475,22.43366],[-104.17403,22.43214],[-104.17605,22.43173],[-104.17382,22.42955],[-104.17638,22.42886],[-104.17593,22.42737],[-104.17886,22.42743],[-104.17737,22.423],[-104.17442,22.42084],[-104.17193,22.41012],[-104.17371,22.40826],[-104.16825,22.40489],[-104.16469,22.39165],[-104.16739,22.38736],[-104.1777,22.38963],[-104.19017,22.39907],[-104.19304,22.39912],[-104.1952,22.40412],[-104.19919,22.4073],[-104.2016,22.41628],[-104.20704,22.4217],[-104.21495,22.42277],[-104.21652,22.42108],[-104.22075,22.4211],[-104.22572,22.41934],[-104.23001,22.41455],[-104.23357,22.41509],[-104.23866,22.41206],[-104.24098,22.41277],[-104.25304,22.39498],[-104.25174,22.39399],[-104.25444,22.39248],[-104.25302,22.3866],[-104.25725,22.38614],[-104.25834,22.38466],[-104.25935,22.37805],[-104.25509,22.37328],[-104.25667,22.35933],[-104.25518,22.35774],[-104.25474,22.34879],[-104.26266,22.34563],[-104.2653,22.34659],[-104.26606,22.34339],[-104.27376,22.34277],[-104.2856,22.34566],[-104.29274,22.34397],[-104.29526,22.34755],[-104.29838,22.34781],[-104.29302,22.33073],[-104.29455,22.32832],[-104.29921,22.32792],[-104.29926,22.32577],[-104.29274,22.32003],[-104.29464,22.31413],[-104.29265,22.30739],[-104.28925,22.30699],[-104.28484,22.30265],[-104.28487,22.29709],[-104.28978,22.29356],[-104.29026,22.28682],[-104.28876,22.28564],[-104.29245,22.28503],[-104.29564,22.27691],[-104.30012,22.27587],[-104.30029,22.27292],[-104.30284,22.27173],[-104.30673,22.26495],[-104.3108,22.26331],[-104.3155,22.25673],[-104.31906,22.25655],[-104.32239,22.25383],[-104.3238,22.25026],[-104.32868,22.24536],[-104.3285,22.23863],[-104.3259,22.23179],[-104.33201,22.22835],[-104.33391,22.21582],[-104.3398,22.21323],[-104.34136,22.20956],[-104.34029,22.20589],[-104.33184,22.19979],[-104.33608,22.19421],[-104.33655,22.18672],[-104.34615,22.18025],[-104.34833,22.17634],[-104.35057,22.17589],[-104.34942,22.16978],[-104.35627,22.16543],[-104.35408,22.15669],[-104.35456,22.15121],[-104.36156,22.1367],[-104.36114,22.12792],[-104.36386,22.12214],[-104.36471,22.11244],[-104.36982,22.10807],[-104.37319,22.10256],[-104.36924,22.09648],[-104.36665,22.08753],[-104.36823,22.08296],[-104.36348,22.07414],[-104.36349,22.06002],[-104.36154,22.05285],[-104.36776,22.0452],[-104.36503,22.03628],[-104.36663,22.03442],[-104.36601,22.0296],[-104.36891,22.02864],[-104.36786,22.02558],[-104.36904,22.02456],[-104.36725,22.02399],[-104.36798,22.02139],[-104.36657,22.01999],[-104.36131,22.01943],[-104.36004,22.01506],[-104.36003,22.01042],[-104.36216,22.00967],[-104.36248,22.00617],[-104.36759,21.99742],[-104.36871,21.9928],[-104.36701,21.9868],[-104.37009,21.9838],[-104.3694,21.98204],[-104.37108,21.97999],[-104.36986,21.97478],[-104.36709,21.97276],[-104.36513,21.97437],[-104.35715,21.97211],[-104.34358,21.97466],[-104.34087,21.97776],[-104.33592,21.97982],[-104.32686,21.97537],[-104.32509,21.97763],[-104.32491,21.98413],[-104.31979,21.9842],[-104.31506,21.9908],[-104.30814,21.98862],[-104.3023,21.99818],[-104.29408,22.00276],[-104.29174,22.00202],[-104.28938,21.99841],[-104.28562,22.00001],[-104.28138,21.99966],[-104.27618,21.98766],[-104.27776,21.98361],[-104.27545,21.98062],[-104.26598,21.97691],[-104.26202,21.97686],[-104.2585,21.97224],[-104.24601,21.96694],[-104.2413,21.97],[-104.2339,21.96919],[-104.21274,21.98288],[-104.20266,21.98277],[-104.19492,21.98599],[-104.17973,21.97705],[-104.17366,21.97088],[-104.1737,21.96339],[-104.17644,21.95705],[-104.17692,21.94886],[-104.17941,21.94556],[-104.17872,21.93902],[-104.18843,21.92821],[-104.1888,21.919],[-104.20024,21.90947],[-104.19969,21.9035],[-104.20157,21.89837],[-104.19997,21.89427],[-104.19196,21.89265],[-104.1875,21.88851],[-104.18494,21.88938],[-104.18477,21.89211],[-104.17832,21.89649],[-104.17846,21.8926],[-104.17745,21.89511],[-104.16742,21.89372],[-104.16509,21.89493],[-104.16029,21.89889],[-104.15893,21.90423],[-104.15635,21.90592],[-104.15432,21.91186],[-104.15528,21.91402],[-104.15397,21.91994],[-104.14817,21.92458],[-104.14183,21.92029],[-104.13477,21.90563],[-104.1292,21.90522],[-104.12096,21.90992],[-104.11545,21.91028],[-104.119,21.90849],[-104.12326,21.90241],[-104.12206,21.89944],[-104.1234,21.89701],[-104.12079,21.89508],[-104.11578,21.89524],[-104.113,21.89976],[-104.10948,21.8982],[-104.10365,21.89852],[-104.09835,21.89578],[-104.09836,21.89818],[-104.09405,21.89284],[-104.09079,21.89251],[-104.08829,21.88986],[-104.0862,21.89365],[-104.0835,21.8939],[-104.085,21.89544],[-104.0836,21.90224],[-104.07827,21.91237],[-104.06963,21.91706],[-104.06837,21.92301],[-104.06372,21.927],[-104.06076,21.94291],[-104.04828,21.95275],[-104.03835,21.94708],[-104.03051,21.93937],[-104.02492,21.93988],[-104.02295,21.93653],[-104.01997,21.93542],[-104.01844,21.93104],[-104.01485,21.92918],[-104.0067,21.93315],[-104.00029,21.93385],[-103.99463,21.94512],[-103.97773,21.95078],[-103.97405,21.94564],[-103.9699,21.94316],[-103.95816,21.94475],[-103.9583,21.94023],[-103.96233,21.93791],[-103.96331,21.93478],[-103.96026,21.93685],[-103.9523,21.93559],[-103.94914,21.9344],[-103.94512,21.93],[-103.94061,21.92906],[-103.93832,21.93125],[-103.93841,21.94207],[-103.94264,21.94575],[-103.93754,21.94764],[-103.93386,21.95104],[-103.93039,21.94806],[-103.93013,21.94502],[-103.92536,21.94327],[-103.92437,21.93692],[-103.92005,21.93479],[-103.92166,21.94216],[-103.91791,21.94576],[-103.91778,21.94886],[-103.92232,21.95102],[-103.91774,21.96209],[-103.92406,21.96969],[-103.92469,21.97246],[-103.91934,21.97503],[-103.91924,21.97672],[-103.91468,21.98026],[-103.91019,21.98184],[-103.9059,21.98869],[-103.9097,21.99149],[-103.90906,21.99442],[-103.91185,22.0003],[-103.91147,22.00297],[-103.91879,22.01055],[-103.91916,22.01463],[-103.91447,22.01839],[-103.89315,22.02039],[-103.88965,22.02219],[-103.88833,22.02698],[-103.88662,22.01525],[-103.88245,22.00378],[-103.88011,22.0042],[-103.87675,22.00812],[-103.86895,22.01071],[-103.85258,22.00996],[-103.84414,22.014],[-103.83991,22.01074],[-103.82516,22.0124],[-103.82027,22.01572],[-103.81761,22.01999],[-103.80688,22.02391],[-103.80093,22.03084],[-103.8052,22.03895],[-103.80911,22.0422],[-103.81036,22.04698],[-103.81629,22.04786],[-103.81865,22.0548],[-103.8214,22.05562],[-103.8208,22.05768],[-103.82313,22.05873],[-103.82187,22.06146],[-103.82944,22.06405],[-103.83014,22.06665],[-103.83633,22.06805],[-103.83667,22.07046],[-103.84457,22.07145],[-103.846,22.07449],[-103.8449,22.07731],[-103.84643,22.08258],[-103.84564,22.08777],[-103.83871,22.09846],[-103.83667,22.11596],[-103.83093,22.11981],[-103.83087,22.12577],[-103.83303,22.1292],[-103.83612,22.12969],[-103.84027,22.13923],[-103.83359,22.14679],[-103.83088,22.13819],[-103.82741,22.13968],[-103.82079,22.1385],[-103.81485,22.13994],[-103.81145,22.14276],[-103.80715,22.14304],[-103.80448,22.14565],[-103.80856,22.15106],[-103.80003,22.15524],[-103.79256,22.15523],[-103.79274,22.15839],[-103.78738,22.16807],[-103.7744,22.17208],[-103.77159,22.17039],[-103.77372,22.16624],[-103.76585,22.16844],[-103.76487,22.16334],[-103.76103,22.16087],[-103.7634,22.15642],[-103.75726,22.15535],[-103.75642,22.15337],[-103.74757,22.15241],[-103.74074,22.15735],[-103.73792,22.15321],[-103.73422,22.15504],[-103.73346,22.15983],[-103.73065,22.16132],[-103.73215,22.16297],[-103.73114,22.16411],[-103.73233,22.16573],[-103.73086,22.16615],[-103.73191,22.16796],[-103.73044,22.16883],[-103.73078,22.17068],[-103.72811,22.172],[-103.72432,22.16959],[-103.72465,22.16637],[-103.72221,22.16304],[-103.71275,22.1583],[-103.70698,22.16005],[-103.70315,22.15137],[-103.69895,22.14814],[-103.69899,22.14691],[-103.70251,22.14684],[-103.704,22.14486],[-103.70229,22.14117],[-103.70549,22.13544],[-103.70399,22.13165],[-103.69995,22.13207],[-103.69854,22.13046],[-103.70123,22.1269],[-103.69687,22.12697],[-103.69269,22.12936],[-103.6908,22.12828],[-103.68813,22.13317],[-103.68203,22.13516],[-103.67754,22.14127],[-103.67614,22.14875],[-103.661,22.16696],[-103.65447,22.17194],[-103.65892,22.17522],[-103.65663,22.1813],[-103.65776,22.18384],[-103.65576,22.18483],[-103.6561,22.18614],[-103.65252,22.18717],[-103.64901,22.19614],[-103.64912,22.20206],[-103.64724,22.20159],[-103.64768,22.20305],[-103.64111,22.20982],[-103.63935,22.21819],[-103.63642,22.22102],[-103.636,22.22828],[-103.6309,22.23892],[-103.61737,22.25106],[-103.6028,22.26996],[-103.5949,22.27308],[-103.60094,22.27816],[-103.60771,22.27974],[-103.61069,22.27896],[-103.61923,22.28179],[-103.62346,22.28747],[-103.62562,22.28811],[-103.6285,22.29395],[-103.63779,22.29523],[-103.64475,22.31497],[-103.64496,22.31784],[-103.63818,22.33517],[-103.63827,22.33717],[-103.64211,22.34087],[-103.63495,22.34348],[-103.62742,22.3404],[-103.6214,22.34071],[-103.612,22.33796],[-103.60671,22.33831],[-103.6048,22.34014],[-103.60264,22.34632],[-103.60948,22.3527],[-103.61069,22.35984],[-103.60981,22.36154],[-103.60284,22.3609],[-103.60034,22.37029],[-103.59756,22.37453],[-103.59593,22.38319],[-103.59276,22.38928],[-103.59441,22.39458],[-103.59402,22.40721],[-103.58963,22.40697],[-103.5855,22.40937],[-103.57842,22.4105],[-103.57102,22.41822],[-103.5607,22.42282],[-103.55919,22.42843],[-103.56406,22.43083],[-103.56496,22.43513],[-103.56766,22.43779],[-103.57253,22.43754],[-103.57219,22.44107],[-103.56891,22.44627],[-103.5707,22.45307],[-103.5699,22.45557],[-103.57391,22.46108],[-103.57258,22.46454],[-103.57391,22.46656],[-103.57208,22.46671],[-103.57083,22.46917],[-103.57363,22.47306],[-103.5806,22.4774],[-103.57993,22.48051],[-103.58246,22.48879],[-103.57908,22.49096],[-103.58041,22.49547],[-103.57933,22.4962],[-103.58019,22.49872],[-103.58337,22.49871],[-103.58627,22.50205],[-103.58902,22.50159],[-103.5946,22.50545],[-103.58902,22.50808],[-103.5885,22.51443],[-103.58422,22.51882],[-103.58373,22.52197],[-103.58528,22.52528],[-103.59933,22.52637],[-103.60237,22.53569],[-103.60476,22.53841],[-103.60303,22.54351],[-103.606,22.54568],[-103.60448,22.55145],[-103.60212,22.55191],[-103.60276,22.55679],[-103.60975,22.55972],[-103.61178,22.55842],[-103.61749,22.56037],[-103.61853,22.56367],[-103.62238,22.56357],[-103.62816,22.56194],[-103.63048,22.55932],[-103.63623,22.56002],[-103.64617,22.55483],[-103.65157,22.55648],[-103.65454,22.5547],[-103.65594,22.55163],[-103.65965,22.55027],[-103.66101,22.54714],[-103.67259,22.56113],[-103.67416,22.56127],[-103.68179,22.5548],[-103.68693,22.55835],[-103.694,22.55861],[-103.70085,22.56303],[-103.71152,22.56455],[-103.72582,22.57394]]]}},{"type":"Feature","properties":{"cvegeo":"14060","nombre":"Mexticacán"},"geometry":{"type":"Polygon","coordinates":[[[-102.72874,21.38731],[-102.72931,21.37436],[-102.73266,21.36916],[-102.72796,21.35709],[-102.7349,21.35298],[-102.74046,21.3466],[-102.75098,21.34566],[-102.75777,21.33919],[-102.75925,21.33544],[-102.75526,21.33342],[-102.75523,21.33101],[-102.7589,21.3275],[-102.75528,21.32316],[-102.75876,21.32047],[-102.77182,21.31601],[-102.77485,21.31757],[-102.78371,21.32952],[-102.78892,21.32951],[-102.79137,21.32795],[-102.7985,21.30691],[-102.80574,21.32024],[-102.80773,21.32272],[-102.81196,21.32372],[-102.8157,21.31883],[-102.8176,21.31854],[-102.81607,21.31067],[-102.81806,21.30717],[-102.81769,21.29967],[-102.81516,21.29467],[-102.8371,21.30341],[-102.83974,21.30157],[-102.83993,21.29813],[-102.84291,21.29759],[-102.84421,21.29404],[-102.84878,21.29318],[-102.84973,21.29021],[-102.85079,21.28139],[-102.8468,21.28017],[-102.84483,21.27733],[-102.852,21.27546],[-102.8594,21.27048],[-102.85883,21.26653],[-102.86354,21.26088],[-102.861,21.2567],[-102.86111,21.25543],[-102.86332,21.25555],[-102.86356,21.25294],[-102.86108,21.2511],[-102.86055,21.24175],[-102.85333,21.23456],[-102.85827,21.23443],[-102.85849,21.23192],[-102.84912,21.22909],[-102.848,21.23208],[-102.84621,21.23181],[-102.84746,21.22721],[-102.8506,21.22571],[-102.8491,21.22261],[-102.83973,21.22697],[-102.83716,21.22302],[-102.8331,21.22185],[-102.83071,21.20913],[-102.82504,21.20705],[-102.82486,21.20139],[-102.82214,21.20126],[-102.81802,21.19756],[-102.81812,21.1961],[-102.82113,21.19517],[-102.82058,21.18804],[-102.81746,21.18692],[-102.81683,21.18334],[-102.81426,21.18182],[-102.81188,21.17125],[-102.80991,21.17106],[-102.80944,21.1741],[-102.80536,21.16945],[-102.79635,21.17265],[-102.79272,21.16982],[-102.78976,21.17055],[-102.78524,21.17528],[-102.78411,21.18523],[-102.77463,21.18368],[-102.77076,21.1841],[-102.76877,21.18607],[-102.7692,21.18981],[-102.77459,21.19051],[-102.77644,21.19266],[-102.77636,21.19579],[-102.77307,21.19803],[-102.76005,21.19895],[-102.75225,21.19232],[-102.75258,21.18883],[-102.75027,21.18792],[-102.74713,21.19083],[-102.74786,21.19813],[-102.74596,21.20161],[-102.74369,21.20091],[-102.7364,21.19288],[-102.73373,21.19211],[-102.71888,21.19838],[-102.71631,21.20103],[-102.71661,21.20585],[-102.72569,21.21221],[-102.72683,21.21499],[-102.72279,21.22443],[-102.72051,21.22361],[-102.72051,21.21931],[-102.71833,21.21641],[-102.71143,21.21624],[-102.70476,21.21088],[-102.69547,21.20741],[-102.69331,21.20357],[-102.69357,21.20073],[-102.70142,21.19542],[-102.70174,21.19336],[-102.70068,21.19162],[-102.69365,21.18946],[-102.69167,21.19087],[-102.6906,21.19542],[-102.68362,21.19885],[-102.67741,21.20732],[-102.67089,21.21073],[-102.66522,21.21787],[-102.65959,21.2174],[-102.65535,21.21886],[-102.6513,21.21584],[-102.65008,21.21289],[-102.64613,21.2126],[-102.64468,21.21406],[-102.65088,21.22255],[-102.65083,21.23039],[-102.65706,21.23574],[-102.65551,21.25023],[-102.65313,21.25145],[-102.65199,21.2556],[-102.65713,21.26997],[-102.6544,21.277],[-102.67219,21.28485],[-102.67382,21.2912],[-102.67244,21.29577],[-102.67614,21.29553],[-102.69257,21.31387],[-102.70537,21.31917],[-102.70062,21.32547],[-102.68755,21.33374],[-102.68184,21.33916],[-102.68437,21.34308],[-102.69409,21.34071],[-102.69828,21.34327],[-102.70103,21.34825],[-102.69975,21.3494],[-102.70092,21.35193],[-102.69928,21.3565],[-102.70191,21.36379],[-102.7112,21.37467],[-102.7141,21.38056],[-102.72055,21.3811],[-102.72432,21.38674],[-102.72874,21.38731]]]}},{"type":"Feature","properties":{"cvegeo":"14059","nombre":"Mazamitla"},"geometry":{"type":"Polygon","coordinates":[[[-103.05835,19.99446],[-103.05892,19.99198],[-103.06472,19.98907],[-103.06481,19.98613],[-103.06749,19.98427],[-103.06377,19.97741],[-103.06429,19.97415],[-103.06926,19.97539],[-103.07357,19.97372],[-103.07733,19.96925],[-103.07842,19.97072],[-103.08144,19.96917],[-103.0834,19.96186],[-103.08625,19.96423],[-103.09023,19.96313],[-103.09664,19.96827],[-103.1071,19.97117],[-103.11949,19.96808],[-103.13232,19.96707],[-103.13978,19.97221],[-103.14789,19.97522],[-103.15378,19.96837],[-103.15547,19.96237],[-103.1582,19.9608],[-103.15722,19.95812],[-103.1583,19.95199],[-103.15235,19.94203],[-103.15054,19.92969],[-103.15584,19.92556],[-103.16075,19.92729],[-103.16222,19.92604],[-103.16145,19.92109],[-103.16446,19.91697],[-103.16621,19.91789],[-103.16766,19.91545],[-103.166,19.91035],[-103.17041,19.90222],[-103.16913,19.90112],[-103.16474,19.90257],[-103.16679,19.88283],[-103.16451,19.87962],[-103.16581,19.87765],[-103.16772,19.87881],[-103.16719,19.87996],[-103.17532,19.88013],[-103.18006,19.88492],[-103.18396,19.88355],[-103.19145,19.8772],[-103.19455,19.87673],[-103.19458,19.8747],[-103.19208,19.87101],[-103.19307,19.86917],[-103.18483,19.85945],[-103.17626,19.85454],[-103.15526,19.85313],[-103.1567,19.84719],[-103.14802,19.84384],[-103.14583,19.84457],[-103.14552,19.84322],[-103.13081,19.84692],[-103.12637,19.85673],[-103.12328,19.85639],[-103.1143,19.86056],[-103.11277,19.8587],[-103.1011,19.85626],[-103.09764,19.8506],[-103.0937,19.84798],[-103.09733,19.84419],[-103.09294,19.83565],[-103.09325,19.83327],[-103.09165,19.83422],[-103.09189,19.83313],[-103.08918,19.83303],[-103.08772,19.83024],[-103.0823,19.82976],[-103.08024,19.83104],[-103.07861,19.82814],[-103.07379,19.83061],[-103.06901,19.82485],[-103.06482,19.82383],[-103.06059,19.81991],[-103.05858,19.81448],[-103.05605,19.8129],[-103.05064,19.8151],[-103.04638,19.80937],[-103.04669,19.8051],[-103.03677,19.80916],[-103.03147,19.80731],[-103.02053,19.80002],[-103.02006,19.79389],[-103.01675,19.78774],[-103.01082,19.78926],[-103.0083,19.79155],[-103.00785,19.79023],[-103.00971,19.78859],[-103.00879,19.78788],[-102.99879,19.78521],[-102.99587,19.79025],[-102.9962,19.79436],[-102.99817,19.79385],[-102.99796,19.79865],[-103.00103,19.80217],[-102.99925,19.80316],[-102.99854,19.80754],[-102.99734,19.80621],[-102.99675,19.8096],[-102.9934,19.81394],[-102.99118,19.8145],[-102.99279,19.81795],[-102.99048,19.82001],[-102.99024,19.82438],[-102.98207,19.8281],[-102.98159,19.83011],[-102.98681,19.84302],[-102.98208,19.84624],[-102.98547,19.85286],[-102.98485,19.85918],[-102.99399,19.87024],[-102.9802,19.86886],[-102.97797,19.87652],[-102.97918,19.87841],[-102.98666,19.87815],[-102.98697,19.882],[-102.99783,19.8917],[-102.9934,19.90754],[-102.9941,19.91893],[-102.99047,19.93567],[-102.99356,19.93435],[-103.00078,19.93511],[-103.00102,19.93859],[-102.99987,19.93873],[-103.00325,19.94075],[-103.00632,19.94052],[-103.00635,19.95049],[-103.00865,19.95705],[-103.01219,19.95937],[-103.02078,19.96045],[-103.02166,19.96221],[-103.02522,19.96049],[-103.02609,19.96416],[-103.02938,19.96744],[-103.03478,19.96791],[-103.0406,19.97894],[-103.04545,19.98359],[-103.04935,19.99067],[-103.0515,19.99161],[-103.05028,19.99658],[-103.05835,19.99446]]]}},{"type":"Feature","properties":{"cvegeo":"14058","nombre":"Mascota"},"geometry":{"type":"Polygon","coordinates":[[[-104.58913,20.84046],[-104.5897,20.83874],[-104.59557,20.84037],[-104.59996,20.83808],[-104.60325,20.83354],[-104.60077,20.82859],[-104.60231,20.82832],[-104.60232,20.83052],[-104.60423,20.83042],[-104.60516,20.8281],[-104.60835,20.8314],[-104.61561,20.82998],[-104.62403,20.83319],[-104.63074,20.82528],[-104.63235,20.83701],[-104.63736,20.83725],[-104.64254,20.83501],[-104.64707,20.83864],[-104.64908,20.8379],[-104.65076,20.83247],[-104.64595,20.82062],[-104.64902,20.81896],[-104.64883,20.81711],[-104.65091,20.81562],[-104.6522,20.81251],[-104.65022,20.81149],[-104.65044,20.80961],[-104.65452,20.80203],[-104.65363,20.79323],[-104.65181,20.7905],[-104.65684,20.78728],[-104.66062,20.78244],[-104.66252,20.78291],[-104.66645,20.77985],[-104.66566,20.77776],[-104.66743,20.77637],[-104.66727,20.77413],[-104.66963,20.77283],[-104.66964,20.76982],[-104.67124,20.77018],[-104.67252,20.76827],[-104.67699,20.76872],[-104.6779,20.76359],[-104.67901,20.76547],[-104.68001,20.76404],[-104.68234,20.76442],[-104.68146,20.76262],[-104.6838,20.76284],[-104.68372,20.76111],[-104.68872,20.75866],[-104.68833,20.75452],[-104.69046,20.75635],[-104.69127,20.75482],[-104.69506,20.75488],[-104.69503,20.75259],[-104.69957,20.75031],[-104.70213,20.75211],[-104.7086,20.74979],[-104.70799,20.74616],[-104.71029,20.74551],[-104.70961,20.74451],[-104.71276,20.73954],[-104.71193,20.73812],[-104.7139,20.73126],[-104.72141,20.73427],[-104.7368,20.733],[-104.73843,20.72503],[-104.73701,20.72272],[-104.73629,20.71098],[-104.73829,20.70977],[-104.73921,20.70089],[-104.74523,20.69914],[-104.74859,20.69938],[-104.75309,20.7023],[-104.75803,20.70169],[-104.76225,20.70661],[-104.77349,20.71115],[-104.77409,20.7152],[-104.77949,20.7128],[-104.78036,20.71595],[-104.78489,20.71586],[-104.79192,20.72004],[-104.81142,20.72072],[-104.8219,20.72419],[-104.82092,20.72138],[-104.82197,20.71883],[-104.82336,20.71906],[-104.8242,20.71185],[-104.82238,20.70558],[-104.82871,20.69613],[-104.831,20.69606],[-104.83483,20.70083],[-104.8409,20.70188],[-104.84231,20.70354],[-104.86511,20.69586],[-104.87096,20.69918],[-104.87562,20.69118],[-104.87441,20.68728],[-104.87683,20.68911],[-104.87699,20.69132],[-104.88057,20.69247],[-104.88453,20.69838],[-104.88758,20.69865],[-104.89073,20.70257],[-104.89285,20.70113],[-104.89193,20.705],[-104.89619,20.70854],[-104.89695,20.71158],[-104.90538,20.71477],[-104.91779,20.71663],[-104.92469,20.71529],[-104.92785,20.71097],[-104.93139,20.71416],[-104.94211,20.70994],[-104.95374,20.69849],[-104.96223,20.69734],[-104.96362,20.69544],[-104.96413,20.69826],[-104.96953,20.70286],[-104.96854,20.70454],[-104.97479,20.70615],[-104.97526,20.71278],[-104.98174,20.72069],[-104.98088,20.72414],[-104.98722,20.72868],[-104.9901,20.73797],[-104.99306,20.73838],[-104.99259,20.74003],[-104.99543,20.74314],[-104.9913,20.74512],[-104.99741,20.74471],[-105.00065,20.74619],[-105.00867,20.74407],[-105.01163,20.74646],[-105.01317,20.7445],[-105.01171,20.74317],[-105.01804,20.73923],[-105.02205,20.74079],[-105.02735,20.73683],[-105.03104,20.73675],[-105.0347,20.73283],[-105.0456,20.72906],[-105.04759,20.72595],[-105.05225,20.72453],[-105.05245,20.72268],[-105.05664,20.72326],[-105.05645,20.72127],[-105.05907,20.72016],[-105.05948,20.71756],[-105.06383,20.71796],[-105.06244,20.71584],[-105.06479,20.71145],[-105.06947,20.70829],[-105.06851,20.70316],[-105.07113,20.70155],[-105.06967,20.69999],[-105.07449,20.69443],[-105.07809,20.69331],[-105.0769,20.69174],[-105.0784,20.68978],[-105.08306,20.68952],[-105.08623,20.69261],[-105.08962,20.69199],[-105.09277,20.68637],[-105.09546,20.68513],[-105.09743,20.68688],[-105.10321,20.68642],[-105.10073,20.69713],[-105.10324,20.69844],[-105.10585,20.69854],[-105.10685,20.69479],[-105.11406,20.69234],[-105.11833,20.69593],[-105.12891,20.6934],[-105.13664,20.69688],[-105.13972,20.69501],[-105.13939,20.69257],[-105.13611,20.69109],[-105.13966,20.68575],[-105.14003,20.68774],[-105.14325,20.68535],[-105.14392,20.6886],[-105.14849,20.68938],[-105.1483,20.69231],[-105.15561,20.69444],[-105.1584,20.69701],[-105.16404,20.69606],[-105.16716,20.68779],[-105.17529,20.68601],[-105.16941,20.68573],[-105.15939,20.68229],[-105.15771,20.67869],[-105.15437,20.67635],[-105.15579,20.67519],[-105.15513,20.66993],[-105.14899,20.67006],[-105.15065,20.66334],[-105.14656,20.65915],[-105.1459,20.65417],[-105.1363,20.65021],[-105.13781,20.64221],[-105.13255,20.63255],[-105.13305,20.62894],[-105.13068,20.62755],[-105.13173,20.62498],[-105.12997,20.62293],[-105.13196,20.6198],[-105.1373,20.61781],[-105.1378,20.61371],[-105.13174,20.61195],[-105.13105,20.60855],[-105.14042,20.60033],[-105.13121,20.59282],[-105.13256,20.58919],[-105.13141,20.58739],[-105.12824,20.58974],[-105.12576,20.58504],[-105.11584,20.58224],[-105.11539,20.57776],[-105.11403,20.57757],[-105.11381,20.56827],[-105.11671,20.56532],[-105.1153,20.565],[-105.11513,20.55827],[-105.11776,20.55046],[-105.11509,20.53215],[-105.1192,20.52672],[-105.10474,20.52885],[-105.09822,20.53543],[-105.09896,20.52328],[-105.1029,20.51996],[-105.1032,20.51703],[-105.11226,20.50556],[-105.1131,20.50117],[-105.10745,20.50032],[-105.10423,20.50217],[-105.1003,20.49932],[-105.09326,20.49953],[-105.08665,20.49436],[-105.08177,20.49298],[-105.08128,20.49115],[-105.07349,20.48591],[-105.07123,20.48955],[-105.06206,20.48979],[-105.05921,20.49215],[-105.05911,20.48969],[-105.05743,20.4905],[-105.05577,20.48552],[-105.04512,20.48513],[-105.05443,20.47773],[-105.05733,20.47707],[-105.05922,20.47003],[-105.05893,20.46317],[-105.05611,20.45846],[-105.05827,20.45636],[-105.05488,20.45572],[-105.05478,20.45362],[-105.052,20.45231],[-105.04587,20.44262],[-105.04133,20.44282],[-105.0368,20.43904],[-105.03477,20.43906],[-105.03113,20.44229],[-105.02785,20.44115],[-105.02262,20.44452],[-105.01622,20.44448],[-105.0156,20.44879],[-105.01306,20.44747],[-105.00713,20.44948],[-105.00317,20.44222],[-104.99698,20.44315],[-104.99176,20.44147],[-104.98731,20.44297],[-104.98677,20.4401],[-104.977,20.43594],[-104.97632,20.44283],[-104.97804,20.44455],[-104.97903,20.45152],[-104.97174,20.45648],[-104.97064,20.46058],[-104.96641,20.46367],[-104.96635,20.46494],[-104.9699,20.46557],[-104.97031,20.4669],[-104.96527,20.47145],[-104.96822,20.47473],[-104.97233,20.47492],[-104.96769,20.4776],[-104.97031,20.47983],[-104.97931,20.4852],[-104.98269,20.48514],[-104.98097,20.48935],[-104.98387,20.49316],[-104.99347,20.49639],[-104.9943,20.49795],[-104.99141,20.49683],[-104.98784,20.49835],[-104.97691,20.50887],[-104.97122,20.50564],[-104.9622,20.50369],[-104.95513,20.5093],[-104.95305,20.50669],[-104.95155,20.50758],[-104.95034,20.50968],[-104.95263,20.51398],[-104.94918,20.51593],[-104.94857,20.51823],[-104.95627,20.52464],[-104.955,20.52659],[-104.95874,20.5301],[-104.95862,20.53324],[-104.96155,20.53478],[-104.94477,20.53414],[-104.92137,20.5396],[-104.9062,20.55542],[-104.90253,20.55731],[-104.90239,20.55542],[-104.90611,20.55264],[-104.90401,20.55068],[-104.9061,20.54528],[-104.89956,20.5441],[-104.89881,20.53897],[-104.90059,20.53625],[-104.89194,20.52785],[-104.88639,20.52564],[-104.87686,20.52983],[-104.87089,20.53492],[-104.86753,20.53006],[-104.86427,20.52891],[-104.86306,20.52089],[-104.85705,20.51526],[-104.85067,20.51091],[-104.8421,20.50772],[-104.8373,20.51291],[-104.83398,20.51193],[-104.8289,20.5089],[-104.82384,20.50205],[-104.82226,20.4951],[-104.81696,20.48621],[-104.8305,20.48329],[-104.83348,20.48097],[-104.82023,20.47481],[-104.81131,20.4678],[-104.81452,20.46167],[-104.81317,20.45501],[-104.8228,20.44985],[-104.82486,20.44553],[-104.81249,20.43404],[-104.81154,20.42918],[-104.80145,20.42246],[-104.80188,20.41856],[-104.80838,20.41157],[-104.78314,20.40531],[-104.7772,20.39988],[-104.76803,20.39619],[-104.76046,20.3964],[-104.75671,20.40039],[-104.75436,20.39982],[-104.75291,20.39262],[-104.76178,20.38078],[-104.76429,20.37004],[-104.76155,20.36772],[-104.76057,20.35971],[-104.75401,20.35515],[-104.74794,20.34785],[-104.73656,20.34781],[-104.73059,20.34225],[-104.7245,20.34153],[-104.72485,20.33863],[-104.72845,20.33596],[-104.73179,20.32984],[-104.7312,20.32525],[-104.73495,20.31827],[-104.73458,20.31386],[-104.73635,20.31058],[-104.72517,20.30379],[-104.72651,20.30164],[-104.7261,20.29637],[-104.72457,20.29621],[-104.72499,20.28573],[-104.7196,20.26861],[-104.71207,20.26844],[-104.7106,20.27018],[-104.70682,20.2662],[-104.69853,20.26704],[-104.68603,20.27221],[-104.68519,20.27823],[-104.68298,20.27525],[-104.67671,20.27223],[-104.67474,20.2828],[-104.66769,20.29115],[-104.66533,20.28909],[-104.66129,20.2947],[-104.65331,20.29641],[-104.6516,20.29938],[-104.6471,20.30167],[-104.64312,20.30142],[-104.63906,20.29768],[-104.63515,20.2981],[-104.63113,20.29604],[-104.63116,20.29939],[-104.63582,20.30927],[-104.6345,20.31731],[-104.62959,20.31829],[-104.63326,20.32105],[-104.63372,20.32321],[-104.63633,20.32344],[-104.63539,20.3275],[-104.63731,20.32905],[-104.63628,20.33522],[-104.63441,20.33695],[-104.62827,20.33779],[-104.62637,20.34082],[-104.62591,20.34547],[-104.62822,20.35102],[-104.62401,20.3521],[-104.62365,20.35568],[-104.61994,20.35822],[-104.61441,20.35853],[-104.6101,20.36484],[-104.60346,20.36733],[-104.60232,20.37818],[-104.60534,20.38578],[-104.61704,20.39312],[-104.62024,20.39894],[-104.62595,20.40015],[-104.62887,20.40452],[-104.63518,20.40519],[-104.64179,20.41355],[-104.63976,20.41417],[-104.63559,20.41073],[-104.62313,20.41397],[-104.61792,20.42277],[-104.61786,20.42816],[-104.60838,20.43052],[-104.60389,20.42939],[-104.60225,20.43173],[-104.6163,20.44021],[-104.61711,20.4453],[-104.61435,20.45594],[-104.61619,20.46253],[-104.61244,20.47155],[-104.61532,20.47462],[-104.61576,20.47782],[-104.61436,20.48061],[-104.61581,20.48669],[-104.61495,20.4903],[-104.63426,20.50172],[-104.63724,20.50488],[-104.63968,20.50532],[-104.64216,20.50324],[-104.64726,20.50518],[-104.65091,20.50463],[-104.64983,20.50807],[-104.65112,20.50936],[-104.64788,20.51361],[-104.63946,20.51532],[-104.63785,20.51725],[-104.63841,20.52084],[-104.62426,20.52314],[-104.61728,20.53517],[-104.6124,20.53595],[-104.61011,20.53462],[-104.60903,20.53147],[-104.60999,20.53713],[-104.61787,20.53904],[-104.62113,20.54351],[-104.623,20.54701],[-104.62139,20.54948],[-104.62218,20.55535],[-104.61961,20.55908],[-104.60824,20.55264],[-104.60638,20.5563],[-104.60217,20.55915],[-104.59992,20.5693],[-104.60387,20.5729],[-104.60136,20.57603],[-104.60335,20.58218],[-104.60496,20.58301],[-104.60445,20.5852],[-104.60628,20.5852],[-104.60544,20.58649],[-104.60948,20.59142],[-104.61055,20.59242],[-104.61674,20.59111],[-104.61594,20.59343],[-104.61971,20.59311],[-104.61995,20.59521],[-104.62579,20.5975],[-104.62932,20.6026],[-104.62684,20.60277],[-104.62339,20.60764],[-104.62168,20.6067],[-104.61789,20.608],[-104.6172,20.61058],[-104.61017,20.61505],[-104.60977,20.62047],[-104.60627,20.62533],[-104.6078,20.62768],[-104.6043,20.63082],[-104.60695,20.63209],[-104.60915,20.63683],[-104.60281,20.6376],[-104.59878,20.63426],[-104.59588,20.635],[-104.59432,20.64331],[-104.59549,20.64633],[-104.59926,20.64913],[-104.60115,20.65565],[-104.59955,20.65758],[-104.59191,20.66027],[-104.59168,20.66298],[-104.58873,20.66554],[-104.58396,20.66769],[-104.57942,20.66699],[-104.57867,20.67299],[-104.57992,20.67547],[-104.57358,20.67807],[-104.57291,20.67989],[-104.57368,20.68752],[-104.56851,20.68965],[-104.56447,20.69427],[-104.55316,20.7019],[-104.5519,20.70591],[-104.54888,20.7063],[-104.54519,20.71039],[-104.53153,20.71104],[-104.53751,20.71746],[-104.53544,20.71906],[-104.53604,20.72098],[-104.5324,20.72357],[-104.5426,20.73473],[-104.53816,20.74133],[-104.53856,20.74295],[-104.54397,20.74678],[-104.54497,20.75004],[-104.54728,20.74952],[-104.54864,20.75307],[-104.55226,20.75381],[-104.55284,20.75173],[-104.55506,20.75242],[-104.55653,20.76249],[-104.56433,20.76117],[-104.56857,20.76261],[-104.57095,20.76864],[-104.56934,20.76919],[-104.56825,20.77401],[-104.56922,20.77582],[-104.57216,20.77549],[-104.57562,20.78005],[-104.57295,20.78028],[-104.57228,20.78244],[-104.5761,20.78387],[-104.58048,20.79161],[-104.58403,20.79453],[-104.58034,20.80377],[-104.57867,20.80439],[-104.5789,20.80818],[-104.58393,20.80958],[-104.58512,20.81237],[-104.58915,20.80973],[-104.59107,20.81133],[-104.59028,20.81468],[-104.59439,20.81784],[-104.59193,20.82532],[-104.59607,20.83547],[-104.595,20.83692],[-104.5903,20.83533],[-104.58762,20.83896],[-104.58913,20.84046]]]}},{"type":"Feature","properties":{"cvegeo":"14113","nombre":"San Gabriel"},"geometry":{"type":"Point","coordinates":[-103.74795,19.70361]}},{"type":"Feature","properties":{"cvegeo":"14057","nombre":"La Manzanilla de la Paz"},"geometry":{"type":"Point","coordinates":[-103.09689,20.02566]}},{"type":"Feature","properties":{"cvegeo":"14056","nombre":"Santa María del Oro"},"geometry":{"type":"Point","coordinates":[-102.86805,19.52519]}},{"type":"Feature","properties":{"cvegeo":"14054","nombre":"El Limón"},"geometry":{"type":"Point","coordinates":[-104.11851,19.85193]}},{"type":"Feature","properties":{"cvegeo":"14053","nombre":"Lagos de Moreno"},"geometry":{"type":"Point","coordinates":[-101.81979,21.53345]}},{"type":"Feature","properties":{"cvegeo":"14052","nombre":"Juchitlán"},"geometry":{"type":"Point","coordinates":[-104.04791,20.06263]}},{"type":"Feature","properties":{"cvegeo":"14051","nombre":"Juanacatlán"},"geometry":{"type":"Point","coordinates":[-103.1507,20.48578]}},{"type":"Feature","properties":{"cvegeo":"14050","nombre":"Jocotepec"},"geometry":{"type":"Point","coordinates":[-103.43693,20.28923]}},{"type":"Feature","properties":{"cvegeo":"14031","nombre":"Chimaltitán"},"geometry":{"type":"Point","coordinates":[-103.67886,21.74105]}},{"type":"Feature","properties":{"cvegeo":"14049","nombre":"Jilotlán de los Dolores"},"geometry":{"type":"Point","coordinates":[-102.89014,19.31647]}},{"type":"Feature","properties":{"cvegeo":"14048","nombre":"Jesús María"},"geometry":{"type":"Point","coordinates":[-102.10761,20.64831]}},{"type":"Feature","properties":{"cvegeo":"14047","nombre":"Jamay"},"geometry":{"type":"Point","coordinates":[-102.6847,20.29334]}},{"type":"Feature","properties":{"cvegeo":"14046","nombre":"Jalostotitlán"},"geometry":{"type":"Point","coordinates":[-102.51041,21.20114]}},{"type":"Feature","properties":{"cvegeo":"14045","nombre":"Ixtlahuacán del Río"},"geometry":{"type":"Point","coordinates":[-103.24995,20.90465]}},{"type":"Feature","properties":{"cvegeo":"14044","nombre":"Ixtlahuacán de los Membrillos"},"geometry":{"type":"Point","coordinates":[-103.20492,20.4038]}},{"type":"Feature","properties":{"cvegeo":"14042","nombre":"Huejuquilla el Alto"},"geometry":{"type":"Point","coordinates":[-103.9301,22.52828]}},{"type":"Feature","properties":{"cvegeo":"14041","nombre":"Huejúcar"},"geometry":{"type":"Point","coordinates":[-103.28313,22.3103]}},{"type":"Feature","properties":{"cvegeo":"14040","nombre":"Hostotipaquillo"},"geometry":{"type":"Point","coordinates":[-104.03924,21.0713]}},{"type":"Feature","properties":{"cvegeo":"14039","nombre":"Guadalajara"},"geometry":{"type":"Point","coordinates":[-103.33563,20.67896]}},{"type":"Feature","properties":{"cvegeo":"14038","nombre":"Guachinango"},"geometry":{"type":"Point","coordinates":[-104.41509,20.69614]}},{"type":"Feature","properties":{"cvegeo":"14037","nombre":"El Grullo"},"geometry":{"type":"Point","coordinates":[-104.17809,19.7958]}},{"type":"Feature","properties":{"cvegeo":"14036","nombre":"Etzatlán"},"geometry":{"type":"Point","coordinates":[-104.13071,20.76136]}},{"type":"Feature","properties":{"cvegeo":"14019","nombre":"Bolaños"},"geometry":{"type":"Point","coordinates":[-103.89352,21.89916]}},{"type":"Feature","properties":{"cvegeo":"14001","nombre":"Acatic"},"geometry":{"type":"Point","coordinates":[-102.91976,20.76957]}},{"type":"Feature","properties":{"cvegeo":"14004","nombre":"Amacueca"},"geometry":{"type":"Point","coordinates":[-103.62991,19.98904]}},{"type":"Feature","properties":{"cvegeo":"14006","nombre":"Ameca"},"geometry":{"type":"Point","coordinates":[-104.06455,20.53475]}},{"type":"Feature","properties":{"cvegeo":"14007","nombre":"San Juanito de Escobedo"},"geometry":{"type":"Point","coordinates":[-103.99275,20.8141]}},{"type":"Feature","properties":{"cvegeo":"14008","nombre":"Arandas"},"geometry":{"type":"Point","coordinates":[-102.31451,20.74901]}},{"type":"Feature","properties":{"cvegeo":"14009","nombre":"El Arenal"},"geometry":{"type":"Point","coordinates":[-103.70489,20.75857]}},{"type":"Feature","properties":{"cvegeo":"14035","nombre":"Encarnación de Díaz"},"geometry":{"type":"Point","coordinates":[-102.18284,21.56761]}},{"type":"Feature","properties":{"cvegeo":"14011","nombre":"Atengo"},"geometry":{"type":"Point","coordinates":[-104.28095,20.32045]}},{"type":"Feature","properties":{"cvegeo":"14016","nombre":"Ayotlán"},"geometry":{"type":"Point","coordinates":[-102.36415,20.47233]}},{"type":"Feature","properties":{"cvegeo":"14018","nombre":"La Barca"},"geometry":{"type":"Point","coordinates":[-102.50299,20.35812]}},{"type":"Feature","properties":{"cvegeo":"14020","nombre":"Cabo Corrientes"},"geometry":{"type":"Point","coordinates":[-105.42424,20.33329]}},{"type":"Feature","properties":{"cvegeo":"14021","nombre":"Casimiro Castillo"},"geometry":{"type":"Point","coordinates":[-104.47503,19.61268]}},{"type":"Feature","properties":{"cvegeo":"14022","nombre":"Cihuatlán"},"geometry":{"type":"Point","coordinates":[-104.60472,19.2639]}},{"type":"Feature","properties":{"cvegeo":"14023","nombre":"Zapotlán el Grande"},"geometry":{"type":"Point","coordinates":[-103.51059,19.69744]}},{"type":"Feature","properties":{"cvegeo":"14024","nombre":"Cocula"},"geometry":{"type":"Point","coordinates":[-103.81775,20.40396]}},{"type":"Feature","properties":{"cvegeo":"14026","nombre":"Concepción de Buenos Aires"},"geometry":{"type":"Point","coordinates":[-103.23199,19.97863]}},{"type":"Feature","properties":{"cvegeo":"14029","nombre":"Cuquío"},"geometry":{"type":"Point","coordinates":[-103.03322,20.949]}},{"type":"Feature","properties":{"cvegeo":"14030","nombre":"Chapala"},"geometry":{"type":"Point","coordinates":[-103.22058,20.27899]}},{"type":"Feature","properties":{"cvegeo":"14032","nombre":"Chiquilistlán"},"geometry":{"type":"Point","coordinates":[-103.88187,20.08039]}},{"type":"Feature","properties":{"cvegeo":"14033","nombre":"Degollado"},"geometry":{"type":"Point","coordinates":[-102.17519,20.45621]}},{"type":"Feature","properties":{"cvegeo":"14034","nombre":"Ejutla"},"geometry":{"type":"Point","coordinates":[-104.13987,19.90074]}},{"type":"Feature","properties":{"cvegeo":"14069","nombre":"Quitupan"},"geometry":{"type":"Point","coordinates":[-102.8871,19.79442]}},{"type":"Feature","properties":{"cvegeo":"14123","nombre":"Zapotlán del Rey"},"geometry":{"type":"Point","coordinates":[-102.92278,20.46523]}},{"type":"Feature","properties":{"cvegeo":"14094","nombre":"Tequila"},"geometry":{"type":"Point","coordinates":[-103.80971,21.11547]}},{"type":"Feature","properties":{"cvegeo":"14095","nombre":"Teuchitlán"},"geometry":{"type":"Point","coordinates":[-103.833,20.68098]}},{"type":"Feature","properties":{"cvegeo":"14096","nombre":"Tizapán el Alto"},"geometry":{"type":"Point","coordinates":[-103.09822,20.10721]}},{"type":"Feature","properties":{"cvegeo":"14097","nombre":"Tlajomulco de Zúñiga"},"geometry":{"type":"Point","coordinates":[-103.39879,20.47939]}},{"type":"Feature","properties":{"cvegeo":"14090","nombre":"Tenamaxtlán"},"geometry":{"type":"Point","coordinates":[-104.1433,20.13399]}},{"type":"Feature","properties":{"cvegeo":"14091","nombre":"Teocaltiche"},"geometry":{"type":"Point","coordinates":[-102.52021,21.48147]}},{"type":"Feature","properties":{"cvegeo":"14092","nombre":"Teocuitatlán de Corona"},"geometry":{"type":"Point","coordinates":[-103.35536,20.11084]}},{"type":"Feature","properties":{"cvegeo":"14122","nombre":"Zapotitlán de Vadillo"},"geometry":{"type":"Point","coordinates":[-103.74894,19.50353]}},{"type":"Feature","properties":{"cvegeo":"14121","nombre":"Zapotiltic"},"geometry":{"type":"Point","coordinates":[-103.36437,19.61819]}},{"type":"Feature","properties":{"cvegeo":"14120","nombre":"Zapopan"},"geometry":{"type":"Point","coordinates":[-103.49129,20.79165]}},{"type":"Feature","properties":{"cvegeo":"14119","nombre":"Zacoalco de Torres"},"geometry":{"type":"Point","coordinates":[-103.56459,20.2351]}},{"type":"Feature","properties":{"cvegeo":"14118","nombre":"Yahualica de González Gallo"},"geometry":{"type":"Point","coordinates":[-102.95156,21.12369]}},{"type":"Feature","properties":{"cvegeo":"14117","nombre":"Cañadas de Obregón"},"geometry":{"type":"Point","coordinates":[-102.70701,21.1677]}},{"type":"Feature","properties":{"cvegeo":"14116","nombre":"Villa Hidalgo"},"geometry":{"type":"Point","coordinates":[-102.58387,21.6623]}},{"type":"Feature","properties":{"cvegeo":"14093","nombre":"Tepatitlán de Morelos"},"geometry":{"type":"Point","coordinates":[-102.67909,20.81569]}},{"type":"Feature","properties":{"cvegeo":"14098","nombre":"San Pedro Tlaquepaque"},"geometry":{"type":"Point","coordinates":[-103.33881,20.59483]}},{"type":"Feature","properties":{"cvegeo":"14099","nombre":"Tolimán"},"geometry":{"type":"Point","coordinates":[-103.97352,19.54453]}},{"type":"Feature","properties":{"cvegeo":"14100","nombre":"Tomatlán"},"geometry":{"type":"Point","coordinates":[-105.1508,19.93684]}},{"type":"Feature","properties":{"cvegeo":"14101","nombre":"Tonalá"},"geometry":{"type":"Point","coordinates":[-103.22262,20.61869]}},{"type":"Feature","properties":{"cvegeo":"14102","nombre":"Tonaya"},"geometry":{"type":"Point","coordinates":[-103.91812,19.86651]}},{"type":"Feature","properties":{"cvegeo":"14103","nombre":"Tonila"},"geometry":{"type":"Point","coordinates":[-103.53012,19.42935]}},{"type":"Feature","properties":{"cvegeo":"14104","nombre":"Totatiche"},"geometry":{"type":"Point","coordinates":[-103.44323,21.9654]}},{"type":"Feature","properties":{"cvegeo":"14105","nombre":"Tototlán"},"geometry":{"type":"Point","coordinates":[-102.74965,20.53788]}},{"type":"Feature","properties":{"cvegeo":"14065","nombre":"Pihuamo"},"geometry":{"type":"Point","coordinates":[-103.38792,19.16938]}},{"type":"Feature","properties":{"cvegeo":"14017","nombre":"Ayutla"},"geometry":{"type":"Point","coordinates":[-104.47396,20.04062]}},{"type":"Feature","properties":{"cvegeo":"14124","nombre":"Zapotlanejo"},"geometry":{"type":"Point","coordinates":[-103.05156,20.64159]}},{"type":"Feature","properties":{"cvegeo":"14012","nombre":"Atenguillo"},"geometry":{"type":"Point","coordinates":[-104.53017,20.33891]}},{"type":"Feature","properties":{"cvegeo":"14106","nombre":"Tuxcacuesco"},"geometry":{"type":"Point","coordinates":[-104.01198,19.68865]}},{"type":"Feature","properties":{"cvegeo":"14107","nombre":"Tuxcueca"},"geometry":{"type":"Point","coordinates":[-103.18961,20.13992]}},{"type":"Feature","properties":{"cvegeo":"14108","nombre":"Tuxpan"},"geometry":{"type":"Point","coordinates":[-103.41141,19.43769]}},{"type":"Feature","properties":{"cvegeo":"14109","nombre":"Unión de San Antonio"},"geometry":{"type":"Point","coordinates":[-102.0012,21.15731]}},{"type":"Feature","properties":{"cvegeo":"14110","nombre":"Unión de Tula"},"geometry":{"type":"Point","coordinates":[-104.22756,20.00421]}},{"type":"Feature","properties":{"cvegeo":"14111","nombre":"Valle de Guadalupe"},"geometry":{"type":"Point","coordinates":[-102.68004,21.04296]}},{"type":"Feature","properties":{"cvegeo":"14112","nombre":"Valle de Juárez"},"geometry":{"type":"Point","coordinates":[-102.98367,19.81545]}},{"type":"Feature","properties":{"cvegeo":"14114","nombre":"Villa Corona"},"geometry":{"type":"Point","coordinates":[-103.68622,20.3899]}},{"type":"Feature","properties":{"cvegeo":"14115","nombre":"Villa Guerrero"},"geometry":{"type":"Point","coordinates":[-103.67924,22.0193]}},{"type":"Feature","properties":{"cvegeo":"14075","nombre":"San Marcos"},"geometry":{"type":"Point","coordinates":[-104.24647,20.82278]}},{"type":"Feature","properties":{"cvegeo":"14077","nombre":"San Martín Hidalgo"},"geometry":{"type":"Point","coordinates":[-103.91186,20.45945]}},{"type":"Feature","properties":{"cvegeo":"14078","nombre":"San Miguel el Alto"},"geometry":{"type":"Point","coordinates":[-102.39346,20.99236]}},{"type":"Feature","properties":{"cvegeo":"14079","nombre":"Gómez Farías"},"geometry":{"type":"Point","coordinates":[-103.41032,19.86018]}},{"type":"Feature","properties":{"cvegeo":"14073","nombre":"San Juan de los Lagos"},"geometry":{"type":"Point","coordinates":[-102.28123,21.25434]}},{"type":"Feature","properties":{"cvegeo":"14074","nombre":"San Julián"},"geometry":{"type":"Point","coordinates":[-102.15831,20.99397]}},{"type":"Feature","properties":{"cvegeo":"14076","nombre":"San Martín de Bolaños"},"geometry":{"type":"Point","coordinates":[-103.79193,21.57234]}},{"type":"Feature","properties":{"cvegeo":"14014","nombre":"Atoyac"},"geometry":{"type":"Point","coordinates":[-103.44742,20.00636]}},{"type":"Feature","properties":{"cvegeo":"14015","nombre":"Autlán de Navarro"},"geometry":{"type":"Point","coordinates":[-104.31827,19.75698]}},{"type":"Feature","properties":{"cvegeo":"14043","nombre":"La Huerta"},"geometry":{"type":"Point","coordinates":[-104.8072,19.49693]}},{"type":"Feature","properties":{"cvegeo":"14055","nombre":"Magdalena"},"geometry":{"type":"Point","coordinates":[-104.11591,20.91064]}},{"type":"Feature","properties":{"cvegeo":"14086","nombre":"Tapalpa"},"geometry":{"type":"Point","coordinates":[-103.77588,19.94706]}},{"type":"Feature","properties":{"cvegeo":"14002","nombre":"Acatlán de Juárez"},"geometry":{"type":"Point","coordinates":[-103.5986,20.41907]}},{"type":"Feature","properties":{"cvegeo":"14003","nombre":"Ahualulco de Mercado"},"geometry":{"type":"Point","coordinates":[-103.97549,20.71061]}},{"type":"Feature","properties":{"cvegeo":"14005","nombre":"Amatitán"},"geometry":{"type":"Point","coordinates":[-103.71044,20.84463]}},{"type":"Feature","properties":{"cvegeo":"14025","nombre":"Colotlán"},"geometry":{"type":"Point","coordinates":[-103.2742,22.09838]}},{"type":"Feature","properties":{"cvegeo":"14027","nombre":"Cuautitlán de García Barragán"},"geometry":{"type":"Point","coordinates":[-104.26415,19.46066]}},{"type":"Feature","properties":{"cvegeo":"14028","nombre":"Cuautla"},"geometry":{"type":"Point","coordinates":[-104.48525,20.20327]}},{"type":"Feature","properties":{"cvegeo":"14010","nombre":"Atemajac de Brizuela"},"geometry":{"type":"Point","coordinates":[-103.7407,20.17952]}},{"type":"Feature","properties":{"cvegeo":"14013","nombre":"Atotonilco el Alto"},"geometry":{"type":"Point","coordinates":[-102.51761,20.54137]}},{"type":"Feature","properties":{"cvegeo":"14125","nombre":"San Ignacio Cerro Gordo"},"geometry":{"type":"Point","coordinates":[-102.51476,20.76952]}},{"type":"Feature","properties":{"cvegeo":"14089","nombre":"Techaluta de Montenegro"},"geometry":{"type":"Point","coordinates":[-103.58022,20.09386]}},{"type":"Feature","properties":{"cvegeo":"14088","nombre":"Tecolotlán"},"geometry":{"type":"Point","coordinates":[-103.98219,20.2754]}},{"type":"Feature","properties":{"cvegeo":"14087","nombre":"Tecalitlán"},"geometry":{"type":"Point","coordinates":[-103.17655,19.23954]}},{"type":"Feature","properties":{"cvegeo":"14085","nombre":"Tamazula de Gordiano"},"geometry":{"type":"Point","coordinates":[-103.17006,19.68545]}},{"type":"Feature","properties":{"cvegeo":"14084","nombre":"Talpa de Allende"},"geometry":{"type":"Point","coordinates":[-104.95211,20.29789]}},{"type":"Feature","properties":{"cvegeo":"14083","nombre":"Tala"},"geometry":{"type":"Point","coordinates":[-103.70737,20.6098]}},{"type":"Feature","properties":{"cvegeo":"14082","nombre":"Sayula"},"geometry":{"type":"Point","coordinates":[-103.60897,19.85731]}},{"type":"Feature","properties":{"cvegeo":"14081","nombre":"Santa María de los Ángeles"},"geometry":{"type":"Point","coordinates":[-103.18914,22.18821]}},{"type":"Feature","properties":{"cvegeo":"14080","nombre":"San Sebastián del Oeste"},"geometry":{"type":"Point","coordinates":[-104.81659,20.85529]}},{"type":"Feature","properties":{"cvegeo":"14072","nombre":"San Diego de Alejandría"},"geometry":{"type":"Point","coordinates":[-102.02613,20.95623]}},{"type":"Feature","properties":{"cvegeo":"14071","nombre":"San Cristóbal de la Barranca"},"geometry":{"type":"Point","coordinates":[-103.5124,21.0463]}},{"type":"Feature","properties":{"cvegeo":"14070","nombre":"El Salto"},"geometry":{"type":"Point","coordinates":[-103.24004,20.53887]}},{"type":"Feature","properties":{"cvegeo":"14068","nombre":"Villa Purificación"},"geometry":{"type":"Point","coordinates":[-104.73279,19.82321]}},{"type":"Feature","properties":{"cvegeo":"14067","nombre":"Puerto Vallarta"},"geometry":{"type":"Point","coordinates":[-105.1814,20.69827]}},{"type":"Feature","properties":{"cvegeo":"14066","nombre":"Poncitlán"},"geometry":{"type":"Point","coordinates":[-102.8818,20.27135]}},{"type":"Feature","properties":{"cvegeo":"14064","nombre":"Ojuelos de Jalisco"},"geometry":{"type":"Point","coordinates":[-101.67919,21.78603]}},{"type":"Feature","properties":{"cvegeo":"14063","nombre":"Ocotlán"},"geometry":{"type":"Point","coordinates":[-102.73367,20.38723]}},{"type":"Feature","properties":{"cvegeo":"14062","nombre":"Mixtlán"},"geometry":{"type":"Point","coordinates":[-104.53355,20.52238]}},{"type":"Feature","properties":{"cvegeo":"14061","nombre":"Mezquitic"},"geometry":{"type":"Point","coordinates":[-104.11034,22.23112]}},{"type":"Feature","properties":{"cvegeo":"14060","nombre":"Mexticacán"},"geometry":{"type":"Point","coordinates":[-102.75167,21.27844]}},{"type":"Feature","properties":{"cvegeo":"14059","nombre":"Mazamitla"},"geometry":{"type":"Point","coordinates":[-103.08083,19.8903]}},{"type":"Feature","properties":{"cvegeo":"14058","nombre":"Mascota"},"geometry":{"type":"Point","coordinates":[-104.76362,20.55314]}}]}